{"level":"ERROR","location":"[get_call:165] fyersModel","message":{"API":"/profile","Error":{"s":"error","code":-8,"message":"Your token has expired. Please generate a token"}},"timestamp":"2026-06-27 18:30:12,401+0530","service":"FyersAPI"}
{"level":"ERROR","location":"[get_call:165] fyersModel","message":{"API":"/history","Error":{"code":-16,"message":"Could not authenticate the user","s":"error"}},"timestamp":"2026-06-27 18:30:14,355+0530","service":"FyersAPI"}
{"level":"ERROR","location":"[get_call:165] fyersModel","message":{"API":"/history","Error":{"code":-16,"message":"Could not authenticate the user","s":"error"}},"timestamp":"2026-06-27 18:30:17,348+0530","service":"FyersAPI"}
{"level":"ERROR","location":"[get_call:165] fyersModel","message":{"API":"/history","Error":{"code":-16,"message":"Could not authenticate the user","s":"error"}},"timestamp":"2026-06-27 18:30:18,244+0530","service":"FyersAPI"}
{"level":"ERROR","location":"[get_call:165] fyersModel","message":{"API":"/profile","Error":{"s":"error","code":-8,"message":"Your token has expired. Please generate a token"}},"timestamp":"2026-06-27 18:32:42,250+0530","service":"FyersAPI"}
{"level":"ERROR","location":"[get_call:165] fyersModel","message":{"API":"/history","Error":{"code":-16,"message":"Could not authenticate the user","s":"error"}},"timestamp":"2026-06-27 18:32:46,232+0530","service":"FyersAPI"}
{"level":"ERROR","location":"[get_call:165] fyersModel","message":{"API":"/history","Error":{"code":-16,"message":"Could not authenticate the user","s":"error"}},"timestamp":"2026-06-27 18:32:51,209+0530","service":"FyersAPI"}
{"level":"ERROR","location":"[get_call:165] fyersModel","message":{"API":"/history","Error":{"code":-16,"message":"Could not authenticate the user","s":"error"}},"timestamp":"2026-06-27 18:32:52,063+0530","service":"FyersAPI"}
{"level":"ERROR","location":"[get_call:165] fyersModel","message":{"API":"/history","Error":{"code":-16,"message":"Could not authenticate the user","s":"error"}},"timestamp":"2026-06-27 18:32:55,156+0530","service":"FyersAPI"}
{"level":"ERROR","location":"[get_call:165] fyersModel","message":{"API":"/quotes","Error":{"message":"Please provide valid token","code":-15,"s":"error"}},"timestamp":"2026-06-27 18:32:56,706+0530","service":"FyersAPI"}
{"level":"ERROR","location":"[get_call:165] fyersModel","message":{"API":"/history","Error":{"code":-16,"message":"Could not authenticate the user","s":"error"}},"timestamp":"2026-06-27 18:32:56,743+0530","service":"FyersAPI"}
{"level":"ERROR","location":"[get_call:165] fyersModel","message":{"API":"/history","Error":{"code":-16,"message":"Could not authenticate the user","s":"error"}},"timestamp":"2026-06-27 18:33:00,060+0530","service":"FyersAPI"}
{"level":"ERROR","location":"[get_call:165] fyersModel","message":{"API":"/history","Error":{"code":-16,"message":"Could not authenticate the user","s":"error"}},"timestamp":"2026-06-27 18:33:02,035+0530","service":"FyersAPI"}
{"level":"ERROR","location":"[get_call:165] fyersModel","message":{"API":"/quotes","Error":{"message":"Please provide valid token","code":-15,"s":"error"}},"timestamp":"2026-06-27 18:33:02,054+0530","service":"FyersAPI"}
{"level":"ERROR","location":"[get_call:165] fyersModel","message":{"API":"/history","Error":{"code":-16,"message":"Could not authenticate the user","s":"error"}},"timestamp":"2026-06-27 18:33:07,898+0530","service":"FyersAPI"}
{"level":"ERROR","location":"[get_call:165] fyersModel","message":{"API":"/history","Error":{"code":-16,"message":"Could not authenticate the user","s":"error"}},"timestamp":"2026-06-27 18:33:10,721+0530","service":"FyersAPI"}
{"level":"ERROR","location":"[get_call:183] fyersModel","message":{"API":"/quotes","error":"Expecting value: line 1 column 1 (char 0)"},"timestamp":"2026-06-27 18:33:10,835+0530","service":"FyersAPI"}
{"level":"ERROR","location":"[get_call:165] fyersModel","message":{"API":"/history","Error":{"code":-16,"message":"Could not authenticate the user","s":"error"}},"timestamp":"2026-06-27 18:33:13,503+0530","service":"FyersAPI"}
{"level":"ERROR","location":"[get_call:183] fyersModel","message":{"API":"/quotes","error":"Expecting value: line 1 column 1 (char 0)"},"timestamp":"2026-06-27 18:33:16,577+0530","service":"FyersAPI"}
{"level":"ERROR","location":"[get_call:165] fyersModel","message":{"API":"/history","Error":{"code":-16,"message":"Could not authenticate the user","s":"error"}},"timestamp":"2026-06-27 18:33:16,616+0530","service":"FyersAPI"}
{"level":"ERROR","location":"[get_call:165] fyersModel","message":{"API":"/history","Error":{"code":-16,"message":"Could not authenticate the user","s":"error"}},"timestamp":"2026-06-27 18:33:19,253+0530","service":"FyersAPI"}
{"level":"ERROR","location":"[get_call:165] fyersModel","message":{"API":"/history","Error":{"code":-16,"message":"Could not authenticate the user","s":"error"}},"timestamp":"2026-06-27 18:33:19,650+0530","service":"FyersAPI"}
{"level":"ERROR","location":"[get_call:165] fyersModel","message":{"API":"/history","Error":{"code":-16,"message":"Could not authenticate the user","s":"error"}},"timestamp":"2026-06-27 18:33:22,638+0530","service":"FyersAPI"}
{"level":"ERROR","location":"[get_call:183] fyersModel","message":{"API":"/quotes","error":"Expecting value: line 1 column 1 (char 0)"},"timestamp":"2026-06-27 18:33:22,777+0530","service":"FyersAPI"}
{"level":"ERROR","location":"[get_call:165] fyersModel","message":{"API":"/history","Error":{"code":-16,"message":"Could not authenticate the user","s":"error"}},"timestamp":"2026-06-27 18:33:25,735+0530","service":"FyersAPI"}
{"level":"ERROR","location":"[get_call:165] fyersModel","message":{"API":"/history","Error":{"code":-16,"message":"Could not authenticate the user","s":"error"}},"timestamp":"2026-06-27 18:33:26,113+0530","service":"FyersAPI"}
{"level":"ERROR","location":"[get_call:165] fyersModel","message":{"API":"/history","Error":{"code":-16,"message":"Could not authenticate the user","s":"error"}},"timestamp":"2026-06-27 18:33:26,782+0530","service":"FyersAPI"}
{"level":"ERROR","location":"[get_call:165] fyersModel","message":{"API":"/history","Error":{"code":-16,"message":"Could not authenticate the user","s":"error"}},"timestamp":"2026-06-27 18:33:30,569+0530","service":"FyersAPI"}
{"level":"ERROR","location":"[get_call:183] fyersModel","message":{"API":"/quotes","error":"Expecting value: line 1 column 1 (char 0)"},"timestamp":"2026-06-27 18:33:30,948+0530","service":"FyersAPI"}
{"level":"ERROR","location":"[get_call:165] fyersModel","message":{"API":"/history","Error":{"code":-16,"message":"Could not authenticate the user","s":"error"}},"timestamp":"2026-06-27 18:33:31,493+0530","service":"FyersAPI"}
{"level":"ERROR","location":"[get_call:165] fyersModel","message":{"API":"/history","Error":{"code":-16,"message":"Could not authenticate the user","s":"error"}},"timestamp":"2026-06-27 18:33:31,959+0530","service":"FyersAPI"}
{"level":"ERROR","location":"[get_call:183] fyersModel","message":{"API":"/quotes","error":"Expecting value: line 1 column 1 (char 0)"},"timestamp":"2026-06-27 18:33:34,888+0530","service":"FyersAPI"}
{"level":"ERROR","location":"[get_call:165] fyersModel","message":{"API":"/history","Error":{"code":-16,"message":"Could not authenticate the user","s":"error"}},"timestamp":"2026-06-27 18:33:35,211+0530","service":"FyersAPI"}
{"level":"ERROR","location":"[get_call:165] fyersModel","message":{"API":"/history","Error":{"code":-16,"message":"Could not authenticate the user","s":"error"}},"timestamp":"2026-06-27 18:33:35,289+0530","service":"FyersAPI"}
{"level":"ERROR","location":"[get_call:165] fyersModel","message":{"API":"/history","Error":{"code":-16,"message":"Could not authenticate the user","s":"error"}},"timestamp":"2026-06-27 18:33:36,178+0530","service":"FyersAPI"}
{"level":"ERROR","location":"[get_call:183] fyersModel","message":{"API":"/quotes","error":"Expecting value: line 1 column 1 (char 0)"},"timestamp":"2026-06-27 18:33:38,317+0530","service":"FyersAPI"}
{"level":"ERROR","location":"[get_call:165] fyersModel","message":{"API":"/history","Error":{"code":-16,"message":"Could not authenticate the user","s":"error"}},"timestamp":"2026-06-27 18:33:38,750+0530","service":"FyersAPI"}
{"level":"ERROR","location":"[get_call:165] fyersModel","message":{"API":"/history","Error":{"code":-16,"message":"Could not authenticate the user","s":"error"}},"timestamp":"2026-06-27 18:33:38,979+0530","service":"FyersAPI"}
{"level":"ERROR","location":"[get_call:165] fyersModel","message":{"API":"/history","Error":{"code":-16,"message":"Could not authenticate the user","s":"error"}},"timestamp":"2026-06-27 18:33:43,690+0530","service":"FyersAPI"}
{"level":"ERROR","location":"[get_call:183] fyersModel","message":{"API":"/quotes","error":"Expecting value: line 1 column 1 (char 0)"},"timestamp":"2026-06-27 18:33:43,730+0530","service":"FyersAPI"}
{"level":"ERROR","location":"[get_call:165] fyersModel","message":{"API":"/history","Error":{"code":-16,"message":"Could not authenticate the user","s":"error"}},"timestamp":"2026-06-27 18:33:43,922+0530","service":"FyersAPI"}
{"level":"ERROR","location":"[get_call:165] fyersModel","message":{"API":"/history","Error":{"code":-16,"message":"Could not authenticate the user","s":"error"}},"timestamp":"2026-06-27 18:33:43,967+0530","service":"FyersAPI"}
{"level":"ERROR","location":"[get_call:165] fyersModel","message":{"API":"/history","Error":{"code":-16,"message":"Could not authenticate the user","s":"error"}},"timestamp":"2026-06-27 18:33:49,021+0530","service":"FyersAPI"}
{"level":"ERROR","location":"[get_call:165] fyersModel","message":{"API":"/history","Error":{"code":-16,"message":"Could not authenticate the user","s":"error"}},"timestamp":"2026-06-27 18:33:49,817+0530","service":"FyersAPI"}
{"level":"ERROR","location":"[get_call:165] fyersModel","message":{"API":"/history","Error":{"code":-16,"message":"Could not authenticate the user","s":"error"}},"timestamp":"2026-06-27 18:33:50,049+0530","service":"FyersAPI"}
{"level":"ERROR","location":"[get_call:165] fyersModel","message":{"API":"/history","Error":{"code":-16,"message":"Could not authenticate the user","s":"error"}},"timestamp":"2026-06-27 18:33:55,099+0530","service":"FyersAPI"}
{"level":"ERROR","location":"[get_call:183] fyersModel","message":{"API":"/quotes","error":"Expecting value: line 1 column 1 (char 0)"},"timestamp":"2026-06-27 18:33:55,344+0530","service":"FyersAPI"}
{"level":"ERROR","location":"[get_call:165] fyersModel","message":{"API":"/history","Error":{"code":-16,"message":"Could not authenticate the user","s":"error"}},"timestamp":"2026-06-27 18:33:56,469+0530","service":"FyersAPI"}
{"level":"ERROR","location":"[get_call:165] fyersModel","message":{"API":"/history","Error":{"code":-16,"message":"Could not authenticate the user","s":"error"}},"timestamp":"2026-06-27 18:33:58,936+0530","service":"FyersAPI"}
{"level":"ERROR","location":"[get_call:165] fyersModel","message":{"API":"/history","Error":{"code":-16,"message":"Could not authenticate the user","s":"error"}},"timestamp":"2026-06-27 18:33:58,998+0530","service":"FyersAPI"}
{"level":"ERROR","location":"[get_call:183] fyersModel","message":{"API":"/quotes","error":"Expecting value: line 1 column 1 (char 0)"},"timestamp":"2026-06-27 18:33:59,404+0530","service":"FyersAPI"}
{"level":"ERROR","location":"[get_call:165] fyersModel","message":{"API":"/history","Error":{"code":-16,"message":"Could not authenticate the user","s":"error"}},"timestamp":"2026-06-27 18:34:00,455+0530","service":"FyersAPI"}
{"level":"ERROR","location":"[get_call:183] fyersModel","message":{"API":"/quotes","error":"Expecting value: line 1 column 1 (char 0)"},"timestamp":"2026-06-27 18:34:04,031+0530","service":"FyersAPI"}
{"level":"ERROR","location":"[get_call:183] fyersModel","message":{"API":"/quotes","error":"Expecting value: line 1 column 1 (char 0)"},"timestamp":"2026-06-27 18:34:04,502+0530","service":"FyersAPI"}
{"level":"ERROR","location":"[get_call:165] fyersModel","message":{"API":"/history","Error":{"code":-16,"message":"Could not authenticate the user","s":"error"}},"timestamp":"2026-06-27 18:34:05,271+0530","service":"FyersAPI"}
{"level":"ERROR","location":"[get_call:165] fyersModel","message":{"API":"/history","Error":{"code":-16,"message":"Could not authenticate the user","s":"error"}},"timestamp":"2026-06-27 18:34:05,651+0530","service":"FyersAPI"}
{"level":"ERROR","location":"[get_call:165] fyersModel","message":{"API":"/history","Error":{"code":-16,"message":"Could not authenticate the user","s":"error"}},"timestamp":"2026-06-27 18:34:06,196+0530","service":"FyersAPI"}
{"level":"ERROR","location":"[get_call:165] fyersModel","message":{"API":"/history","Error":{"code":-16,"message":"Could not authenticate the user","s":"error"}},"timestamp":"2026-06-27 18:34:16,073+0530","service":"FyersAPI"}
{"level":"ERROR","location":"[get_call:165] fyersModel","message":{"API":"/history","Error":{"code":-16,"message":"Could not authenticate the user","s":"error"}},"timestamp":"2026-06-27 18:34:16,882+0530","service":"FyersAPI"}
{"level":"ERROR","location":"[get_call:165] fyersModel","message":{"API":"/history","Error":{"code":-16,"message":"Could not authenticate the user","s":"error"}},"timestamp":"2026-06-27 18:34:17,231+0530","service":"FyersAPI"}
{"level":"ERROR","location":"[get_call:165] fyersModel","message":{"API":"/history","Error":{"code":-16,"message":"Could not authenticate the user","s":"error"}},"timestamp":"2026-06-27 18:34:20,747+0530","service":"FyersAPI"}
{"level":"ERROR","location":"[get_call:183] fyersModel","message":{"API":"/quotes","error":"Expecting value: line 1 column 1 (char 0)"},"timestamp":"2026-06-27 18:34:21,314+0530","service":"FyersAPI"}
{"level":"ERROR","location":"[get_call:183] fyersModel","message":{"API":"/quotes","error":"Expecting value: line 1 column 1 (char 0)"},"timestamp":"2026-06-27 18:34:21,589+0530","service":"FyersAPI"}
{"level":"ERROR","location":"[get_call:165] fyersModel","message":{"API":"/history","Error":{"code":-16,"message":"Could not authenticate the user","s":"error"}},"timestamp":"2026-06-27 18:34:23,944+0530","service":"FyersAPI"}
{"level":"ERROR","location":"[get_call:165] fyersModel","message":{"API":"/history","Error":{"code":-16,"message":"Could not authenticate the user","s":"error"}},"timestamp":"2026-06-27 18:34:24,663+0530","service":"FyersAPI"}
{"level":"ERROR","location":"[get_call:165] fyersModel","message":{"API":"/history","Error":{"code":-16,"message":"Could not authenticate the user","s":"error"}},"timestamp":"2026-06-27 18:34:25,180+0530","service":"FyersAPI"}
{"level":"ERROR","location":"[get_call:183] fyersModel","message":{"API":"/quotes","error":"Expecting value: line 1 column 1 (char 0)"},"timestamp":"2026-06-27 18:34:28,562+0530","service":"FyersAPI"}
{"level":"ERROR","location":"[get_call:183] fyersModel","message":{"API":"/quotes","error":"Expecting value: line 1 column 1 (char 0)"},"timestamp":"2026-06-27 18:34:28,878+0530","service":"FyersAPI"}
{"level":"ERROR","location":"[get_call:165] fyersModel","message":{"API":"/history","Error":{"code":-16,"message":"Could not authenticate the user","s":"error"}},"timestamp":"2026-06-27 18:34:28,959+0530","service":"FyersAPI"}
{"level":"ERROR","location":"[get_call:165] fyersModel","message":{"API":"/history","Error":{"code":-16,"message":"Could not authenticate the user","s":"error"}},"timestamp":"2026-06-27 18:34:29,849+0530","service":"FyersAPI"}
{"level":"ERROR","location":"[get_call:165] fyersModel","message":{"API":"/history","Error":{"code":-16,"message":"Could not authenticate the user","s":"error"}},"timestamp":"2026-06-27 18:34:33,499+0530","service":"FyersAPI"}
{"level":"ERROR","location":"[get_call:165] fyersModel","message":{"API":"/history","Error":{"code":-16,"message":"Could not authenticate the user","s":"error"}},"timestamp":"2026-06-27 18:34:33,713+0530","service":"FyersAPI"}
{"level":"ERROR","location":"[get_call:165] fyersModel","message":{"API":"/history","Error":{"code":-16,"message":"Could not authenticate the user","s":"error"}},"timestamp":"2026-06-27 18:34:34,298+0530","service":"FyersAPI"}
{"level":"ERROR","location":"[get_call:165] fyersModel","message":{"API":"/history","Error":{"code":-16,"message":"Could not authenticate the user","s":"error"}},"timestamp":"2026-06-27 18:34:39,025+0530","service":"FyersAPI"}
{"level":"ERROR","location":"[get_call:165] fyersModel","message":{"API":"/history","Error":{"code":-16,"message":"Could not authenticate the user","s":"error"}},"timestamp":"2026-06-27 18:34:39,062+0530","service":"FyersAPI"}
{"level":"ERROR","location":"[get_call:165] fyersModel","message":{"API":"/history","Error":{"code":-16,"message":"Could not authenticate the user","s":"error"}},"timestamp":"2026-06-27 18:34:40,204+0530","service":"FyersAPI"}
{"level":"ERROR","location":"[get_call:183] fyersModel","message":{"API":"/quotes","error":"Expecting value: line 1 column 1 (char 0)"},"timestamp":"2026-06-27 18:34:43,796+0530","service":"FyersAPI"}
{"level":"ERROR","location":"[get_call:165] fyersModel","message":{"API":"/history","Error":{"code":-16,"message":"Could not authenticate the user","s":"error"}},"timestamp":"2026-06-27 18:34:44,659+0530","service":"FyersAPI"}
{"level":"ERROR","location":"[get_call:165] fyersModel","message":{"API":"/history","Error":{"code":-16,"message":"Could not authenticate the user","s":"error"}},"timestamp":"2026-06-27 18:34:44,741+0530","service":"FyersAPI"}
{"level":"ERROR","location":"[get_call:165] fyersModel","message":{"API":"/history","Error":{"code":-16,"message":"Could not authenticate the user","s":"error"}},"timestamp":"2026-06-27 18:34:45,853+0530","service":"FyersAPI"}
{"level":"ERROR","location":"[get_call:183] fyersModel","message":{"API":"/quotes","error":"Expecting value: line 1 column 1 (char 0)"},"timestamp":"2026-06-27 18:34:49,160+0530","service":"FyersAPI"}
{"level":"ERROR","location":"[get_call:165] fyersModel","message":{"API":"/history","Error":{"code":-16,"message":"Could not authenticate the user","s":"error"}},"timestamp":"2026-06-27 18:34:49,613+0530","service":"FyersAPI"}
{"level":"ERROR","location":"[get_call:183] fyersModel","message":{"API":"/quotes","error":"Expecting value: line 1 column 1 (char 0)"},"timestamp":"2026-06-27 18:34:50,638+0530","service":"FyersAPI"}
{"level":"ERROR","location":"[get_call:165] fyersModel","message":{"API":"/history","Error":{"code":-16,"message":"Could not authenticate the user","s":"error"}},"timestamp":"2026-06-27 18:34:50,734+0530","service":"FyersAPI"}
{"level":"ERROR","location":"[get_call:165] fyersModel","message":{"API":"/history","Error":{"code":-16,"message":"Could not authenticate the user","s":"error"}},"timestamp":"2026-06-27 18:34:54,143+0530","service":"FyersAPI"}
{"level":"ERROR","location":"[get_call:165] fyersModel","message":{"API":"/history","Error":{"code":-16,"message":"Could not authenticate the user","s":"error"}},"timestamp":"2026-06-27 18:34:54,891+0530","service":"FyersAPI"}
{"level":"ERROR","location":"[get_call:165] fyersModel","message":{"API":"/history","Error":{"code":-16,"message":"Could not authenticate the user","s":"error"}},"timestamp":"2026-06-27 18:34:55,009+0530","service":"FyersAPI"}
{"level":"ERROR","location":"[get_call:165] fyersModel","message":{"API":"/history","Error":{"code":-16,"message":"Could not authenticate the user","s":"error"}},"timestamp":"2026-06-27 18:34:58,642+0530","service":"FyersAPI"}
{"level":"ERROR","location":"[get_call:165] fyersModel","message":{"API":"/history","Error":{"code":-16,"message":"Could not authenticate the user","s":"error"}},"timestamp":"2026-06-27 18:34:59,612+0530","service":"FyersAPI"}
{"level":"ERROR","location":"[get_call:165] fyersModel","message":{"API":"/history","Error":{"code":-16,"message":"Could not authenticate the user","s":"error"}},"timestamp":"2026-06-27 18:35:00,220+0530","service":"FyersAPI"}
{"level":"ERROR","location":"[get_call:183] fyersModel","message":{"API":"/quotes","error":"Expecting value: line 1 column 1 (char 0)"},"timestamp":"2026-06-27 18:35:03,634+0530","service":"FyersAPI"}
{"level":"ERROR","location":"[get_call:165] fyersModel","message":{"API":"/history","Error":{"code":-16,"message":"Could not authenticate the user","s":"error"}},"timestamp":"2026-06-27 18:35:03,828+0530","service":"FyersAPI"}
{"level":"ERROR","location":"[get_call:165] fyersModel","message":{"API":"/history","Error":{"code":-16,"message":"Could not authenticate the user","s":"error"}},"timestamp":"2026-06-27 18:35:05,405+0530","service":"FyersAPI"}
{"level":"ERROR","location":"[get_call:183] fyersModel","message":{"API":"/quotes","error":"Expecting value: line 1 column 1 (char 0)"},"timestamp":"2026-06-27 18:35:09,310+0530","service":"FyersAPI"}
{"level":"ERROR","location":"[get_call:183] fyersModel","message":{"API":"/quotes","error":"Expecting value: line 1 column 1 (char 0)"},"timestamp":"2026-06-27 18:35:09,891+0530","service":"FyersAPI"}
{"level":"ERROR","location":"[get_call:165] fyersModel","message":{"API":"/history","Error":{"code":-16,"message":"Could not authenticate the user","s":"error"}},"timestamp":"2026-06-27 18:35:10,122+0530","service":"FyersAPI"}
{"level":"ERROR","location":"[get_call:165] fyersModel","message":{"API":"/history","Error":{"code":-16,"message":"Could not authenticate the user","s":"error"}},"timestamp":"2026-06-27 18:35:10,436+0530","service":"FyersAPI"}
{"level":"ERROR","location":"[get_call:165] fyersModel","message":{"API":"/history","Error":{"code":-16,"message":"Could not authenticate the user","s":"error"}},"timestamp":"2026-06-27 18:35:10,823+0530","service":"FyersAPI"}
{"level":"ERROR","location":"[get_call:165] fyersModel","message":{"API":"/history","Error":{"code":-16,"message":"Could not authenticate the user","s":"error"}},"timestamp":"2026-06-27 18:35:14,210+0530","service":"FyersAPI"}
{"level":"ERROR","location":"[get_call:165] fyersModel","message":{"API":"/history","Error":{"code":-16,"message":"Could not authenticate the user","s":"error"}},"timestamp":"2026-06-27 18:35:14,556+0530","service":"FyersAPI"}
{"level":"ERROR","location":"[get_call:165] fyersModel","message":{"API":"/history","Error":{"code":-16,"message":"Could not authenticate the user","s":"error"}},"timestamp":"2026-06-27 18:35:19,393+0530","service":"FyersAPI"}
{"level":"ERROR","location":"[get_call:165] fyersModel","message":{"API":"/history","Error":{"code":-16,"message":"Could not authenticate the user","s":"error"}},"timestamp":"2026-06-27 18:35:19,840+0530","service":"FyersAPI"}
{"level":"ERROR","location":"[get_call:165] fyersModel","message":{"API":"/history","Error":{"code":-16,"message":"Could not authenticate the user","s":"error"}},"timestamp":"2026-06-27 18:35:19,980+0530","service":"FyersAPI"}
{"level":"ERROR","location":"[get_call:165] fyersModel","message":{"API":"/history","Error":{"code":-16,"message":"Could not authenticate the user","s":"error"}},"timestamp":"2026-06-27 18:35:23,867+0530","service":"FyersAPI"}
{"level":"ERROR","location":"[get_call:183] fyersModel","message":{"API":"/quotes","error":"Expecting value: line 1 column 1 (char 0)"},"timestamp":"2026-06-27 18:35:24,136+0530","service":"FyersAPI"}
{"level":"ERROR","location":"[get_call:165] fyersModel","message":{"API":"/history","Error":{"code":-16,"message":"Could not authenticate the user","s":"error"}},"timestamp":"2026-06-27 18:35:24,401+0530","service":"FyersAPI"}
{"level":"ERROR","location":"[get_call:165] fyersModel","message":{"API":"/history","Error":{"code":-16,"message":"Could not authenticate the user","s":"error"}},"timestamp":"2026-06-27 18:35:24,860+0530","service":"FyersAPI"}
{"level":"ERROR","location":"[get_call:183] fyersModel","message":{"API":"/quotes","error":"Expecting value: line 1 column 1 (char 0)"},"timestamp":"2026-06-27 18:35:28,534+0530","service":"FyersAPI"}
{"level":"ERROR","location":"[get_call:165] fyersModel","message":{"API":"/history","Error":{"code":-16,"message":"Could not authenticate the user","s":"error"}},"timestamp":"2026-06-27 18:35:28,590+0530","service":"FyersAPI"}
{"level":"ERROR","location":"[get_call:183] fyersModel","message":{"API":"/quotes","error":"Expecting value: line 1 column 1 (char 0)"},"timestamp":"2026-06-27 18:35:28,638+0530","service":"FyersAPI"}
{"level":"ERROR","location":"[get_call:183] fyersModel","message":{"API":"/quotes","error":"Expecting value: line 1 column 1 (char 0)"},"timestamp":"2026-06-27 18:35:28,776+0530","service":"FyersAPI"}
{"level":"ERROR","location":"[get_call:165] fyersModel","message":{"API":"/history","Error":{"code":-16,"message":"Could not authenticate the user","s":"error"}},"timestamp":"2026-06-27 18:35:29,139+0530","service":"FyersAPI"}
{"level":"ERROR","location":"[get_call:165] fyersModel","message":{"API":"/history","Error":{"code":-16,"message":"Could not authenticate the user","s":"error"}},"timestamp":"2026-06-27 18:35:33,685+0530","service":"FyersAPI"}
{"level":"ERROR","location":"[get_call:165] fyersModel","message":{"API":"/history","Error":{"code":-16,"message":"Could not authenticate the user","s":"error"}},"timestamp":"2026-06-27 18:35:33,689+0530","service":"FyersAPI"}
{"level":"ERROR","location":"[get_call:165] fyersModel","message":{"API":"/history","Error":{"code":-16,"message":"Could not authenticate the user","s":"error"}},"timestamp":"2026-06-27 18:35:33,692+0530","service":"FyersAPI"}
{"level":"ERROR","location":"[get_call:165] fyersModel","message":{"API":"/history","Error":{"code":-16,"message":"Could not authenticate the user","s":"error"}},"timestamp":"2026-06-27 18:35:38,559+0530","service":"FyersAPI"}
{"level":"ERROR","location":"[get_call:165] fyersModel","message":{"API":"/history","Error":{"code":-16,"message":"Could not authenticate the user","s":"error"}},"timestamp":"2026-06-27 18:35:38,712+0530","service":"FyersAPI"}
{"level":"ERROR","location":"[get_call:165] fyersModel","message":{"API":"/history","Error":{"code":-16,"message":"Could not authenticate the user","s":"error"}},"timestamp":"2026-06-27 18:35:39,261+0530","service":"FyersAPI"}
{"level":"ERROR","location":"[get_call:165] fyersModel","message":{"API":"/history","Error":{"code":-16,"message":"Could not authenticate the user","s":"error"}},"timestamp":"2026-06-27 18:35:42,650+0530","service":"FyersAPI"}
{"level":"ERROR","location":"[get_call:165] fyersModel","message":{"API":"/history","Error":{"code":-16,"message":"Could not authenticate the user","s":"error"}},"timestamp":"2026-06-27 18:35:43,046+0530","service":"FyersAPI"}
{"level":"ERROR","location":"[get_call:165] fyersModel","message":{"API":"/history","Error":{"code":-16,"message":"Could not authenticate the user","s":"error"}},"timestamp":"2026-06-27 18:35:43,550+0530","service":"FyersAPI"}
{"level":"ERROR","location":"[get_call:183] fyersModel","message":{"API":"/quotes","error":"Expecting value: line 1 column 1 (char 0)"},"timestamp":"2026-06-27 18:35:45,418+0530","service":"FyersAPI"}
{"level":"ERROR","location":"[get_call:165] fyersModel","message":{"API":"/history","Error":{"code":-16,"message":"Could not authenticate the user","s":"error"}},"timestamp":"2026-06-27 18:35:45,798+0530","service":"FyersAPI"}
{"level":"ERROR","location":"[get_call:165] fyersModel","message":{"API":"/history","Error":{"code":-16,"message":"Could not authenticate the user","s":"error"}},"timestamp":"2026-06-27 18:35:48,087+0530","service":"FyersAPI"}
{"level":"ERROR","location":"[get_call:183] fyersModel","message":{"API":"/quotes","error":"Expecting value: line 1 column 1 (char 0)"},"timestamp":"2026-06-27 18:35:48,121+0530","service":"FyersAPI"}
{"level":"ERROR","location":"[get_call:183] fyersModel","message":{"API":"/quotes","error":"Expecting value: line 1 column 1 (char 0)"},"timestamp":"2026-06-27 18:35:48,184+0530","service":"FyersAPI"}
{"level":"ERROR","location":"[get_call:165] fyersModel","message":{"API":"/history","Error":{"code":-16,"message":"Could not authenticate the user","s":"error"}},"timestamp":"2026-06-27 18:35:52,137+0530","service":"FyersAPI"}
{"level":"ERROR","location":"[get_call:165] fyersModel","message":{"API":"/history","Error":{"code":-16,"message":"Could not authenticate the user","s":"error"}},"timestamp":"2026-06-27 18:35:52,257+0530","service":"FyersAPI"}
{"level":"ERROR","location":"[get_call:165] fyersModel","message":{"API":"/history","Error":{"code":-16,"message":"Could not authenticate the user","s":"error"}},"timestamp":"2026-06-27 18:35:55,209+0530","service":"FyersAPI"}
{"level":"ERROR","location":"[get_call:165] fyersModel","message":{"API":"/history","Error":{"code":-16,"message":"Could not authenticate the user","s":"error"}},"timestamp":"2026-06-27 18:35:55,808+0530","service":"FyersAPI"}
{"level":"ERROR","location":"[get_call:165] fyersModel","message":{"API":"/history","Error":{"code":-16,"message":"Could not authenticate the user","s":"error"}},"timestamp":"2026-06-27 18:35:56,101+0530","service":"FyersAPI"}
{"level":"ERROR","location":"[get_call:165] fyersModel","message":{"API":"/history","Error":{"code":-16,"message":"Could not authenticate the user","s":"error"}},"timestamp":"2026-06-27 18:35:59,337+0530","service":"FyersAPI"}
{"level":"ERROR","location":"[get_call:165] fyersModel","message":{"API":"/history","Error":{"code":-16,"message":"Could not authenticate the user","s":"error"}},"timestamp":"2026-06-27 18:35:59,641+0530","service":"FyersAPI"}
{"level":"ERROR","location":"[get_call:165] fyersModel","message":{"API":"/history","Error":{"code":-16,"message":"Could not authenticate the user","s":"error"}},"timestamp":"2026-06-27 18:35:59,905+0530","service":"FyersAPI"}
{"level":"ERROR","location":"[get_call:165] fyersModel","message":{"API":"/history","Error":{"code":-16,"message":"Could not authenticate the user","s":"error"}},"timestamp":"2026-06-27 18:36:03,196+0530","service":"FyersAPI"}
{"level":"ERROR","location":"[get_call:183] fyersModel","message":{"API":"/quotes","error":"Expecting value: line 1 column 1 (char 0)"},"timestamp":"2026-06-27 18:36:03,470+0530","service":"FyersAPI"}
{"level":"ERROR","location":"[get_call:165] fyersModel","message":{"API":"/history","Error":{"code":-16,"message":"Could not authenticate the user","s":"error"}},"timestamp":"2026-06-27 18:36:03,828+0530","service":"FyersAPI"}
{"level":"ERROR","location":"[get_call:165] fyersModel","message":{"API":"/history","Error":{"code":-16,"message":"Could not authenticate the user","s":"error"}},"timestamp":"2026-06-27 18:36:04,077+0530","service":"FyersAPI"}
{"level":"ERROR","location":"[get_call:183] fyersModel","message":{"API":"/quotes","error":"Expecting value: line 1 column 1 (char 0)"},"timestamp":"2026-06-27 18:36:07,730+0530","service":"FyersAPI"}
{"level":"ERROR","location":"[get_call:165] fyersModel","message":{"API":"/history","Error":{"code":-16,"message":"Could not authenticate the user","s":"error"}},"timestamp":"2026-06-27 18:36:07,933+0530","service":"FyersAPI"}
{"level":"ERROR","location":"[get_call:183] fyersModel","message":{"API":"/quotes","error":"Expecting value: line 1 column 1 (char 0)"},"timestamp":"2026-06-27 18:36:08,182+0530","service":"FyersAPI"}
{"level":"ERROR","location":"[get_call:165] fyersModel","message":{"API":"/history","Error":{"code":-16,"message":"Could not authenticate the user","s":"error"}},"timestamp":"2026-06-27 18:36:10,917+0530","service":"FyersAPI"}
{"level":"ERROR","location":"[get_call:165] fyersModel","message":{"API":"/history","Error":{"code":-16,"message":"Could not authenticate the user","s":"error"}},"timestamp":"2026-06-27 18:36:11,812+0530","service":"FyersAPI"}
{"level":"ERROR","location":"[get_call:165] fyersModel","message":{"API":"/history","Error":{"code":-16,"message":"Could not authenticate the user","s":"error"}},"timestamp":"2026-06-27 18:36:14,472+0530","service":"FyersAPI"}
{"level":"ERROR","location":"[get_call:165] fyersModel","message":{"API":"/history","Error":{"code":-16,"message":"Could not authenticate the user","s":"error"}},"timestamp":"2026-06-27 18:36:14,771+0530","service":"FyersAPI"}
{"level":"ERROR","location":"[get_call:165] fyersModel","message":{"API":"/history","Error":{"code":-16,"message":"Could not authenticate the user","s":"error"}},"timestamp":"2026-06-27 18:36:15,615+0530","service":"FyersAPI"}
{"level":"ERROR","location":"[get_call:165] fyersModel","message":{"API":"/history","Error":{"code":-16,"message":"Could not authenticate the user","s":"error"}},"timestamp":"2026-06-27 18:36:18,927+0530","service":"FyersAPI"}
{"level":"ERROR","location":"[get_call:183] fyersModel","message":{"API":"/quotes","error":"Expecting value: line 1 column 1 (char 0)"},"timestamp":"2026-06-27 18:36:18,964+0530","service":"FyersAPI"}
{"level":"ERROR","location":"[get_call:165] fyersModel","message":{"API":"/history","Error":{"code":-16,"message":"Could not authenticate the user","s":"error"}},"timestamp":"2026-06-27 18:36:19,322+0530","service":"FyersAPI"}
{"level":"ERROR","location":"[get_call:165] fyersModel","message":{"API":"/history","Error":{"code":-16,"message":"Could not authenticate the user","s":"error"}},"timestamp":"2026-06-27 18:36:19,750+0530","service":"FyersAPI"}
{"level":"ERROR","location":"[get_call:165] fyersModel","message":{"API":"/history","Error":{"code":-16,"message":"Could not authenticate the user","s":"error"}},"timestamp":"2026-06-27 18:36:23,489+0530","service":"FyersAPI"}
{"level":"ERROR","location":"[get_call:183] fyersModel","message":{"API":"/quotes","error":"Expecting value: line 1 column 1 (char 0)"},"timestamp":"2026-06-27 18:36:23,687+0530","service":"FyersAPI"}
{"level":"ERROR","location":"[get_call:165] fyersModel","message":{"API":"/history","Error":{"code":-16,"message":"Could not authenticate the user","s":"error"}},"timestamp":"2026-06-27 18:36:24,586+0530","service":"FyersAPI"}
{"level":"ERROR","location":"[get_call:165] fyersModel","message":{"API":"/history","Error":{"code":-16,"message":"Could not authenticate the user","s":"error"}},"timestamp":"2026-06-27 18:36:24,588+0530","service":"FyersAPI"}
{"level":"ERROR","location":"[get_call:183] fyersModel","message":{"API":"/quotes","error":"Expecting value: line 1 column 1 (char 0)"},"timestamp":"2026-06-27 18:36:27,504+0530","service":"FyersAPI"}
{"level":"ERROR","location":"[get_call:165] fyersModel","message":{"API":"/history","Error":{"code":-16,"message":"Could not authenticate the user","s":"error"}},"timestamp":"2026-06-27 18:36:27,778+0530","service":"FyersAPI"}
{"level":"ERROR","location":"[get_call:183] fyersModel","message":{"API":"/quotes","error":"Expecting value: line 1 column 1 (char 0)"},"timestamp":"2026-06-27 18:36:28,045+0530","service":"FyersAPI"}
{"level":"ERROR","location":"[get_call:165] fyersModel","message":{"API":"/history","Error":{"code":-16,"message":"Could not authenticate the user","s":"error"}},"timestamp":"2026-06-27 18:36:28,525+0530","service":"FyersAPI"}
{"level":"ERROR","location":"[get_call:165] fyersModel","message":{"API":"/history","Error":{"code":-16,"message":"Could not authenticate the user","s":"error"}},"timestamp":"2026-06-27 18:36:31,474+0530","service":"FyersAPI"}
{"level":"ERROR","location":"[get_call:165] fyersModel","message":{"API":"/history","Error":{"code":-16,"message":"Could not authenticate the user","s":"error"}},"timestamp":"2026-06-27 18:36:31,764+0530","service":"FyersAPI"}
{"level":"ERROR","location":"[get_call:165] fyersModel","message":{"API":"/history","Error":{"code":-16,"message":"Could not authenticate the user","s":"error"}},"timestamp":"2026-06-27 18:36:32,238+0530","service":"FyersAPI"}
{"level":"ERROR","location":"[get_call:165] fyersModel","message":{"API":"/history","Error":{"code":-16,"message":"Could not authenticate the user","s":"error"}},"timestamp":"2026-06-27 18:36:35,677+0530","service":"FyersAPI"}
{"level":"ERROR","location":"[get_call:165] fyersModel","message":{"API":"/history","Error":{"code":-16,"message":"Could not authenticate the user","s":"error"}},"timestamp":"2026-06-27 18:36:35,748+0530","service":"FyersAPI"}
{"level":"ERROR","location":"[get_call:165] fyersModel","message":{"API":"/history","Error":{"code":-16,"message":"Could not authenticate the user","s":"error"}},"timestamp":"2026-06-27 18:36:36,018+0530","service":"FyersAPI"}
{"level":"ERROR","location":"[get_call:165] fyersModel","message":{"API":"/history","Error":{"code":-16,"message":"Could not authenticate the user","s":"error"}},"timestamp":"2026-06-27 18:36:39,009+0530","service":"FyersAPI"}
{"level":"ERROR","location":"[get_call:165] fyersModel","message":{"API":"/history","Error":{"code":-16,"message":"Could not authenticate the user","s":"error"}},"timestamp":"2026-06-27 18:36:39,112+0530","service":"FyersAPI"}
{"level":"ERROR","location":"[get_call:183] fyersModel","message":{"API":"/quotes","error":"Expecting value: line 1 column 1 (char 0)"},"timestamp":"2026-06-27 18:36:39,289+0530","service":"FyersAPI"}
{"level":"ERROR","location":"[get_call:165] fyersModel","message":{"API":"/history","Error":{"code":-16,"message":"Could not authenticate the user","s":"error"}},"timestamp":"2026-06-27 18:36:39,692+0530","service":"FyersAPI"}
{"level":"ERROR","location":"[get_call:165] fyersModel","message":{"API":"/history","Error":{"code":-16,"message":"Could not authenticate the user","s":"error"}},"timestamp":"2026-06-27 18:36:42,342+0530","service":"FyersAPI"}
{"level":"ERROR","location":"[get_call:165] fyersModel","message":{"API":"/history","Error":{"code":-16,"message":"Could not authenticate the user","s":"error"}},"timestamp":"2026-06-27 18:36:42,362+0530","service":"FyersAPI"}
{"level":"ERROR","location":"[get_call:165] fyersModel","message":{"API":"/history","Error":{"code":-16,"message":"Could not authenticate the user","s":"error"}},"timestamp":"2026-06-27 18:36:43,074+0530","service":"FyersAPI"}
{"level":"ERROR","location":"[get_call:165] fyersModel","message":{"API":"/history","Error":{"code":-16,"message":"Could not authenticate the user","s":"error"}},"timestamp":"2026-06-27 18:36:46,201+0530","service":"FyersAPI"}
{"level":"ERROR","location":"[get_call:183] fyersModel","message":{"API":"/quotes","error":"Expecting value: line 1 column 1 (char 0)"},"timestamp":"2026-06-27 18:36:46,359+0530","service":"FyersAPI"}
{"level":"ERROR","location":"[get_call:165] fyersModel","message":{"API":"/history","Error":{"code":-16,"message":"Could not authenticate the user","s":"error"}},"timestamp":"2026-06-27 18:36:46,674+0530","service":"FyersAPI"}
{"level":"ERROR","location":"[get_call:165] fyersModel","message":{"API":"/history","Error":{"code":-16,"message":"Could not authenticate the user","s":"error"}},"timestamp":"2026-06-27 18:36:49,370+0530","service":"FyersAPI"}
{"level":"ERROR","location":"[get_call:165] fyersModel","message":{"API":"/history","Error":{"code":-16,"message":"Could not authenticate the user","s":"error"}},"timestamp":"2026-06-27 18:36:49,394+0530","service":"FyersAPI"}
{"level":"ERROR","location":"[get_call:183] fyersModel","message":{"API":"/quotes","error":"Expecting value: line 1 column 1 (char 0)"},"timestamp":"2026-06-27 18:36:49,421+0530","service":"FyersAPI"}
{"level":"ERROR","location":"[get_call:165] fyersModel","message":{"API":"/history","Error":{"code":-16,"message":"Could not authenticate the user","s":"error"}},"timestamp":"2026-06-27 18:36:50,346+0530","service":"FyersAPI"}
{"level":"ERROR","location":"[get_call:165] fyersModel","message":{"API":"/history","Error":{"code":-16,"message":"Could not authenticate the user","s":"error"}},"timestamp":"2026-06-27 18:36:54,097+0530","service":"FyersAPI"}
{"level":"ERROR","location":"[get_call:183] fyersModel","message":{"API":"/quotes","error":"Expecting value: line 1 column 1 (char 0)"},"timestamp":"2026-06-27 18:36:54,478+0530","service":"FyersAPI"}
{"level":"ERROR","location":"[get_call:165] fyersModel","message":{"API":"/history","Error":{"code":-16,"message":"Could not authenticate the user","s":"error"}},"timestamp":"2026-06-27 18:36:54,705+0530","service":"FyersAPI"}
{"level":"ERROR","location":"[get_call:165] fyersModel","message":{"API":"/history","Error":{"code":-16,"message":"Could not authenticate the user","s":"error"}},"timestamp":"2026-06-27 18:36:55,279+0530","service":"FyersAPI"}
{"level":"ERROR","location":"[get_call:165] fyersModel","message":{"API":"/history","Error":{"code":-16,"message":"Could not authenticate the user","s":"error"}},"timestamp":"2026-06-27 18:36:57,100+0530","service":"FyersAPI"}
{"level":"ERROR","location":"[get_call:165] fyersModel","message":{"API":"/history","Error":{"code":-16,"message":"Could not authenticate the user","s":"error"}},"timestamp":"2026-06-27 18:36:57,116+0530","service":"FyersAPI"}
{"level":"ERROR","location":"[get_call:183] fyersModel","message":{"API":"/quotes","error":"Expecting value: line 1 column 1 (char 0)"},"timestamp":"2026-06-27 18:36:57,180+0530","service":"FyersAPI"}
{"level":"ERROR","location":"[get_call:165] fyersModel","message":{"API":"/history","Error":{"code":-16,"message":"Could not authenticate the user","s":"error"}},"timestamp":"2026-06-27 18:36:57,334+0530","service":"FyersAPI"}
{"level":"ERROR","location":"[get_call:165] fyersModel","message":{"API":"/history","Error":{"code":-16,"message":"Could not authenticate the user","s":"error"}},"timestamp":"2026-06-27 18:36:59,109+0530","service":"FyersAPI"}
{"level":"ERROR","location":"[get_call:165] fyersModel","message":{"API":"/history","Error":{"code":-16,"message":"Could not authenticate the user","s":"error"}},"timestamp":"2026-06-27 18:36:59,167+0530","service":"FyersAPI"}
{"level":"ERROR","location":"[get_call:165] fyersModel","message":{"API":"/history","Error":{"code":-16,"message":"Could not authenticate the user","s":"error"}},"timestamp":"2026-06-27 18:37:00,995+0530","service":"FyersAPI"}
{"level":"ERROR","location":"[get_call:165] fyersModel","message":{"API":"/history","Error":{"code":-16,"message":"Could not authenticate the user","s":"error"}},"timestamp":"2026-06-27 18:37:01,020+0530","service":"FyersAPI"}
{"level":"ERROR","location":"[get_call:165] fyersModel","message":{"API":"/history","Error":{"code":-16,"message":"Could not authenticate the user","s":"error"}},"timestamp":"2026-06-27 18:37:01,483+0530","service":"FyersAPI"}
{"level":"ERROR","location":"[get_call:165] fyersModel","message":{"API":"/history","Error":{"code":-16,"message":"Could not authenticate the user","s":"error"}},"timestamp":"2026-06-27 18:37:04,751+0530","service":"FyersAPI"}
{"level":"ERROR","location":"[get_call:165] fyersModel","message":{"API":"/history","Error":{"code":-16,"message":"Could not authenticate the user","s":"error"}},"timestamp":"2026-06-27 18:37:04,795+0530","service":"FyersAPI"}
{"level":"ERROR","location":"[get_call:165] fyersModel","message":{"API":"/history","Error":{"code":-16,"message":"Could not authenticate the user","s":"error"}},"timestamp":"2026-06-27 18:37:05,165+0530","service":"FyersAPI"}
{"level":"ERROR","location":"[get_call:165] fyersModel","message":{"API":"/history","Error":{"code":-16,"message":"Could not authenticate the user","s":"error"}},"timestamp":"2026-06-27 18:37:08,271+0530","service":"FyersAPI"}
{"level":"ERROR","location":"[get_call:183] fyersModel","message":{"API":"/quotes","error":"Expecting value: line 1 column 1 (char 0)"},"timestamp":"2026-06-27 18:37:08,443+0530","service":"FyersAPI"}
{"level":"ERROR","location":"[get_call:165] fyersModel","message":{"API":"/history","Error":{"code":-16,"message":"Could not authenticate the user","s":"error"}},"timestamp":"2026-06-27 18:37:09,106+0530","service":"FyersAPI"}
{"level":"ERROR","location":"[get_call:165] fyersModel","message":{"API":"/history","Error":{"code":-16,"message":"Could not authenticate the user","s":"error"}},"timestamp":"2026-06-27 18:37:12,163+0530","service":"FyersAPI"}
{"level":"ERROR","location":"[get_call:183] fyersModel","message":{"API":"/quotes","error":"Expecting value: line 1 column 1 (char 0)"},"timestamp":"2026-06-27 18:37:12,165+0530","service":"FyersAPI"}
{"level":"ERROR","location":"[get_call:165] fyersModel","message":{"API":"/history","Error":{"code":-16,"message":"Could not authenticate the user","s":"error"}},"timestamp":"2026-06-27 18:37:12,167+0530","service":"FyersAPI"}
{"level":"ERROR","location":"[get_call:165] fyersModel","message":{"API":"/history","Error":{"code":-16,"message":"Could not authenticate the user","s":"error"}},"timestamp":"2026-06-27 18:37:12,167+0530","service":"FyersAPI"}
{"level":"ERROR","location":"[get_call:165] fyersModel","message":{"API":"/history","Error":{"code":-16,"message":"Could not authenticate the user","s":"error"}},"timestamp":"2026-06-27 18:37:15,728+0530","service":"FyersAPI"}
{"level":"ERROR","location":"[get_call:183] fyersModel","message":{"API":"/quotes","error":"Expecting value: line 1 column 1 (char 0)"},"timestamp":"2026-06-27 18:37:15,902+0530","service":"FyersAPI"}
{"level":"ERROR","location":"[get_call:165] fyersModel","message":{"API":"/history","Error":{"code":-16,"message":"Could not authenticate the user","s":"error"}},"timestamp":"2026-06-27 18:37:16,340+0530","service":"FyersAPI"}
{"level":"ERROR","location":"[get_call:165] fyersModel","message":{"API":"/history","Error":{"code":-16,"message":"Could not authenticate the user","s":"error"}},"timestamp":"2026-06-27 18:37:16,646+0530","service":"FyersAPI"}
{"level":"ERROR","location":"[get_call:165] fyersModel","message":{"API":"/history","Error":{"code":-16,"message":"Could not authenticate the user","s":"error"}},"timestamp":"2026-06-27 18:37:20,160+0530","service":"FyersAPI"}
{"level":"ERROR","location":"[get_call:165] fyersModel","message":{"API":"/history","Error":{"code":-16,"message":"Could not authenticate the user","s":"error"}},"timestamp":"2026-06-27 18:37:20,247+0530","service":"FyersAPI"}
{"level":"ERROR","location":"[get_call:165] fyersModel","message":{"API":"/history","Error":{"code":-16,"message":"Could not authenticate the user","s":"error"}},"timestamp":"2026-06-27 18:37:20,739+0530","service":"FyersAPI"}
{"level":"ERROR","location":"[get_call:165] fyersModel","message":{"API":"/history","Error":{"code":-16,"message":"Could not authenticate the user","s":"error"}},"timestamp":"2026-06-27 18:37:23,898+0530","service":"FyersAPI"}
{"level":"ERROR","location":"[get_call:165] fyersModel","message":{"API":"/history","Error":{"code":-16,"message":"Could not authenticate the user","s":"error"}},"timestamp":"2026-06-27 18:37:23,923+0530","service":"FyersAPI"}
{"level":"ERROR","location":"[get_call:165] fyersModel","message":{"API":"/history","Error":{"code":-16,"message":"Could not authenticate the user","s":"error"}},"timestamp":"2026-06-27 18:37:24,523+0530","service":"FyersAPI"}
{"level":"ERROR","location":"[get_call:183] fyersModel","message":{"API":"/quotes","error":"Expecting value: line 1 column 1 (char 0)"},"timestamp":"2026-06-27 18:37:27,699+0530","service":"FyersAPI"}
{"level":"ERROR","location":"[get_call:165] fyersModel","message":{"API":"/history","Error":{"code":-16,"message":"Could not authenticate the user","s":"error"}},"timestamp":"2026-06-27 18:37:27,828+0530","service":"FyersAPI"}
{"level":"ERROR","location":"[get_call:165] fyersModel","message":{"API":"/history","Error":{"code":-16,"message":"Could not authenticate the user","s":"error"}},"timestamp":"2026-06-27 18:37:28,476+0530","service":"FyersAPI"}
{"level":"ERROR","location":"[get_call:165] fyersModel","message":{"API":"/history","Error":{"code":-16,"message":"Could not authenticate the user","s":"error"}},"timestamp":"2026-06-27 18:37:29,038+0530","service":"FyersAPI"}
{"level":"ERROR","location":"[get_call:165] fyersModel","message":{"API":"/history","Error":{"code":-16,"message":"Could not authenticate the user","s":"error"}},"timestamp":"2026-06-27 18:37:32,142+0530","service":"FyersAPI"}
{"level":"ERROR","location":"[get_call:183] fyersModel","message":{"API":"/quotes","error":"Expecting value: line 1 column 1 (char 0)"},"timestamp":"2026-06-27 18:37:32,399+0530","service":"FyersAPI"}
{"level":"ERROR","location":"[get_call:183] fyersModel","message":{"API":"/quotes","error":"Expecting value: line 1 column 1 (char 0)"},"timestamp":"2026-06-27 18:37:32,747+0530","service":"FyersAPI"}
{"level":"ERROR","location":"[get_call:165] fyersModel","message":{"API":"/history","Error":{"code":-16,"message":"Could not authenticate the user","s":"error"}},"timestamp":"2026-06-27 18:37:33,403+0530","service":"FyersAPI"}
{"level":"ERROR","location":"[get_call:165] fyersModel","message":{"API":"/history","Error":{"code":-16,"message":"Could not authenticate the user","s":"error"}},"timestamp":"2026-06-27 18:37:35,970+0530","service":"FyersAPI"}
{"level":"ERROR","location":"[get_call:165] fyersModel","message":{"API":"/history","Error":{"code":-16,"message":"Could not authenticate the user","s":"error"}},"timestamp":"2026-06-27 18:37:36,076+0530","service":"FyersAPI"}
{"level":"ERROR","location":"[get_call:165] fyersModel","message":{"API":"/history","Error":{"code":-16,"message":"Could not authenticate the user","s":"error"}},"timestamp":"2026-06-27 18:37:36,512+0530","service":"FyersAPI"}
{"level":"ERROR","location":"[get_call:183] fyersModel","message":{"API":"/quotes","error":"Expecting value: line 1 column 1 (char 0)"},"timestamp":"2026-06-27 18:37:39,982+0530","service":"FyersAPI"}
{"level":"ERROR","location":"[get_call:165] fyersModel","message":{"API":"/history","Error":{"code":-16,"message":"Could not authenticate the user","s":"error"}},"timestamp":"2026-06-27 18:37:40,093+0530","service":"FyersAPI"}
{"level":"ERROR","location":"[get_call:165] fyersModel","message":{"API":"/history","Error":{"code":-16,"message":"Could not authenticate the user","s":"error"}},"timestamp":"2026-06-27 18:37:40,272+0530","service":"FyersAPI"}
{"level":"ERROR","location":"[get_call:165] fyersModel","message":{"API":"/history","Error":{"code":-16,"message":"Could not authenticate the user","s":"error"}},"timestamp":"2026-06-27 18:37:40,428+0530","service":"FyersAPI"}
{"level":"ERROR","location":"[get_call:165] fyersModel","message":{"API":"/history","Error":{"code":-16,"message":"Could not authenticate the user","s":"error"}},"timestamp":"2026-06-27 18:37:44,225+0530","service":"FyersAPI"}
{"level":"ERROR","location":"[get_call:165] fyersModel","message":{"API":"/history","Error":{"code":-16,"message":"Could not authenticate the user","s":"error"}},"timestamp":"2026-06-27 18:37:44,353+0530","service":"FyersAPI"}
{"level":"ERROR","location":"[get_call:165] fyersModel","message":{"API":"/history","Error":{"code":-16,"message":"Could not authenticate the user","s":"error"}},"timestamp":"2026-06-27 18:37:46,863+0530","service":"FyersAPI"}
{"level":"ERROR","location":"[get_call:183] fyersModel","message":{"API":"/quotes","error":"Expecting value: line 1 column 1 (char 0)"},"timestamp":"2026-06-27 18:37:46,911+0530","service":"FyersAPI"}
{"level":"ERROR","location":"[get_call:165] fyersModel","message":{"API":"/history","Error":{"code":-16,"message":"Could not authenticate the user","s":"error"}},"timestamp":"2026-06-27 18:37:46,941+0530","service":"FyersAPI"}
{"level":"ERROR","location":"[get_call:165] fyersModel","message":{"API":"/history","Error":{"code":-16,"message":"Could not authenticate the user","s":"error"}},"timestamp":"2026-06-27 18:37:49,548+0530","service":"FyersAPI"}
{"level":"ERROR","location":"[get_call:165] fyersModel","message":{"API":"/history","Error":{"code":-16,"message":"Could not authenticate the user","s":"error"}},"timestamp":"2026-06-27 18:37:49,586+0530","service":"FyersAPI"}
{"level":"ERROR","location":"[get_call:165] fyersModel","message":{"API":"/history","Error":{"code":-16,"message":"Could not authenticate the user","s":"error"}},"timestamp":"2026-06-27 18:37:49,589+0530","service":"FyersAPI"}
{"level":"ERROR","location":"[get_call:165] fyersModel","message":{"API":"/history","Error":{"code":-16,"message":"Could not authenticate the user","s":"error"}},"timestamp":"2026-06-27 18:37:50,315+0530","service":"FyersAPI"}
{"level":"ERROR","location":"[get_call:165] fyersModel","message":{"API":"/history","Error":{"code":-16,"message":"Could not authenticate the user","s":"error"}},"timestamp":"2026-06-27 18:37:52,652+0530","service":"FyersAPI"}
{"level":"ERROR","location":"[get_call:183] fyersModel","message":{"API":"/quotes","error":"Expecting value: line 1 column 1 (char 0)"},"timestamp":"2026-06-27 18:37:52,697+0530","service":"FyersAPI"}
{"level":"ERROR","location":"[get_call:183] fyersModel","message":{"API":"/quotes","error":"Expecting value: line 1 column 1 (char 0)"},"timestamp":"2026-06-27 18:37:52,713+0530","service":"FyersAPI"}
{"level":"ERROR","location":"[get_call:165] fyersModel","message":{"API":"/history","Error":{"code":-16,"message":"Could not authenticate the user","s":"error"}},"timestamp":"2026-06-27 18:37:52,742+0530","service":"FyersAPI"}
{"level":"ERROR","location":"[get_call:165] fyersModel","message":{"API":"/history","Error":{"code":-16,"message":"Could not authenticate the user","s":"error"}},"timestamp":"2026-06-27 18:37:53,101+0530","service":"FyersAPI"}
{"level":"ERROR","location":"[get_call:165] fyersModel","message":{"API":"/history","Error":{"code":-16,"message":"Could not authenticate the user","s":"error"}},"timestamp":"2026-06-27 18:37:56,345+0530","service":"FyersAPI"}
{"level":"ERROR","location":"[get_call:183] fyersModel","message":{"API":"/quotes","error":"Expecting value: line 1 column 1 (char 0)"},"timestamp":"2026-06-27 18:37:56,467+0530","service":"FyersAPI"}
{"level":"ERROR","location":"[get_call:165] fyersModel","message":{"API":"/history","Error":{"code":-16,"message":"Could not authenticate the user","s":"error"}},"timestamp":"2026-06-27 18:37:59,568+0530","service":"FyersAPI"}
{"level":"ERROR","location":"[get_call:165] fyersModel","message":{"API":"/history","Error":{"code":-16,"message":"Could not authenticate the user","s":"error"}},"timestamp":"2026-06-27 18:37:59,573+0530","service":"FyersAPI"}
{"level":"ERROR","location":"[get_call:183] fyersModel","message":{"API":"/quotes","error":"Expecting value: line 1 column 1 (char 0)"},"timestamp":"2026-06-27 18:38:00,823+0530","service":"FyersAPI"}
{"level":"ERROR","location":"[get_call:165] fyersModel","message":{"API":"/history","Error":{"code":-16,"message":"Could not authenticate the user","s":"error"}},"timestamp":"2026-06-27 18:38:01,489+0530","service":"FyersAPI"}
{"level":"ERROR","location":"[get_call:165] fyersModel","message":{"API":"/history","Error":{"code":-16,"message":"Could not authenticate the user","s":"error"}},"timestamp":"2026-06-27 18:38:01,668+0530","service":"FyersAPI"}
{"level":"ERROR","location":"[get_call:165] fyersModel","message":{"API":"/history","Error":{"code":-16,"message":"Could not authenticate the user","s":"error"}},"timestamp":"2026-06-27 18:38:04,162+0530","service":"FyersAPI"}
{"level":"ERROR","location":"[get_call:183] fyersModel","message":{"API":"/quotes","error":"Expecting value: line 1 column 1 (char 0)"},"timestamp":"2026-06-27 18:38:04,269+0530","service":"FyersAPI"}
{"level":"ERROR","location":"[get_call:165] fyersModel","message":{"API":"/history","Error":{"code":-16,"message":"Could not authenticate the user","s":"error"}},"timestamp":"2026-06-27 18:38:04,320+0530","service":"FyersAPI"}
{"level":"ERROR","location":"[get_call:183] fyersModel","message":{"API":"/quotes","error":"Expecting value: line 1 column 1 (char 0)"},"timestamp":"2026-06-27 18:38:04,637+0530","service":"FyersAPI"}
{"level":"ERROR","location":"[get_call:165] fyersModel","message":{"API":"/history","Error":{"code":-16,"message":"Could not authenticate the user","s":"error"}},"timestamp":"2026-06-27 18:38:04,697+0530","service":"FyersAPI"}
{"level":"ERROR","location":"[get_call:183] fyersModel","message":{"API":"/quotes","error":"Expecting value: line 1 column 1 (char 0)"},"timestamp":"2026-06-27 18:38:09,335+0530","service":"FyersAPI"}
{"level":"ERROR","location":"[get_call:165] fyersModel","message":{"API":"/history","Error":{"code":-16,"message":"Could not authenticate the user","s":"error"}},"timestamp":"2026-06-27 18:38:09,441+0530","service":"FyersAPI"}
{"level":"ERROR","location":"[get_call:183] fyersModel","message":{"API":"/quotes","error":"Expecting value: line 1 column 1 (char 0)"},"timestamp":"2026-06-27 18:38:09,751+0530","service":"FyersAPI"}
{"level":"ERROR","location":"[get_call:165] fyersModel","message":{"API":"/history","Error":{"code":-16,"message":"Could not authenticate the user","s":"error"}},"timestamp":"2026-06-27 18:38:10,019+0530","service":"FyersAPI"}
{"level":"ERROR","location":"[get_call:165] fyersModel","message":{"API":"/history","Error":{"code":-16,"message":"Could not authenticate the user","s":"error"}},"timestamp":"2026-06-27 18:38:13,125+0530","service":"FyersAPI"}
{"level":"ERROR","location":"[get_call:165] fyersModel","message":{"API":"/history","Error":{"code":-16,"message":"Could not authenticate the user","s":"error"}},"timestamp":"2026-06-27 18:38:13,233+0530","service":"FyersAPI"}
{"level":"ERROR","location":"[get_call:165] fyersModel","message":{"API":"/history","Error":{"code":-16,"message":"Could not authenticate the user","s":"error"}},"timestamp":"2026-06-27 18:38:13,589+0530","service":"FyersAPI"}
{"level":"ERROR","location":"[get_call:183] fyersModel","message":{"API":"/quotes","error":"Expecting value: line 1 column 1 (char 0)"},"timestamp":"2026-06-27 18:38:13,720+0530","service":"FyersAPI"}
{"level":"ERROR","location":"[get_call:165] fyersModel","message":{"API":"/history","Error":{"code":-16,"message":"Could not authenticate the user","s":"error"}},"timestamp":"2026-06-27 18:38:14,664+0530","service":"FyersAPI"}
{"level":"ERROR","location":"[get_call:183] fyersModel","message":{"API":"/quotes","error":"Expecting value: line 1 column 1 (char 0)"},"timestamp":"2026-06-27 18:38:18,018+0530","service":"FyersAPI"}
{"level":"ERROR","location":"[get_call:183] fyersModel","message":{"API":"/quotes","error":"Expecting value: line 1 column 1 (char 0)"},"timestamp":"2026-06-27 18:38:18,899+0530","service":"FyersAPI"}
{"level":"ERROR","location":"[get_call:165] fyersModel","message":{"API":"/history","Error":{"code":-16,"message":"Could not authenticate the user","s":"error"}},"timestamp":"2026-06-27 18:38:19,254+0530","service":"FyersAPI"}
{"level":"ERROR","location":"[get_call:183] fyersModel","message":{"API":"/quotes","error":"Expecting value: line 1 column 1 (char 0)"},"timestamp":"2026-06-27 18:38:20,756+0530","service":"FyersAPI"}
{"level":"ERROR","location":"[get_call:165] fyersModel","message":{"API":"/history","Error":{"code":-16,"message":"Could not authenticate the user","s":"error"}},"timestamp":"2026-06-27 18:38:20,894+0530","service":"FyersAPI"}
{"level":"ERROR","location":"[get_call:165] fyersModel","message":{"API":"/history","Error":{"code":-16,"message":"Could not authenticate the user","s":"error"}},"timestamp":"2026-06-27 18:38:20,973+0530","service":"FyersAPI"}
{"level":"ERROR","location":"[get_call:165] fyersModel","message":{"API":"/history","Error":{"code":-16,"message":"Could not authenticate the user","s":"error"}},"timestamp":"2026-06-27 18:38:25,194+0530","service":"FyersAPI"}
{"level":"ERROR","location":"[get_call:183] fyersModel","message":{"API":"/quotes","error":"Expecting value: line 1 column 1 (char 0)"},"timestamp":"2026-06-27 18:38:25,238+0530","service":"FyersAPI"}
{"level":"ERROR","location":"[get_call:183] fyersModel","message":{"API":"/quotes","error":"Expecting value: line 1 column 1 (char 0)"},"timestamp":"2026-06-27 18:38:25,517+0530","service":"FyersAPI"}
{"level":"ERROR","location":"[get_call:165] fyersModel","message":{"API":"/history","Error":{"code":-16,"message":"Could not authenticate the user","s":"error"}},"timestamp":"2026-06-27 18:38:26,260+0530","service":"FyersAPI"}
{"level":"ERROR","location":"[get_call:165] fyersModel","message":{"API":"/history","Error":{"code":-16,"message":"Could not authenticate the user","s":"error"}},"timestamp":"2026-06-27 18:38:29,636+0530","service":"FyersAPI"}
{"level":"ERROR","location":"[get_call:183] fyersModel","message":{"API":"/quotes","error":"Expecting value: line 1 column 1 (char 0)"},"timestamp":"2026-06-27 18:38:29,642+0530","service":"FyersAPI"}
{"level":"ERROR","location":"[get_call:183] fyersModel","message":{"API":"/quotes","error":"Expecting value: line 1 column 1 (char 0)"},"timestamp":"2026-06-27 18:38:29,862+0530","service":"FyersAPI"}
{"level":"ERROR","location":"[get_call:165] fyersModel","message":{"API":"/history","Error":{"code":-16,"message":"Could not authenticate the user","s":"error"}},"timestamp":"2026-06-27 18:38:30,301+0530","service":"FyersAPI"}
{"level":"ERROR","location":"[get_call:165] fyersModel","message":{"API":"/history","Error":{"code":-16,"message":"Could not authenticate the user","s":"error"}},"timestamp":"2026-06-27 18:38:34,620+0530","service":"FyersAPI"}
{"level":"ERROR","location":"[get_call:165] fyersModel","message":{"API":"/history","Error":{"code":-16,"message":"Could not authenticate the user","s":"error"}},"timestamp":"2026-06-27 18:38:34,763+0530","service":"FyersAPI"}
{"level":"ERROR","location":"[get_call:183] fyersModel","message":{"API":"/quotes","error":"Expecting value: line 1 column 1 (char 0)"},"timestamp":"2026-06-27 18:38:34,904+0530","service":"FyersAPI"}
{"level":"ERROR","location":"[get_call:165] fyersModel","message":{"API":"/history","Error":{"code":-16,"message":"Could not authenticate the user","s":"error"}},"timestamp":"2026-06-27 18:38:35,519+0530","service":"FyersAPI"}
{"level":"ERROR","location":"[get_call:165] fyersModel","message":{"API":"/history","Error":{"code":-16,"message":"Could not authenticate the user","s":"error"}},"timestamp":"2026-06-27 18:38:37,603+0530","service":"FyersAPI"}
{"level":"ERROR","location":"[get_call:165] fyersModel","message":{"API":"/history","Error":{"code":-16,"message":"Could not authenticate the user","s":"error"}},"timestamp":"2026-06-27 18:38:37,824+0530","service":"FyersAPI"}
{"level":"ERROR","location":"[get_call:165] fyersModel","message":{"API":"/history","Error":{"code":-16,"message":"Could not authenticate the user","s":"error"}},"timestamp":"2026-06-27 18:38:38,726+0530","service":"FyersAPI"}
{"level":"ERROR","location":"[get_call:165] fyersModel","message":{"API":"/history","Error":{"code":-16,"message":"Could not authenticate the user","s":"error"}},"timestamp":"2026-06-27 18:38:42,896+0530","service":"FyersAPI"}
{"level":"ERROR","location":"[get_call:165] fyersModel","message":{"API":"/history","Error":{"code":-16,"message":"Could not authenticate the user","s":"error"}},"timestamp":"2026-06-27 18:38:42,993+0530","service":"FyersAPI"}
{"level":"ERROR","location":"[get_call:165] fyersModel","message":{"API":"/history","Error":{"code":-16,"message":"Could not authenticate the user","s":"error"}},"timestamp":"2026-06-27 18:38:43,616+0530","service":"FyersAPI"}
{"level":"ERROR","location":"[get_call:165] fyersModel","message":{"API":"/history","Error":{"code":-16,"message":"Could not authenticate the user","s":"error"}},"timestamp":"2026-06-27 18:38:47,517+0530","service":"FyersAPI"}
{"level":"ERROR","location":"[get_call:183] fyersModel","message":{"API":"/quotes","error":"Expecting value: line 1 column 1 (char 0)"},"timestamp":"2026-06-27 18:38:47,625+0530","service":"FyersAPI"}
{"level":"ERROR","location":"[get_call:165] fyersModel","message":{"API":"/history","Error":{"code":-16,"message":"Could not authenticate the user","s":"error"}},"timestamp":"2026-06-27 18:38:47,728+0530","service":"FyersAPI"}
{"level":"ERROR","location":"[get_call:165] fyersModel","message":{"API":"/history","Error":{"code":-16,"message":"Could not authenticate the user","s":"error"}},"timestamp":"2026-06-27 18:38:48,861+0530","service":"FyersAPI"}
{"level":"ERROR","location":"[get_call:165] fyersModel","message":{"API":"/history","Error":{"code":-16,"message":"Could not authenticate the user","s":"error"}},"timestamp":"2026-06-27 18:38:48,947+0530","service":"FyersAPI"}
{"level":"ERROR","location":"[get_call:183] fyersModel","message":{"API":"/quotes","error":"Expecting value: line 1 column 1 (char 0)"},"timestamp":"2026-06-27 18:38:54,480+0530","service":"FyersAPI"}
{"level":"ERROR","location":"[get_call:183] fyersModel","message":{"API":"/quotes","error":"Expecting value: line 1 column 1 (char 0)"},"timestamp":"2026-06-27 18:38:54,515+0530","service":"FyersAPI"}
{"level":"ERROR","location":"[get_call:183] fyersModel","message":{"API":"/quotes","error":"Expecting value: line 1 column 1 (char 0)"},"timestamp":"2026-06-27 18:38:54,661+0530","service":"FyersAPI"}
{"level":"ERROR","location":"[get_call:165] fyersModel","message":{"API":"/history","Error":{"code":-16,"message":"Could not authenticate the user","s":"error"}},"timestamp":"2026-06-27 18:38:54,827+0530","service":"FyersAPI"}
{"level":"ERROR","location":"[get_call:165] fyersModel","message":{"API":"/history","Error":{"code":-16,"message":"Could not authenticate the user","s":"error"}},"timestamp":"2026-06-27 18:38:56,313+0530","service":"FyersAPI"}
{"level":"ERROR","location":"[get_call:165] fyersModel","message":{"API":"/history","Error":{"code":-16,"message":"Could not authenticate the user","s":"error"}},"timestamp":"2026-06-27 18:38:56,345+0530","service":"FyersAPI"}
{"level":"ERROR","location":"[get_call:165] fyersModel","message":{"API":"/history","Error":{"code":-16,"message":"Could not authenticate the user","s":"error"}},"timestamp":"2026-06-27 18:39:01,525+0530","service":"FyersAPI"}
{"level":"ERROR","location":"[get_call:165] fyersModel","message":{"API":"/history","Error":{"code":-16,"message":"Could not authenticate the user","s":"error"}},"timestamp":"2026-06-27 18:39:01,723+0530","service":"FyersAPI"}
{"level":"ERROR","location":"[get_call:165] fyersModel","message":{"API":"/history","Error":{"code":-16,"message":"Could not authenticate the user","s":"error"}},"timestamp":"2026-06-27 18:39:02,565+0530","service":"FyersAPI"}
{"level":"ERROR","location":"[get_call:165] fyersModel","message":{"API":"/history","Error":{"code":-16,"message":"Could not authenticate the user","s":"error"}},"timestamp":"2026-06-27 18:39:07,404+0530","service":"FyersAPI"}
{"level":"ERROR","location":"[get_call:165] fyersModel","message":{"API":"/history","Error":{"code":-16,"message":"Could not authenticate the user","s":"error"}},"timestamp":"2026-06-27 18:39:07,553+0530","service":"FyersAPI"}
{"level":"ERROR","location":"[get_call:165] fyersModel","message":{"API":"/history","Error":{"code":-16,"message":"Could not authenticate the user","s":"error"}},"timestamp":"2026-06-27 18:39:07,827+0530","service":"FyersAPI"}
{"level":"ERROR","location":"[get_call:165] fyersModel","message":{"API":"/history","Error":{"code":-16,"message":"Could not authenticate the user","s":"error"}},"timestamp":"2026-06-27 18:39:11,492+0530","service":"FyersAPI"}
{"level":"ERROR","location":"[get_call:183] fyersModel","message":{"API":"/quotes","error":"Expecting value: line 1 column 1 (char 0)"},"timestamp":"2026-06-27 18:39:11,652+0530","service":"FyersAPI"}
{"level":"ERROR","location":"[get_call:183] fyersModel","message":{"API":"/quotes","error":"Expecting value: line 1 column 1 (char 0)"},"timestamp":"2026-06-27 18:39:11,810+0530","service":"FyersAPI"}
{"level":"ERROR","location":"[get_call:165] fyersModel","message":{"API":"/history","Error":{"code":-16,"message":"Could not authenticate the user","s":"error"}},"timestamp":"2026-06-27 18:39:12,095+0530","service":"FyersAPI"}
{"level":"ERROR","location":"[get_call:183] fyersModel","message":{"API":"/quotes","error":"Expecting value: line 1 column 1 (char 0)"},"timestamp":"2026-06-27 18:39:16,205+0530","service":"FyersAPI"}
{"level":"ERROR","location":"[get_call:165] fyersModel","message":{"API":"/history","Error":{"code":-16,"message":"Could not authenticate the user","s":"error"}},"timestamp":"2026-06-27 18:39:16,739+0530","service":"FyersAPI"}
{"level":"ERROR","location":"[get_call:165] fyersModel","message":{"API":"/history","Error":{"code":-16,"message":"Could not authenticate the user","s":"error"}},"timestamp":"2026-06-27 18:39:17,979+0530","service":"FyersAPI"}
{"level":"ERROR","location":"[get_call:165] fyersModel","message":{"API":"/history","Error":{"code":-16,"message":"Could not authenticate the user","s":"error"}},"timestamp":"2026-06-27 18:39:19,860+0530","service":"FyersAPI"}
{"level":"ERROR","location":"[get_call:165] fyersModel","message":{"API":"/history","Error":{"code":-16,"message":"Could not authenticate the user","s":"error"}},"timestamp":"2026-06-27 18:39:21,153+0530","service":"FyersAPI"}
{"level":"ERROR","location":"[get_call:165] fyersModel","message":{"API":"/history","Error":{"code":-16,"message":"Could not authenticate the user","s":"error"}},"timestamp":"2026-06-27 18:39:23,682+0530","service":"FyersAPI"}
{"level":"ERROR","location":"[get_call:165] fyersModel","message":{"API":"/history","Error":{"code":-16,"message":"Could not authenticate the user","s":"error"}},"timestamp":"2026-06-27 18:39:23,736+0530","service":"FyersAPI"}
{"level":"ERROR","location":"[get_call:165] fyersModel","message":{"API":"/history","Error":{"code":-16,"message":"Could not authenticate the user","s":"error"}},"timestamp":"2026-06-27 18:39:27,302+0530","service":"FyersAPI"}
{"level":"ERROR","location":"[get_call:165] fyersModel","message":{"API":"/history","Error":{"code":-16,"message":"Could not authenticate the user","s":"error"}},"timestamp":"2026-06-27 18:39:27,821+0530","service":"FyersAPI"}
{"level":"ERROR","location":"[get_call:165] fyersModel","message":{"API":"/history","Error":{"code":-16,"message":"Could not authenticate the user","s":"error"}},"timestamp":"2026-06-27 18:39:29,983+0530","service":"FyersAPI"}
{"level":"ERROR","location":"[get_call:165] fyersModel","message":{"API":"/history","Error":{"code":-16,"message":"Could not authenticate the user","s":"error"}},"timestamp":"2026-06-27 18:39:30,028+0530","service":"FyersAPI"}
{"level":"ERROR","location":"[get_call:165] fyersModel","message":{"API":"/history","Error":{"code":-16,"message":"Could not authenticate the user","s":"error"}},"timestamp":"2026-06-27 18:39:30,379+0530","service":"FyersAPI"}
{"level":"ERROR","location":"[get_call:165] fyersModel","message":{"API":"/history","Error":{"code":-16,"message":"Could not authenticate the user","s":"error"}},"timestamp":"2026-06-27 18:39:33,677+0530","service":"FyersAPI"}
{"level":"ERROR","location":"[get_call:183] fyersModel","message":{"API":"/quotes","error":"Expecting value: line 1 column 1 (char 0)"},"timestamp":"2026-06-27 18:39:33,954+0530","service":"FyersAPI"}
{"level":"ERROR","location":"[get_call:183] fyersModel","message":{"API":"/quotes","error":"Expecting value: line 1 column 1 (char 0)"},"timestamp":"2026-06-27 18:39:34,051+0530","service":"FyersAPI"}
{"level":"ERROR","location":"[get_call:165] fyersModel","message":{"API":"/history","Error":{"code":-16,"message":"Could not authenticate the user","s":"error"}},"timestamp":"2026-06-27 18:39:34,444+0530","service":"FyersAPI"}
{"level":"ERROR","location":"[get_call:183] fyersModel","message":{"API":"/quotes","error":"Expecting value: line 1 column 1 (char 0)"},"timestamp":"2026-06-27 18:39:34,639+0530","service":"FyersAPI"}
{"level":"ERROR","location":"[get_call:165] fyersModel","message":{"API":"/history","Error":{"code":-16,"message":"Could not authenticate the user","s":"error"}},"timestamp":"2026-06-27 18:39:37,257+0530","service":"FyersAPI"}
{"level":"ERROR","location":"[get_call:165] fyersModel","message":{"API":"/history","Error":{"code":-16,"message":"Could not authenticate the user","s":"error"}},"timestamp":"2026-06-27 18:39:38,004+0530","service":"FyersAPI"}
{"level":"ERROR","location":"[get_call:165] fyersModel","message":{"API":"/history","Error":{"code":-16,"message":"Could not authenticate the user","s":"error"}},"timestamp":"2026-06-27 18:39:38,387+0530","service":"FyersAPI"}
{"level":"ERROR","location":"[get_call:165] fyersModel","message":{"API":"/history","Error":{"code":-16,"message":"Could not authenticate the user","s":"error"}},"timestamp":"2026-06-27 18:39:38,505+0530","service":"FyersAPI"}
{"level":"ERROR","location":"[get_call:165] fyersModel","message":{"API":"/history","Error":{"code":-16,"message":"Could not authenticate the user","s":"error"}},"timestamp":"2026-06-27 18:39:42,768+0530","service":"FyersAPI"}
{"level":"ERROR","location":"[get_call:183] fyersModel","message":{"API":"/quotes","error":"Expecting value: line 1 column 1 (char 0)"},"timestamp":"2026-06-27 18:39:42,950+0530","service":"FyersAPI"}
{"level":"ERROR","location":"[get_call:165] fyersModel","message":{"API":"/history","Error":{"code":-16,"message":"Could not authenticate the user","s":"error"}},"timestamp":"2026-06-27 18:39:43,587+0530","service":"FyersAPI"}
{"level":"ERROR","location":"[get_call:165] fyersModel","message":{"API":"/history","Error":{"code":-16,"message":"Could not authenticate the user","s":"error"}},"timestamp":"2026-06-27 18:39:46,181+0530","service":"FyersAPI"}
{"level":"ERROR","location":"[get_call:165] fyersModel","message":{"API":"/history","Error":{"code":-16,"message":"Could not authenticate the user","s":"error"}},"timestamp":"2026-06-27 18:39:46,675+0530","service":"FyersAPI"}
{"level":"ERROR","location":"[get_call:165] fyersModel","message":{"API":"/history","Error":{"code":-16,"message":"Could not authenticate the user","s":"error"}},"timestamp":"2026-06-27 18:39:49,860+0530","service":"FyersAPI"}
{"level":"ERROR","location":"[get_call:165] fyersModel","message":{"API":"/history","Error":{"code":-16,"message":"Could not authenticate the user","s":"error"}},"timestamp":"2026-06-27 18:39:50,935+0530","service":"FyersAPI"}
{"level":"ERROR","location":"[get_call:165] fyersModel","message":{"API":"/history","Error":{"code":-16,"message":"Could not authenticate the user","s":"error"}},"timestamp":"2026-06-27 18:39:51,103+0530","service":"FyersAPI"}
{"level":"ERROR","location":"[get_call:183] fyersModel","message":{"API":"/quotes","error":"Expecting value: line 1 column 1 (char 0)"},"timestamp":"2026-06-27 18:39:55,031+0530","service":"FyersAPI"}
{"level":"ERROR","location":"[get_call:165] fyersModel","message":{"API":"/history","Error":{"code":-16,"message":"Could not authenticate the user","s":"error"}},"timestamp":"2026-06-27 18:39:55,090+0530","service":"FyersAPI"}
{"level":"ERROR","location":"[get_call:183] fyersModel","message":{"API":"/quotes","error":"Expecting value: line 1 column 1 (char 0)"},"timestamp":"2026-06-27 18:39:55,322+0530","service":"FyersAPI"}
{"level":"ERROR","location":"[get_call:183] fyersModel","message":{"API":"/quotes","error":"Expecting value: line 1 column 1 (char 0)"},"timestamp":"2026-06-27 18:39:55,545+0530","service":"FyersAPI"}
{"level":"ERROR","location":"[get_call:165] fyersModel","message":{"API":"/history","Error":{"code":-16,"message":"Could not authenticate the user","s":"error"}},"timestamp":"2026-06-27 18:39:56,516+0530","service":"FyersAPI"}
{"level":"ERROR","location":"[get_call:165] fyersModel","message":{"API":"/history","Error":{"code":-16,"message":"Could not authenticate the user","s":"error"}},"timestamp":"2026-06-27 18:39:56,662+0530","service":"FyersAPI"}
{"level":"ERROR","location":"[get_call:165] fyersModel","message":{"API":"/history","Error":{"code":-16,"message":"Could not authenticate the user","s":"error"}},"timestamp":"2026-06-27 18:40:00,154+0530","service":"FyersAPI"}
{"level":"ERROR","location":"[get_call:165] fyersModel","message":{"API":"/history","Error":{"code":-16,"message":"Could not authenticate the user","s":"error"}},"timestamp":"2026-06-27 18:40:01,176+0530","service":"FyersAPI"}
{"level":"ERROR","location":"[get_call:165] fyersModel","message":{"API":"/history","Error":{"code":-16,"message":"Could not authenticate the user","s":"error"}},"timestamp":"2026-06-27 18:40:01,545+0530","service":"FyersAPI"}
{"level":"ERROR","location":"[get_call:165] fyersModel","message":{"API":"/history","Error":{"code":-16,"message":"Could not authenticate the user","s":"error"}},"timestamp":"2026-06-27 18:40:04,359+0530","service":"FyersAPI"}
{"level":"ERROR","location":"[get_call:165] fyersModel","message":{"API":"/history","Error":{"code":-16,"message":"Could not authenticate the user","s":"error"}},"timestamp":"2026-06-27 18:40:05,084+0530","service":"FyersAPI"}
{"level":"ERROR","location":"[get_call:165] fyersModel","message":{"API":"/history","Error":{"code":-16,"message":"Could not authenticate the user","s":"error"}},"timestamp":"2026-06-27 18:40:05,235+0530","service":"FyersAPI"}
{"level":"ERROR","location":"[get_call:165] fyersModel","message":{"API":"/history","Error":{"code":-16,"message":"Could not authenticate the user","s":"error"}},"timestamp":"2026-06-27 18:40:08,780+0530","service":"FyersAPI"}
{"level":"ERROR","location":"[get_call:165] fyersModel","message":{"API":"/history","Error":{"code":-16,"message":"Could not authenticate the user","s":"error"}},"timestamp":"2026-06-27 18:40:09,033+0530","service":"FyersAPI"}
{"level":"ERROR","location":"[get_call:165] fyersModel","message":{"API":"/history","Error":{"code":-16,"message":"Could not authenticate the user","s":"error"}},"timestamp":"2026-06-27 18:40:09,573+0530","service":"FyersAPI"}
{"level":"ERROR","location":"[get_call:165] fyersModel","message":{"API":"/history","Error":{"code":-16,"message":"Could not authenticate the user","s":"error"}},"timestamp":"2026-06-27 18:40:13,070+0530","service":"FyersAPI"}
{"level":"ERROR","location":"[get_call:183] fyersModel","message":{"API":"/quotes","error":"Expecting value: line 1 column 1 (char 0)"},"timestamp":"2026-06-27 18:40:13,216+0530","service":"FyersAPI"}
{"level":"ERROR","location":"[get_call:183] fyersModel","message":{"API":"/quotes","error":"Expecting value: line 1 column 1 (char 0)"},"timestamp":"2026-06-27 18:40:13,308+0530","service":"FyersAPI"}
{"level":"ERROR","location":"[get_call:183] fyersModel","message":{"API":"/quotes","error":"Expecting value: line 1 column 1 (char 0)"},"timestamp":"2026-06-27 18:40:13,421+0530","service":"FyersAPI"}
{"level":"ERROR","location":"[get_call:165] fyersModel","message":{"API":"/history","Error":{"code":-16,"message":"Could not authenticate the user","s":"error"}},"timestamp":"2026-06-27 18:40:14,116+0530","service":"FyersAPI"}
{"level":"ERROR","location":"[get_call:165] fyersModel","message":{"API":"/history","Error":{"code":-16,"message":"Could not authenticate the user","s":"error"}},"timestamp":"2026-06-27 18:40:14,252+0530","service":"FyersAPI"}
{"level":"ERROR","location":"[get_call:165] fyersModel","message":{"API":"/history","Error":{"code":-16,"message":"Could not authenticate the user","s":"error"}},"timestamp":"2026-06-27 18:40:17,262+0530","service":"FyersAPI"}
{"level":"ERROR","location":"[get_call:165] fyersModel","message":{"API":"/history","Error":{"code":-16,"message":"Could not authenticate the user","s":"error"}},"timestamp":"2026-06-27 18:40:17,396+0530","service":"FyersAPI"}
{"level":"ERROR","location":"[get_call:165] fyersModel","message":{"API":"/history","Error":{"code":-16,"message":"Could not authenticate the user","s":"error"}},"timestamp":"2026-06-27 18:40:20,781+0530","service":"FyersAPI"}
{"level":"ERROR","location":"[get_call:165] fyersModel","message":{"API":"/history","Error":{"code":-16,"message":"Could not authenticate the user","s":"error"}},"timestamp":"2026-06-27 18:40:21,366+0530","service":"FyersAPI"}
{"level":"ERROR","location":"[get_call:165] fyersModel","message":{"API":"/history","Error":{"code":-16,"message":"Could not authenticate the user","s":"error"}},"timestamp":"2026-06-27 18:40:24,227+0530","service":"FyersAPI"}
{"level":"ERROR","location":"[get_call:165] fyersModel","message":{"API":"/history","Error":{"code":-16,"message":"Could not authenticate the user","s":"error"}},"timestamp":"2026-06-27 18:40:24,251+0530","service":"FyersAPI"}
{"level":"ERROR","location":"[get_call:165] fyersModel","message":{"API":"/history","Error":{"code":-16,"message":"Could not authenticate the user","s":"error"}},"timestamp":"2026-06-27 18:40:24,985+0530","service":"FyersAPI"}
{"level":"ERROR","location":"[get_call:165] fyersModel","message":{"API":"/history","Error":{"code":-16,"message":"Could not authenticate the user","s":"error"}},"timestamp":"2026-06-27 18:40:27,698+0530","service":"FyersAPI"}
{"level":"ERROR","location":"[get_call:183] fyersModel","message":{"API":"/quotes","error":"Expecting value: line 1 column 1 (char 0)"},"timestamp":"2026-06-27 18:40:27,903+0530","service":"FyersAPI"}
{"level":"ERROR","location":"[get_call:165] fyersModel","message":{"API":"/history","Error":{"code":-16,"message":"Could not authenticate the user","s":"error"}},"timestamp":"2026-06-27 18:40:28,380+0530","service":"FyersAPI"}
{"level":"ERROR","location":"[get_call:165] fyersModel","message":{"API":"/history","Error":{"code":-16,"message":"Could not authenticate the user","s":"error"}},"timestamp":"2026-06-27 18:40:31,860+0530","service":"FyersAPI"}
{"level":"ERROR","location":"[get_call:165] fyersModel","message":{"API":"/history","Error":{"code":-16,"message":"Could not authenticate the user","s":"error"}},"timestamp":"2026-06-27 18:40:32,206+0530","service":"FyersAPI"}
{"level":"ERROR","location":"[get_call:165] fyersModel","message":{"API":"/history","Error":{"code":-16,"message":"Could not authenticate the user","s":"error"}},"timestamp":"2026-06-27 18:40:32,684+0530","service":"FyersAPI"}
{"level":"ERROR","location":"[get_call:183] fyersModel","message":{"API":"/quotes","error":"Expecting value: line 1 column 1 (char 0)"},"timestamp":"2026-06-27 18:40:35,376+0530","service":"FyersAPI"}
{"level":"ERROR","location":"[get_call:183] fyersModel","message":{"API":"/quotes","error":"Expecting value: line 1 column 1 (char 0)"},"timestamp":"2026-06-27 18:40:35,638+0530","service":"FyersAPI"}
{"level":"ERROR","location":"[get_call:165] fyersModel","message":{"API":"/history","Error":{"code":-16,"message":"Could not authenticate the user","s":"error"}},"timestamp":"2026-06-27 18:40:37,025+0530","service":"FyersAPI"}
{"level":"ERROR","location":"[get_call:165] fyersModel","message":{"API":"/history","Error":{"code":-16,"message":"Could not authenticate the user","s":"error"}},"timestamp":"2026-06-27 18:40:37,029+0530","service":"FyersAPI"}
{"level":"ERROR","location":"[get_call:165] fyersModel","message":{"API":"/history","Error":{"code":-16,"message":"Could not authenticate the user","s":"error"}},"timestamp":"2026-06-27 18:40:40,498+0530","service":"FyersAPI"}
{"level":"ERROR","location":"[get_call:165] fyersModel","message":{"API":"/history","Error":{"code":-16,"message":"Could not authenticate the user","s":"error"}},"timestamp":"2026-06-27 18:40:41,272+0530","service":"FyersAPI"}
{"level":"ERROR","location":"[get_call:165] fyersModel","message":{"API":"/history","Error":{"code":-16,"message":"Could not authenticate the user","s":"error"}},"timestamp":"2026-06-27 18:40:41,312+0530","service":"FyersAPI"}
{"level":"ERROR","location":"[get_call:165] fyersModel","message":{"API":"/history","Error":{"code":-16,"message":"Could not authenticate the user","s":"error"}},"timestamp":"2026-06-27 18:40:44,831+0530","service":"FyersAPI"}
{"level":"ERROR","location":"[get_call:183] fyersModel","message":{"API":"/quotes","error":"Expecting value: line 1 column 1 (char 0)"},"timestamp":"2026-06-27 18:40:44,923+0530","service":"FyersAPI"}
{"level":"ERROR","location":"[get_call:165] fyersModel","message":{"API":"/history","Error":{"code":-16,"message":"Could not authenticate the user","s":"error"}},"timestamp":"2026-06-27 18:40:45,638+0530","service":"FyersAPI"}
{"level":"ERROR","location":"[get_call:165] fyersModel","message":{"API":"/history","Error":{"code":-16,"message":"Could not authenticate the user","s":"error"}},"timestamp":"2026-06-27 18:40:46,191+0530","service":"FyersAPI"}
{"level":"ERROR","location":"[get_call:165] fyersModel","message":{"API":"/history","Error":{"code":-16,"message":"Could not authenticate the user","s":"error"}},"timestamp":"2026-06-27 18:40:49,013+0530","service":"FyersAPI"}
{"level":"ERROR","location":"[get_call:165] fyersModel","message":{"API":"/history","Error":{"code":-16,"message":"Could not authenticate the user","s":"error"}},"timestamp":"2026-06-27 18:40:49,918+0530","service":"FyersAPI"}
{"level":"ERROR","location":"[get_call:165] fyersModel","message":{"API":"/history","Error":{"code":-16,"message":"Could not authenticate the user","s":"error"}},"timestamp":"2026-06-27 18:40:50,363+0530","service":"FyersAPI"}
{"level":"ERROR","location":"[get_call:165] fyersModel","message":{"API":"/history","Error":{"code":-16,"message":"Could not authenticate the user","s":"error"}},"timestamp":"2026-06-27 18:40:53,512+0530","service":"FyersAPI"}
{"level":"ERROR","location":"[get_call:165] fyersModel","message":{"API":"/history","Error":{"code":-16,"message":"Could not authenticate the user","s":"error"}},"timestamp":"2026-06-27 18:40:53,526+0530","service":"FyersAPI"}
{"level":"ERROR","location":"[get_call:183] fyersModel","message":{"API":"/quotes","error":"Expecting value: line 1 column 1 (char 0)"},"timestamp":"2026-06-27 18:40:53,530+0530","service":"FyersAPI"}
{"level":"ERROR","location":"[get_call:165] fyersModel","message":{"API":"/history","Error":{"code":-16,"message":"Could not authenticate the user","s":"error"}},"timestamp":"2026-06-27 18:40:54,816+0530","service":"FyersAPI"}
{"level":"ERROR","location":"[get_call:165] fyersModel","message":{"API":"/history","Error":{"code":-16,"message":"Could not authenticate the user","s":"error"}},"timestamp":"2026-06-27 18:40:58,555+0530","service":"FyersAPI"}
{"level":"ERROR","location":"[get_call:183] fyersModel","message":{"API":"/quotes","error":"Expecting value: line 1 column 1 (char 0)"},"timestamp":"2026-06-27 18:40:58,753+0530","service":"FyersAPI"}
{"level":"ERROR","location":"[get_call:165] fyersModel","message":{"API":"/history","Error":{"code":-16,"message":"Could not authenticate the user","s":"error"}},"timestamp":"2026-06-27 18:40:59,698+0530","service":"FyersAPI"}
{"level":"ERROR","location":"[get_call:165] fyersModel","message":{"API":"/history","Error":{"code":-16,"message":"Could not authenticate the user","s":"error"}},"timestamp":"2026-06-27 18:41:00,130+0530","service":"FyersAPI"}
{"level":"ERROR","location":"[get_call:165] fyersModel","message":{"API":"/history","Error":{"code":-16,"message":"Could not authenticate the user","s":"error"}},"timestamp":"2026-06-27 18:41:03,853+0530","service":"FyersAPI"}
{"level":"ERROR","location":"[get_call:183] fyersModel","message":{"API":"/quotes","error":"Expecting value: line 1 column 1 (char 0)"},"timestamp":"2026-06-27 18:41:04,500+0530","service":"FyersAPI"}
{"level":"ERROR","location":"[get_call:165] fyersModel","message":{"API":"/history","Error":{"code":-16,"message":"Could not authenticate the user","s":"error"}},"timestamp":"2026-06-27 18:41:04,785+0530","service":"FyersAPI"}
{"level":"ERROR","location":"[get_call:165] fyersModel","message":{"API":"/history","Error":{"code":-16,"message":"Could not authenticate the user","s":"error"}},"timestamp":"2026-06-27 18:41:07,896+0530","service":"FyersAPI"}
{"level":"ERROR","location":"[get_call:165] fyersModel","message":{"API":"/history","Error":{"code":-16,"message":"Could not authenticate the user","s":"error"}},"timestamp":"2026-06-27 18:41:07,948+0530","service":"FyersAPI"}
{"level":"ERROR","location":"[get_call:165] fyersModel","message":{"API":"/history","Error":{"code":-16,"message":"Could not authenticate the user","s":"error"}},"timestamp":"2026-06-27 18:41:08,014+0530","service":"FyersAPI"}
{"level":"ERROR","location":"[get_call:165] fyersModel","message":{"API":"/history","Error":{"code":-16,"message":"Could not authenticate the user","s":"error"}},"timestamp":"2026-06-27 18:41:09,167+0530","service":"FyersAPI"}
{"level":"ERROR","location":"[get_call:183] fyersModel","message":{"API":"/quotes","error":"Expecting value: line 1 column 1 (char 0)"},"timestamp":"2026-06-27 18:41:13,685+0530","service":"FyersAPI"}
{"level":"ERROR","location":"[get_call:165] fyersModel","message":{"API":"/history","Error":{"code":-16,"message":"Could not authenticate the user","s":"error"}},"timestamp":"2026-06-27 18:41:13,841+0530","service":"FyersAPI"}
{"level":"ERROR","location":"[get_call:183] fyersModel","message":{"API":"/quotes","error":"Expecting value: line 1 column 1 (char 0)"},"timestamp":"2026-06-27 18:41:13,860+0530","service":"FyersAPI"}
{"level":"ERROR","location":"[get_call:165] fyersModel","message":{"API":"/history","Error":{"code":-16,"message":"Could not authenticate the user","s":"error"}},"timestamp":"2026-06-27 18:41:14,895+0530","service":"FyersAPI"}
{"level":"ERROR","location":"[get_call:183] fyersModel","message":{"API":"/quotes","error":"Expecting value: line 1 column 1 (char 0)"},"timestamp":"2026-06-27 18:41:18,413+0530","service":"FyersAPI"}
{"level":"ERROR","location":"[get_call:165] fyersModel","message":{"API":"/history","Error":{"code":-16,"message":"Could not authenticate the user","s":"error"}},"timestamp":"2026-06-27 18:41:18,515+0530","service":"FyersAPI"}
{"level":"ERROR","location":"[get_call:165] fyersModel","message":{"API":"/history","Error":{"code":-16,"message":"Could not authenticate the user","s":"error"}},"timestamp":"2026-06-27 18:41:18,986+0530","service":"FyersAPI"}
{"level":"ERROR","location":"[get_call:165] fyersModel","message":{"API":"/history","Error":{"code":-16,"message":"Could not authenticate the user","s":"error"}},"timestamp":"2026-06-27 18:41:20,039+0530","service":"FyersAPI"}
{"level":"ERROR","location":"[get_call:165] fyersModel","message":{"API":"/history","Error":{"code":-16,"message":"Could not authenticate the user","s":"error"}},"timestamp":"2026-06-27 18:41:23,622+0530","service":"FyersAPI"}
{"level":"ERROR","location":"[get_call:165] fyersModel","message":{"API":"/history","Error":{"code":-16,"message":"Could not authenticate the user","s":"error"}},"timestamp":"2026-06-27 18:41:24,522+0530","service":"FyersAPI"}
{"level":"ERROR","location":"[get_call:165] fyersModel","message":{"API":"/history","Error":{"code":-16,"message":"Could not authenticate the user","s":"error"}},"timestamp":"2026-06-27 18:41:28,328+0530","service":"FyersAPI"}
{"level":"ERROR","location":"[get_call:165] fyersModel","message":{"API":"/history","Error":{"code":-16,"message":"Could not authenticate the user","s":"error"}},"timestamp":"2026-06-27 18:41:28,611+0530","service":"FyersAPI"}
{"level":"ERROR","location":"[get_call:165] fyersModel","message":{"API":"/history","Error":{"code":-16,"message":"Could not authenticate the user","s":"error"}},"timestamp":"2026-06-27 18:41:29,236+0530","service":"FyersAPI"}
{"level":"ERROR","location":"[get_call:165] fyersModel","message":{"API":"/history","Error":{"code":-16,"message":"Could not authenticate the user","s":"error"}},"timestamp":"2026-06-27 18:41:33,744+0530","service":"FyersAPI"}
{"level":"ERROR","location":"[get_call:183] fyersModel","message":{"API":"/quotes","error":"Expecting value: line 1 column 1 (char 0)"},"timestamp":"2026-06-27 18:41:33,910+0530","service":"FyersAPI"}
{"level":"ERROR","location":"[get_call:165] fyersModel","message":{"API":"/history","Error":{"code":-16,"message":"Could not authenticate the user","s":"error"}},"timestamp":"2026-06-27 18:41:34,022+0530","service":"FyersAPI"}
{"level":"ERROR","location":"[get_call:183] fyersModel","message":{"API":"/quotes","error":"Expecting value: line 1 column 1 (char 0)"},"timestamp":"2026-06-27 18:41:34,038+0530","service":"FyersAPI"}
{"level":"ERROR","location":"[get_call:165] fyersModel","message":{"API":"/history","Error":{"code":-16,"message":"Could not authenticate the user","s":"error"}},"timestamp":"2026-06-27 18:41:37,409+0530","service":"FyersAPI"}
{"level":"ERROR","location":"[get_call:165] fyersModel","message":{"API":"/history","Error":{"code":-16,"message":"Could not authenticate the user","s":"error"}},"timestamp":"2026-06-27 18:41:37,874+0530","service":"FyersAPI"}
{"level":"ERROR","location":"[get_call:165] fyersModel","message":{"API":"/history","Error":{"code":-16,"message":"Could not authenticate the user","s":"error"}},"timestamp":"2026-06-27 18:41:40,273+0530","service":"FyersAPI"}
{"level":"ERROR","location":"[get_call:165] fyersModel","message":{"API":"/history","Error":{"code":-16,"message":"Could not authenticate the user","s":"error"}},"timestamp":"2026-06-27 18:41:40,606+0530","service":"FyersAPI"}
{"level":"ERROR","location":"[get_call:183] fyersModel","message":{"API":"/quotes","error":"Expecting value: line 1 column 1 (char 0)"},"timestamp":"2026-06-27 18:41:40,625+0530","service":"FyersAPI"}
{"level":"ERROR","location":"[get_call:165] fyersModel","message":{"API":"/history","Error":{"code":-16,"message":"Could not authenticate the user","s":"error"}},"timestamp":"2026-06-27 18:41:41,425+0530","service":"FyersAPI"}
{"level":"ERROR","location":"[get_call:183] fyersModel","message":{"API":"/quotes","error":"Expecting value: line 1 column 1 (char 0)"},"timestamp":"2026-06-27 18:41:44,935+0530","service":"FyersAPI"}
{"level":"ERROR","location":"[get_call:165] fyersModel","message":{"API":"/history","Error":{"code":-16,"message":"Could not authenticate the user","s":"error"}},"timestamp":"2026-06-27 18:41:45,011+0530","service":"FyersAPI"}
{"level":"ERROR","location":"[get_call:165] fyersModel","message":{"API":"/history","Error":{"code":-16,"message":"Could not authenticate the user","s":"error"}},"timestamp":"2026-06-27 18:41:45,098+0530","service":"FyersAPI"}
{"level":"ERROR","location":"[get_call:165] fyersModel","message":{"API":"/history","Error":{"code":-16,"message":"Could not authenticate the user","s":"error"}},"timestamp":"2026-06-27 18:41:45,573+0530","service":"FyersAPI"}
{"level":"ERROR","location":"[get_call:165] fyersModel","message":{"API":"/history","Error":{"code":-16,"message":"Could not authenticate the user","s":"error"}},"timestamp":"2026-06-27 18:41:49,480+0530","service":"FyersAPI"}
{"level":"ERROR","location":"[get_call:165] fyersModel","message":{"API":"/history","Error":{"code":-16,"message":"Could not authenticate the user","s":"error"}},"timestamp":"2026-06-27 18:41:49,777+0530","service":"FyersAPI"}
{"level":"ERROR","location":"[get_call:165] fyersModel","message":{"API":"/history","Error":{"code":-16,"message":"Could not authenticate the user","s":"error"}},"timestamp":"2026-06-27 18:41:50,419+0530","service":"FyersAPI"}
{"level":"ERROR","location":"[get_call:165] fyersModel","message":{"API":"/history","Error":{"code":-16,"message":"Could not authenticate the user","s":"error"}},"timestamp":"2026-06-27 18:41:54,217+0530","service":"FyersAPI"}
{"level":"ERROR","location":"[get_call:183] fyersModel","message":{"API":"/quotes","error":"Expecting value: line 1 column 1 (char 0)"},"timestamp":"2026-06-27 18:41:54,626+0530","service":"FyersAPI"}
{"level":"ERROR","location":"[get_call:165] fyersModel","message":{"API":"/history","Error":{"code":-16,"message":"Could not authenticate the user","s":"error"}},"timestamp":"2026-06-27 18:41:55,197+0530","service":"FyersAPI"}
{"level":"ERROR","location":"[get_call:165] fyersModel","message":{"API":"/history","Error":{"code":-16,"message":"Could not authenticate the user","s":"error"}},"timestamp":"2026-06-27 18:41:55,372+0530","service":"FyersAPI"}
{"level":"ERROR","location":"[get_call:165] fyersModel","message":{"API":"/history","Error":{"code":-16,"message":"Could not authenticate the user","s":"error"}},"timestamp":"2026-06-27 18:41:59,760+0530","service":"FyersAPI"}
{"level":"ERROR","location":"[get_call:165] fyersModel","message":{"API":"/history","Error":{"code":-16,"message":"Could not authenticate the user","s":"error"}},"timestamp":"2026-06-27 18:42:00,075+0530","service":"FyersAPI"}
{"level":"ERROR","location":"[get_call:165] fyersModel","message":{"API":"/history","Error":{"code":-16,"message":"Could not authenticate the user","s":"error"}},"timestamp":"2026-06-27 18:42:00,637+0530","service":"FyersAPI"}
{"level":"ERROR","location":"[get_call:183] fyersModel","message":{"API":"/quotes","error":"Expecting value: line 1 column 1 (char 0)"},"timestamp":"2026-06-27 18:42:05,680+0530","service":"FyersAPI"}
{"level":"ERROR","location":"[get_call:183] fyersModel","message":{"API":"/quotes","error":"Expecting value: line 1 column 1 (char 0)"},"timestamp":"2026-06-27 18:42:05,938+0530","service":"FyersAPI"}
{"level":"ERROR","location":"[get_call:165] fyersModel","message":{"API":"/history","Error":{"code":-16,"message":"Could not authenticate the user","s":"error"}},"timestamp":"2026-06-27 18:42:06,117+0530","service":"FyersAPI"}
{"level":"ERROR","location":"[get_call:165] fyersModel","message":{"API":"/history","Error":{"code":-16,"message":"Could not authenticate the user","s":"error"}},"timestamp":"2026-06-27 18:42:07,189+0530","service":"FyersAPI"}
{"level":"ERROR","location":"[get_call:165] fyersModel","message":{"API":"/history","Error":{"code":-16,"message":"Could not authenticate the user","s":"error"}},"timestamp":"2026-06-27 18:42:07,609+0530","service":"FyersAPI"}
{"level":"ERROR","location":"[get_call:165] fyersModel","message":{"API":"/history","Error":{"code":-16,"message":"Could not authenticate the user","s":"error"}},"timestamp":"2026-06-27 18:42:07,647+0530","service":"FyersAPI"}
{"level":"ERROR","location":"[get_call:183] fyersModel","message":{"API":"/quotes","error":"Expecting value: line 1 column 1 (char 0)"},"timestamp":"2026-06-27 18:42:12,326+0530","service":"FyersAPI"}
{"level":"ERROR","location":"[get_call:165] fyersModel","message":{"API":"/history","Error":{"code":-16,"message":"Could not authenticate the user","s":"error"}},"timestamp":"2026-06-27 18:42:12,601+0530","service":"FyersAPI"}
{"level":"ERROR","location":"[get_call:165] fyersModel","message":{"API":"/history","Error":{"code":-16,"message":"Could not authenticate the user","s":"error"}},"timestamp":"2026-06-27 18:42:13,482+0530","service":"FyersAPI"}
{"level":"ERROR","location":"[get_call:165] fyersModel","message":{"API":"/history","Error":{"code":-16,"message":"Could not authenticate the user","s":"error"}},"timestamp":"2026-06-27 18:42:14,156+0530","service":"FyersAPI"}
{"level":"ERROR","location":"[get_call:165] fyersModel","message":{"API":"/history","Error":{"code":-16,"message":"Could not authenticate the user","s":"error"}},"timestamp":"2026-06-27 18:42:18,065+0530","service":"FyersAPI"}
{"level":"ERROR","location":"[get_call:183] fyersModel","message":{"API":"/quotes","error":"Expecting value: line 1 column 1 (char 0)"},"timestamp":"2026-06-27 18:42:18,223+0530","service":"FyersAPI"}
{"level":"ERROR","location":"[get_call:165] fyersModel","message":{"API":"/history","Error":{"code":-16,"message":"Could not authenticate the user","s":"error"}},"timestamp":"2026-06-27 18:42:19,366+0530","service":"FyersAPI"}
{"level":"ERROR","location":"[get_call:165] fyersModel","message":{"API":"/history","Error":{"code":-16,"message":"Could not authenticate the user","s":"error"}},"timestamp":"2026-06-27 18:42:19,455+0530","service":"FyersAPI"}
{"level":"ERROR","location":"[get_call:165] fyersModel","message":{"API":"/history","Error":{"code":-16,"message":"Could not authenticate the user","s":"error"}},"timestamp":"2026-06-27 18:42:24,168+0530","service":"FyersAPI"}
{"level":"ERROR","location":"[get_call:183] fyersModel","message":{"API":"/quotes","error":"Expecting value: line 1 column 1 (char 0)"},"timestamp":"2026-06-27 18:42:24,298+0530","service":"FyersAPI"}
{"level":"ERROR","location":"[get_call:183] fyersModel","message":{"API":"/quotes","error":"Expecting value: line 1 column 1 (char 0)"},"timestamp":"2026-06-27 18:42:24,674+0530","service":"FyersAPI"}
{"level":"ERROR","location":"[get_call:165] fyersModel","message":{"API":"/history","Error":{"code":-16,"message":"Could not authenticate the user","s":"error"}},"timestamp":"2026-06-27 18:42:24,961+0530","service":"FyersAPI"}
{"level":"ERROR","location":"[get_call:165] fyersModel","message":{"API":"/history","Error":{"code":-16,"message":"Could not authenticate the user","s":"error"}},"timestamp":"2026-06-27 18:42:28,863+0530","service":"FyersAPI"}
{"level":"ERROR","location":"[get_call:165] fyersModel","message":{"API":"/history","Error":{"code":-16,"message":"Could not authenticate the user","s":"error"}},"timestamp":"2026-06-27 18:42:29,248+0530","service":"FyersAPI"}
{"level":"ERROR","location":"[get_call:165] fyersModel","message":{"API":"/profile","Error":{"s":"error","code":-8,"message":"Your token has expired. Please generate a token"}},"timestamp":"2026-06-28 06:40:26,335+0530","service":"FyersAPI"}
{"level":"ERROR","location":"[get_call:165] fyersModel","message":{"API":"/history","Error":{"code":-16,"message":"Could not authenticate the user","s":"error"}},"timestamp":"2026-06-28 06:40:28,431+0530","service":"FyersAPI"}
{"level":"ERROR","location":"[get_call:165] fyersModel","message":{"API":"/history","Error":{"code":-16,"message":"Could not authenticate the user","s":"error"}},"timestamp":"2026-06-28 06:40:31,030+0530","service":"FyersAPI"}
{"level":"ERROR","location":"[get_call:165] fyersModel","message":{"API":"/history","Error":{"code":-16,"message":"Could not authenticate the user","s":"error"}},"timestamp":"2026-06-28 06:40:31,880+0530","service":"FyersAPI"}
{"level":"ERROR","location":"[get_call:165] fyersModel","message":{"API":"/history","Error":{"code":-16,"message":"Could not authenticate the user","s":"error"}},"timestamp":"2026-06-28 06:40:39,512+0530","service":"FyersAPI"}
{"level":"ERROR","location":"[get_call:165] fyersModel","message":{"API":"/quotes","Error":{"message":"Please provide valid token","code":-15,"s":"error"}},"timestamp":"2026-06-28 06:40:41,890+0530","service":"FyersAPI"}
{"level":"ERROR","location":"[get_call:165] fyersModel","message":{"API":"/history","Error":{"code":-16,"message":"Could not authenticate the user","s":"error"}},"timestamp":"2026-06-28 06:40:41,892+0530","service":"FyersAPI"}
{"level":"ERROR","location":"[get_call:165] fyersModel","message":{"API":"/history","Error":{"code":-16,"message":"Could not authenticate the user","s":"error"}},"timestamp":"2026-06-28 06:40:44,465+0530","service":"FyersAPI"}
{"level":"ERROR","location":"[get_call:165] fyersModel","message":{"API":"/history","Error":{"code":-16,"message":"Could not authenticate the user","s":"error"}},"timestamp":"2026-06-28 06:40:44,470+0530","service":"FyersAPI"}
{"level":"ERROR","location":"[get_call:165] fyersModel","message":{"API":"/history","Error":{"code":-16,"message":"Could not authenticate the user","s":"error"}},"timestamp":"2026-06-28 06:40:47,989+0530","service":"FyersAPI"}
{"level":"ERROR","location":"[get_call:165] fyersModel","message":{"API":"/history","Error":{"code":-16,"message":"Could not authenticate the user","s":"error"}},"timestamp":"2026-06-28 06:40:48,102+0530","service":"FyersAPI"}
{"level":"ERROR","location":"[get_call:183] fyersModel","message":{"API":"/quotes","error":"Expecting value: line 1 column 1 (char 0)"},"timestamp":"2026-06-28 06:40:48,241+0530","service":"FyersAPI"}
{"level":"ERROR","location":"[get_call:165] fyersModel","message":{"API":"/history","Error":{"code":-16,"message":"Could not authenticate the user","s":"error"}},"timestamp":"2026-06-28 06:40:50,481+0530","service":"FyersAPI"}
{"level":"ERROR","location":"[get_call:165] fyersModel","message":{"API":"/history","Error":{"code":-16,"message":"Could not authenticate the user","s":"error"}},"timestamp":"2026-06-28 06:40:50,582+0530","service":"FyersAPI"}
{"level":"ERROR","location":"[get_call:165] fyersModel","message":{"API":"/history","Error":{"code":-16,"message":"Could not authenticate the user","s":"error"}},"timestamp":"2026-06-28 06:40:52,703+0530","service":"FyersAPI"}
{"level":"ERROR","location":"[get_call:165] fyersModel","message":{"API":"/history","Error":{"code":-16,"message":"Could not authenticate the user","s":"error"}},"timestamp":"2026-06-28 06:40:52,729+0530","service":"FyersAPI"}
{"level":"ERROR","location":"[get_call:183] fyersModel","message":{"API":"/quotes","error":"Expecting value: line 1 column 1 (char 0)"},"timestamp":"2026-06-28 06:40:52,859+0530","service":"FyersAPI"}
{"level":"ERROR","location":"[get_call:165] fyersModel","message":{"API":"/history","Error":{"code":-16,"message":"Could not authenticate the user","s":"error"}},"timestamp":"2026-06-28 06:40:54,914+0530","service":"FyersAPI"}
{"level":"ERROR","location":"[get_call:165] fyersModel","message":{"API":"/history","Error":{"code":-16,"message":"Could not authenticate the user","s":"error"}},"timestamp":"2026-06-28 06:40:55,124+0530","service":"FyersAPI"}
{"level":"ERROR","location":"[get_call:165] fyersModel","message":{"API":"/history","Error":{"code":-16,"message":"Could not authenticate the user","s":"error"}},"timestamp":"2026-06-28 06:40:57,229+0530","service":"FyersAPI"}
{"level":"ERROR","location":"[get_call:165] fyersModel","message":{"API":"/history","Error":{"code":-16,"message":"Could not authenticate the user","s":"error"}},"timestamp":"2026-06-28 06:40:57,333+0530","service":"FyersAPI"}
{"level":"ERROR","location":"[get_call:165] fyersModel","message":{"API":"/history","Error":{"code":-16,"message":"Could not authenticate the user","s":"error"}},"timestamp":"2026-06-28 06:40:57,429+0530","service":"FyersAPI"}
{"level":"ERROR","location":"[get_call:165] fyersModel","message":{"API":"/history","Error":{"code":-16,"message":"Could not authenticate the user","s":"error"}},"timestamp":"2026-06-28 06:40:59,886+0530","service":"FyersAPI"}
{"level":"ERROR","location":"[get_call:183] fyersModel","message":{"API":"/quotes","error":"Expecting value: line 1 column 1 (char 0)"},"timestamp":"2026-06-28 06:40:59,909+0530","service":"FyersAPI"}
{"level":"ERROR","location":"[get_call:165] fyersModel","message":{"API":"/history","Error":{"code":-16,"message":"Could not authenticate the user","s":"error"}},"timestamp":"2026-06-28 06:41:01,377+0530","service":"FyersAPI"}
{"level":"ERROR","location":"[get_call:165] fyersModel","message":{"API":"/history","Error":{"code":-16,"message":"Could not authenticate the user","s":"error"}},"timestamp":"2026-06-28 06:41:01,711+0530","service":"FyersAPI"}
{"level":"ERROR","location":"[get_call:165] fyersModel","message":{"API":"/history","Error":{"code":-16,"message":"Could not authenticate the user","s":"error"}},"timestamp":"2026-06-28 06:41:03,578+0530","service":"FyersAPI"}
{"level":"ERROR","location":"[get_call:165] fyersModel","message":{"API":"/history","Error":{"code":-16,"message":"Could not authenticate the user","s":"error"}},"timestamp":"2026-06-28 06:41:03,710+0530","service":"FyersAPI"}
{"level":"ERROR","location":"[get_call:165] fyersModel","message":{"API":"/history","Error":{"code":-16,"message":"Could not authenticate the user","s":"error"}},"timestamp":"2026-06-28 06:41:04,019+0530","service":"FyersAPI"}
{"level":"ERROR","location":"[get_call:183] fyersModel","message":{"API":"/quotes","error":"Expecting value: line 1 column 1 (char 0)"},"timestamp":"2026-06-28 06:41:06,140+0530","service":"FyersAPI"}
{"level":"ERROR","location":"[get_call:183] fyersModel","message":{"API":"/quotes","error":"Expecting value: line 1 column 1 (char 0)"},"timestamp":"2026-06-28 06:41:06,307+0530","service":"FyersAPI"}
{"level":"ERROR","location":"[get_call:165] fyersModel","message":{"API":"/history","Error":{"code":-16,"message":"Could not authenticate the user","s":"error"}},"timestamp":"2026-06-28 06:41:06,309+0530","service":"FyersAPI"}
{"level":"ERROR","location":"[get_call:165] fyersModel","message":{"API":"/history","Error":{"code":-16,"message":"Could not authenticate the user","s":"error"}},"timestamp":"2026-06-28 06:41:08,763+0530","service":"FyersAPI"}
{"level":"ERROR","location":"[get_call:165] fyersModel","message":{"API":"/history","Error":{"code":-16,"message":"Could not authenticate the user","s":"error"}},"timestamp":"2026-06-28 06:41:08,995+0530","service":"FyersAPI"}
{"level":"ERROR","location":"[get_call:165] fyersModel","message":{"API":"/history","Error":{"code":-16,"message":"Could not authenticate the user","s":"error"}},"timestamp":"2026-06-28 06:41:09,275+0530","service":"FyersAPI"}
{"level":"ERROR","location":"[get_call:165] fyersModel","message":{"API":"/history","Error":{"code":-16,"message":"Could not authenticate the user","s":"error"}},"timestamp":"2026-06-28 06:41:11,473+0530","service":"FyersAPI"}
{"level":"ERROR","location":"[get_call:165] fyersModel","message":{"API":"/history","Error":{"code":-16,"message":"Could not authenticate the user","s":"error"}},"timestamp":"2026-06-28 06:41:12,017+0530","service":"FyersAPI"}
{"level":"ERROR","location":"[get_call:165] fyersModel","message":{"API":"/history","Error":{"code":-16,"message":"Could not authenticate the user","s":"error"}},"timestamp":"2026-06-28 06:41:12,051+0530","service":"FyersAPI"}
{"level":"ERROR","location":"[get_call:183] fyersModel","message":{"API":"/quotes","error":"Expecting value: line 1 column 1 (char 0)"},"timestamp":"2026-06-28 06:41:14,431+0530","service":"FyersAPI"}
{"level":"ERROR","location":"[get_call:165] fyersModel","message":{"API":"/history","Error":{"code":-16,"message":"Could not authenticate the user","s":"error"}},"timestamp":"2026-06-28 06:41:14,614+0530","service":"FyersAPI"}
{"level":"ERROR","location":"[get_call:165] fyersModel","message":{"API":"/history","Error":{"code":-16,"message":"Could not authenticate the user","s":"error"}},"timestamp":"2026-06-28 06:41:14,671+0530","service":"FyersAPI"}
{"level":"ERROR","location":"[get_call:165] fyersModel","message":{"API":"/history","Error":{"code":-16,"message":"Could not authenticate the user","s":"error"}},"timestamp":"2026-06-28 06:41:15,250+0530","service":"FyersAPI"}
{"level":"ERROR","location":"[get_call:165] fyersModel","message":{"API":"/history","Error":{"code":-16,"message":"Could not authenticate the user","s":"error"}},"timestamp":"2026-06-28 06:41:17,416+0530","service":"FyersAPI"}
{"level":"ERROR","location":"[get_call:183] fyersModel","message":{"API":"/quotes","error":"Expecting value: line 1 column 1 (char 0)"},"timestamp":"2026-06-28 06:41:17,442+0530","service":"FyersAPI"}
{"level":"ERROR","location":"[get_call:165] fyersModel","message":{"API":"/history","Error":{"code":-16,"message":"Could not authenticate the user","s":"error"}},"timestamp":"2026-06-28 06:41:17,907+0530","service":"FyersAPI"}
{"level":"ERROR","location":"[get_call:165] fyersModel","message":{"API":"/history","Error":{"code":-16,"message":"Could not authenticate the user","s":"error"}},"timestamp":"2026-06-28 06:41:19,480+0530","service":"FyersAPI"}
{"level":"ERROR","location":"[get_call:165] fyersModel","message":{"API":"/history","Error":{"code":-16,"message":"Could not authenticate the user","s":"error"}},"timestamp":"2026-06-28 06:41:19,624+0530","service":"FyersAPI"}
{"level":"ERROR","location":"[get_call:165] fyersModel","message":{"API":"/history","Error":{"code":-16,"message":"Could not authenticate the user","s":"error"}},"timestamp":"2026-06-28 06:41:22,121+0530","service":"FyersAPI"}
{"level":"ERROR","location":"[get_call:165] fyersModel","message":{"API":"/history","Error":{"code":-16,"message":"Could not authenticate the user","s":"error"}},"timestamp":"2026-06-28 06:41:22,271+0530","service":"FyersAPI"}
{"level":"ERROR","location":"[get_call:165] fyersModel","message":{"API":"/history","Error":{"code":-16,"message":"Could not authenticate the user","s":"error"}},"timestamp":"2026-06-28 06:41:22,566+0530","service":"FyersAPI"}
{"level":"ERROR","location":"[get_call:183] fyersModel","message":{"API":"/quotes","error":"Expecting value: line 1 column 1 (char 0)"},"timestamp":"2026-06-28 06:41:25,471+0530","service":"FyersAPI"}
{"level":"ERROR","location":"[get_call:165] fyersModel","message":{"API":"/history","Error":{"code":-16,"message":"Could not authenticate the user","s":"error"}},"timestamp":"2026-06-28 06:41:25,740+0530","service":"FyersAPI"}
{"level":"ERROR","location":"[get_call:165] fyersModel","message":{"API":"/history","Error":{"code":-16,"message":"Could not authenticate the user","s":"error"}},"timestamp":"2026-06-28 06:41:26,105+0530","service":"FyersAPI"}
{"level":"ERROR","location":"[get_call:165] fyersModel","message":{"API":"/history","Error":{"code":-16,"message":"Could not authenticate the user","s":"error"}},"timestamp":"2026-06-28 06:41:31,307+0530","service":"FyersAPI"}
{"level":"ERROR","location":"[get_call:165] fyersModel","message":{"API":"/history","Error":{"code":-16,"message":"Could not authenticate the user","s":"error"}},"timestamp":"2026-06-28 06:41:31,799+0530","service":"FyersAPI"}
{"level":"ERROR","location":"[get_call:165] fyersModel","message":{"API":"/history","Error":{"code":-16,"message":"Could not authenticate the user","s":"error"}},"timestamp":"2026-06-28 06:41:32,033+0530","service":"FyersAPI"}
{"level":"ERROR","location":"[get_call:183] fyersModel","message":{"API":"/quotes","error":"Expecting value: line 1 column 1 (char 0)"},"timestamp":"2026-06-28 06:41:34,664+0530","service":"FyersAPI"}
{"level":"ERROR","location":"[get_call:165] fyersModel","message":{"API":"/history","Error":{"code":-16,"message":"Could not authenticate the user","s":"error"}},"timestamp":"2026-06-28 06:41:34,682+0530","service":"FyersAPI"}
{"level":"ERROR","location":"[get_call:165] fyersModel","message":{"API":"/history","Error":{"code":-16,"message":"Could not authenticate the user","s":"error"}},"timestamp":"2026-06-28 06:41:34,717+0530","service":"FyersAPI"}
{"level":"ERROR","location":"[get_call:165] fyersModel","message":{"API":"/history","Error":{"code":-16,"message":"Could not authenticate the user","s":"error"}},"timestamp":"2026-06-28 06:41:34,721+0530","service":"FyersAPI"}
{"level":"ERROR","location":"[get_call:183] fyersModel","message":{"API":"/quotes","error":"Expecting value: line 1 column 1 (char 0)"},"timestamp":"2026-06-28 06:41:34,736+0530","service":"FyersAPI"}
{"level":"ERROR","location":"[get_call:165] fyersModel","message":{"API":"/history","Error":{"code":-16,"message":"Could not authenticate the user","s":"error"}},"timestamp":"2026-06-28 06:41:37,685+0530","service":"FyersAPI"}
{"level":"ERROR","location":"[get_call:165] fyersModel","message":{"API":"/history","Error":{"code":-16,"message":"Could not authenticate the user","s":"error"}},"timestamp":"2026-06-28 06:41:38,292+0530","service":"FyersAPI"}
{"level":"ERROR","location":"[get_call:165] fyersModel","message":{"API":"/history","Error":{"code":-16,"message":"Could not authenticate the user","s":"error"}},"timestamp":"2026-06-28 06:41:38,408+0530","service":"FyersAPI"}
{"level":"ERROR","location":"[get_call:183] fyersModel","message":{"API":"/quotes","error":"Expecting value: line 1 column 1 (char 0)"},"timestamp":"2026-06-28 06:41:41,543+0530","service":"FyersAPI"}
{"level":"ERROR","location":"[get_call:165] fyersModel","message":{"API":"/history","Error":{"code":-16,"message":"Could not authenticate the user","s":"error"}},"timestamp":"2026-06-28 06:41:42,350+0530","service":"FyersAPI"}
{"level":"ERROR","location":"[get_call:165] fyersModel","message":{"API":"/history","Error":{"code":-16,"message":"Could not authenticate the user","s":"error"}},"timestamp":"2026-06-28 06:41:42,389+0530","service":"FyersAPI"}
{"level":"ERROR","location":"[get_call:165] fyersModel","message":{"API":"/history","Error":{"code":-16,"message":"Could not authenticate the user","s":"error"}},"timestamp":"2026-06-28 06:41:47,378+0530","service":"FyersAPI"}
{"level":"ERROR","location":"[get_call:183] fyersModel","message":{"API":"/quotes","error":"Expecting value: line 1 column 1 (char 0)"},"timestamp":"2026-06-28 06:41:47,659+0530","service":"FyersAPI"}
{"level":"ERROR","location":"[get_call:165] fyersModel","message":{"API":"/history","Error":{"code":-16,"message":"Could not authenticate the user","s":"error"}},"timestamp":"2026-06-28 06:41:47,782+0530","service":"FyersAPI"}
{"level":"ERROR","location":"[get_call:165] fyersModel","message":{"API":"/history","Error":{"code":-16,"message":"Could not authenticate the user","s":"error"}},"timestamp":"2026-06-28 06:41:48,041+0530","service":"FyersAPI"}
{"level":"ERROR","location":"[get_call:165] fyersModel","message":{"API":"/history","Error":{"code":-16,"message":"Could not authenticate the user","s":"error"}},"timestamp":"2026-06-28 06:41:52,128+0530","service":"FyersAPI"}
{"level":"ERROR","location":"[get_call:165] fyersModel","message":{"API":"/history","Error":{"code":-16,"message":"Could not authenticate the user","s":"error"}},"timestamp":"2026-06-28 06:41:52,905+0530","service":"FyersAPI"}
{"level":"ERROR","location":"[get_call:165] fyersModel","message":{"API":"/history","Error":{"code":-16,"message":"Could not authenticate the user","s":"error"}},"timestamp":"2026-06-28 06:41:53,356+0530","service":"FyersAPI"}
{"level":"ERROR","location":"[get_call:183] fyersModel","message":{"API":"/quotes","error":"Expecting value: line 1 column 1 (char 0)"},"timestamp":"2026-06-28 06:41:56,333+0530","service":"FyersAPI"}
{"level":"ERROR","location":"[get_call:183] fyersModel","message":{"API":"/quotes","error":"Expecting value: line 1 column 1 (char 0)"},"timestamp":"2026-06-28 06:41:56,692+0530","service":"FyersAPI"}
{"level":"ERROR","location":"[get_call:165] fyersModel","message":{"API":"/history","Error":{"code":-16,"message":"Could not authenticate the user","s":"error"}},"timestamp":"2026-06-28 06:41:56,796+0530","service":"FyersAPI"}
{"level":"ERROR","location":"[get_call:165] fyersModel","message":{"API":"/history","Error":{"code":-16,"message":"Could not authenticate the user","s":"error"}},"timestamp":"2026-06-28 06:41:56,812+0530","service":"FyersAPI"}
{"level":"ERROR","location":"[get_call:165] fyersModel","message":{"API":"/history","Error":{"code":-16,"message":"Could not authenticate the user","s":"error"}},"timestamp":"2026-06-28 06:41:56,931+0530","service":"FyersAPI"}
{"level":"ERROR","location":"[get_call:165] fyersModel","message":{"API":"/history","Error":{"code":-16,"message":"Could not authenticate the user","s":"error"}},"timestamp":"2026-06-28 06:41:59,573+0530","service":"FyersAPI"}
{"level":"ERROR","location":"[get_call:183] fyersModel","message":{"API":"/quotes","error":"Expecting value: line 1 column 1 (char 0)"},"timestamp":"2026-06-28 06:41:59,624+0530","service":"FyersAPI"}
{"level":"ERROR","location":"[get_call:165] fyersModel","message":{"API":"/history","Error":{"code":-16,"message":"Could not authenticate the user","s":"error"}},"timestamp":"2026-06-28 06:42:00,151+0530","service":"FyersAPI"}
{"level":"ERROR","location":"[get_call:165] fyersModel","message":{"API":"/history","Error":{"code":-16,"message":"Could not authenticate the user","s":"error"}},"timestamp":"2026-06-28 06:42:00,434+0530","service":"FyersAPI"}
{"level":"ERROR","location":"[get_call:165] fyersModel","message":{"API":"/history","Error":{"code":-16,"message":"Could not authenticate the user","s":"error"}},"timestamp":"2026-06-28 06:42:03,273+0530","service":"FyersAPI"}
{"level":"ERROR","location":"[get_call:165] fyersModel","message":{"API":"/history","Error":{"code":-16,"message":"Could not authenticate the user","s":"error"}},"timestamp":"2026-06-28 06:42:03,989+0530","service":"FyersAPI"}
{"level":"ERROR","location":"[get_call:165] fyersModel","message":{"API":"/history","Error":{"code":-16,"message":"Could not authenticate the user","s":"error"}},"timestamp":"2026-06-28 06:42:04,317+0530","service":"FyersAPI"}
{"level":"ERROR","location":"[get_call:183] fyersModel","message":{"API":"/quotes","error":"Expecting value: line 1 column 1 (char 0)"},"timestamp":"2026-06-28 06:42:08,065+0530","service":"FyersAPI"}
{"level":"ERROR","location":"[get_call:165] fyersModel","message":{"API":"/history","Error":{"code":-16,"message":"Could not authenticate the user","s":"error"}},"timestamp":"2026-06-28 06:42:08,152+0530","service":"FyersAPI"}
{"level":"ERROR","location":"[get_call:165] fyersModel","message":{"API":"/history","Error":{"code":-16,"message":"Could not authenticate the user","s":"error"}},"timestamp":"2026-06-28 06:42:08,280+0530","service":"FyersAPI"}
{"level":"ERROR","location":"[get_call:165] fyersModel","message":{"API":"/history","Error":{"code":-16,"message":"Could not authenticate the user","s":"error"}},"timestamp":"2026-06-28 06:42:11,224+0530","service":"FyersAPI"}
{"level":"ERROR","location":"[get_call:165] fyersModel","message":{"API":"/history","Error":{"code":-16,"message":"Could not authenticate the user","s":"error"}},"timestamp":"2026-06-28 06:42:11,268+0530","service":"FyersAPI"}
{"level":"ERROR","location":"[get_call:165] fyersModel","message":{"API":"/history","Error":{"code":-16,"message":"Could not authenticate the user","s":"error"}},"timestamp":"2026-06-28 06:42:11,272+0530","service":"FyersAPI"}
{"level":"ERROR","location":"[get_call:165] fyersModel","message":{"API":"/history","Error":{"code":-16,"message":"Could not authenticate the user","s":"error"}},"timestamp":"2026-06-28 06:42:14,368+0530","service":"FyersAPI"}
{"level":"ERROR","location":"[get_call:183] fyersModel","message":{"API":"/quotes","error":"Expecting value: line 1 column 1 (char 0)"},"timestamp":"2026-06-28 06:42:14,372+0530","service":"FyersAPI"}
{"level":"ERROR","location":"[get_call:183] fyersModel","message":{"API":"/quotes","error":"Expecting value: line 1 column 1 (char 0)"},"timestamp":"2026-06-28 06:42:14,863+0530","service":"FyersAPI"}
{"level":"ERROR","location":"[get_call:165] fyersModel","message":{"API":"/history","Error":{"code":-16,"message":"Could not authenticate the user","s":"error"}},"timestamp":"2026-06-28 06:42:14,948+0530","service":"FyersAPI"}
{"level":"ERROR","location":"[get_call:165] fyersModel","message":{"API":"/history","Error":{"code":-16,"message":"Could not authenticate the user","s":"error"}},"timestamp":"2026-06-28 06:42:14,954+0530","service":"FyersAPI"}
{"level":"ERROR","location":"[get_call:165] fyersModel","message":{"API":"/history","Error":{"code":-16,"message":"Could not authenticate the user","s":"error"}},"timestamp":"2026-06-28 06:42:17,634+0530","service":"FyersAPI"}
{"level":"ERROR","location":"[get_call:165] fyersModel","message":{"API":"/history","Error":{"code":-16,"message":"Could not authenticate the user","s":"error"}},"timestamp":"2026-06-28 06:42:18,176+0530","service":"FyersAPI"}
{"level":"ERROR","location":"[get_call:165] fyersModel","message":{"API":"/history","Error":{"code":-16,"message":"Could not authenticate the user","s":"error"}},"timestamp":"2026-06-28 06:42:18,395+0530","service":"FyersAPI"}
{"level":"ERROR","location":"[get_call:165] fyersModel","message":{"API":"/history","Error":{"code":-16,"message":"Could not authenticate the user","s":"error"}},"timestamp":"2026-06-28 06:42:18,950+0530","service":"FyersAPI"}
{"level":"ERROR","location":"[get_call:183] fyersModel","message":{"API":"/quotes","error":"Expecting value: line 1 column 1 (char 0)"},"timestamp":"2026-06-28 06:42:23,017+0530","service":"FyersAPI"}
{"level":"ERROR","location":"[get_call:165] fyersModel","message":{"API":"/history","Error":{"code":-16,"message":"Could not authenticate the user","s":"error"}},"timestamp":"2026-06-28 06:42:23,105+0530","service":"FyersAPI"}
{"level":"ERROR","location":"[get_call:165] fyersModel","message":{"API":"/history","Error":{"code":-16,"message":"Could not authenticate the user","s":"error"}},"timestamp":"2026-06-28 06:42:23,133+0530","service":"FyersAPI"}
{"level":"ERROR","location":"[get_call:165] fyersModel","message":{"API":"/history","Error":{"code":-16,"message":"Could not authenticate the user","s":"error"}},"timestamp":"2026-06-28 06:42:23,317+0530","service":"FyersAPI"}
{"level":"ERROR","location":"[get_call:165] fyersModel","message":{"API":"/history","Error":{"code":-16,"message":"Could not authenticate the user","s":"error"}},"timestamp":"2026-06-28 06:42:28,556+0530","service":"FyersAPI"}
{"level":"ERROR","location":"[get_call:183] fyersModel","message":{"API":"/quotes","error":"Expecting value: line 1 column 1 (char 0)"},"timestamp":"2026-06-28 06:42:28,646+0530","service":"FyersAPI"}
{"level":"ERROR","location":"[get_call:165] fyersModel","message":{"API":"/history","Error":{"code":-16,"message":"Could not authenticate the user","s":"error"}},"timestamp":"2026-06-28 06:42:28,652+0530","service":"FyersAPI"}
{"level":"ERROR","location":"[get_call:165] fyersModel","message":{"API":"/history","Error":{"code":-16,"message":"Could not authenticate the user","s":"error"}},"timestamp":"2026-06-28 06:42:30,727+0530","service":"FyersAPI"}
{"level":"ERROR","location":"[get_call:165] fyersModel","message":{"API":"/history","Error":{"code":-16,"message":"Could not authenticate the user","s":"error"}},"timestamp":"2026-06-28 06:42:31,812+0530","service":"FyersAPI"}
{"level":"ERROR","location":"[get_call:165] fyersModel","message":{"API":"/history","Error":{"code":-16,"message":"Could not authenticate the user","s":"error"}},"timestamp":"2026-06-28 06:42:32,193+0530","service":"FyersAPI"}
{"level":"ERROR","location":"[get_call:183] fyersModel","message":{"API":"/quotes","error":"Expecting value: line 1 column 1 (char 0)"},"timestamp":"2026-06-28 06:42:35,124+0530","service":"FyersAPI"}
{"level":"ERROR","location":"[get_call:165] fyersModel","message":{"API":"/history","Error":{"code":-16,"message":"Could not authenticate the user","s":"error"}},"timestamp":"2026-06-28 06:42:35,644+0530","service":"FyersAPI"}
{"level":"ERROR","location":"[get_call:165] fyersModel","message":{"API":"/history","Error":{"code":-16,"message":"Could not authenticate the user","s":"error"}},"timestamp":"2026-06-28 06:42:37,347+0530","service":"FyersAPI"}
{"level":"ERROR","location":"[get_call:183] fyersModel","message":{"API":"/quotes","error":"Expecting value: line 1 column 1 (char 0)"},"timestamp":"2026-06-28 06:42:37,639+0530","service":"FyersAPI"}
{"level":"ERROR","location":"[get_call:165] fyersModel","message":{"API":"/history","Error":{"code":-16,"message":"Could not authenticate the user","s":"error"}},"timestamp":"2026-06-28 06:42:37,745+0530","service":"FyersAPI"}
{"level":"ERROR","location":"[get_call:165] fyersModel","message":{"API":"/history","Error":{"code":-16,"message":"Could not authenticate the user","s":"error"}},"timestamp":"2026-06-28 06:42:41,288+0530","service":"FyersAPI"}
{"level":"ERROR","location":"[get_call:165] fyersModel","message":{"API":"/history","Error":{"code":-16,"message":"Could not authenticate the user","s":"error"}},"timestamp":"2026-06-28 06:42:41,351+0530","service":"FyersAPI"}
{"level":"ERROR","location":"[get_call:165] fyersModel","message":{"API":"/history","Error":{"code":-16,"message":"Could not authenticate the user","s":"error"}},"timestamp":"2026-06-28 06:42:43,515+0530","service":"FyersAPI"}
{"level":"ERROR","location":"[get_call:165] fyersModel","message":{"API":"/history","Error":{"code":-16,"message":"Could not authenticate the user","s":"error"}},"timestamp":"2026-06-28 06:42:43,539+0530","service":"FyersAPI"}
{"level":"ERROR","location":"[get_call:183] fyersModel","message":{"API":"/quotes","error":"Expecting value: line 1 column 1 (char 0)"},"timestamp":"2026-06-28 06:42:46,314+0530","service":"FyersAPI"}
{"level":"ERROR","location":"[get_call:165] fyersModel","message":{"API":"/history","Error":{"code":-16,"message":"Could not authenticate the user","s":"error"}},"timestamp":"2026-06-28 06:42:46,565+0530","service":"FyersAPI"}
{"level":"ERROR","location":"[get_call:165] fyersModel","message":{"API":"/history","Error":{"code":-16,"message":"Could not authenticate the user","s":"error"}},"timestamp":"2026-06-28 06:42:46,588+0530","service":"FyersAPI"}
{"level":"ERROR","location":"[get_call:165] fyersModel","message":{"API":"/history","Error":{"code":-16,"message":"Could not authenticate the user","s":"error"}},"timestamp":"2026-06-28 06:42:50,026+0530","service":"FyersAPI"}
{"level":"ERROR","location":"[get_call:165] fyersModel","message":{"API":"/history","Error":{"code":-16,"message":"Could not authenticate the user","s":"error"}},"timestamp":"2026-06-28 06:42:50,600+0530","service":"FyersAPI"}
{"level":"ERROR","location":"[get_call:165] fyersModel","message":{"API":"/history","Error":{"code":-16,"message":"Could not authenticate the user","s":"error"}},"timestamp":"2026-06-28 06:42:50,734+0530","service":"FyersAPI"}
{"level":"ERROR","location":"[get_call:165] fyersModel","message":{"API":"/history","Error":{"code":-16,"message":"Could not authenticate the user","s":"error"}},"timestamp":"2026-06-28 06:42:53,706+0530","service":"FyersAPI"}
{"level":"ERROR","location":"[get_call:165] fyersModel","message":{"API":"/history","Error":{"code":-16,"message":"Could not authenticate the user","s":"error"}},"timestamp":"2026-06-28 06:42:53,740+0530","service":"FyersAPI"}
{"level":"ERROR","location":"[get_call:183] fyersModel","message":{"API":"/quotes","error":"Expecting value: line 1 column 1 (char 0)"},"timestamp":"2026-06-28 06:42:53,766+0530","service":"FyersAPI"}
{"level":"ERROR","location":"[get_call:165] fyersModel","message":{"API":"/history","Error":{"code":-16,"message":"Could not authenticate the user","s":"error"}},"timestamp":"2026-06-28 06:42:54,037+0530","service":"FyersAPI"}
{"level":"ERROR","location":"[get_call:183] fyersModel","message":{"API":"/quotes","error":"Expecting value: line 1 column 1 (char 0)"},"timestamp":"2026-06-28 06:42:56,571+0530","service":"FyersAPI"}
{"level":"ERROR","location":"[get_call:165] fyersModel","message":{"API":"/history","Error":{"code":-16,"message":"Could not authenticate the user","s":"error"}},"timestamp":"2026-06-28 06:42:56,624+0530","service":"FyersAPI"}
{"level":"ERROR","location":"[get_call:165] fyersModel","message":{"API":"/history","Error":{"code":-16,"message":"Could not authenticate the user","s":"error"}},"timestamp":"2026-06-28 06:42:56,659+0530","service":"FyersAPI"}
{"level":"ERROR","location":"[get_call:183] fyersModel","message":{"API":"/quotes","error":"Expecting value: line 1 column 1 (char 0)"},"timestamp":"2026-06-28 06:42:56,690+0530","service":"FyersAPI"}
{"level":"ERROR","location":"[get_call:165] fyersModel","message":{"API":"/history","Error":{"code":-16,"message":"Could not authenticate the user","s":"error"}},"timestamp":"2026-06-28 06:42:56,807+0530","service":"FyersAPI"}
{"level":"ERROR","location":"[get_call:165] fyersModel","message":{"API":"/history","Error":{"code":-16,"message":"Could not authenticate the user","s":"error"}},"timestamp":"2026-06-28 06:42:59,756+0530","service":"FyersAPI"}
{"level":"ERROR","location":"[get_call:165] fyersModel","message":{"API":"/history","Error":{"code":-16,"message":"Could not authenticate the user","s":"error"}},"timestamp":"2026-06-28 06:42:59,893+0530","service":"FyersAPI"}
{"level":"ERROR","location":"[get_call:165] fyersModel","message":{"API":"/history","Error":{"code":-16,"message":"Could not authenticate the user","s":"error"}},"timestamp":"2026-06-28 06:43:01,971+0530","service":"FyersAPI"}
{"level":"ERROR","location":"[get_call:165] fyersModel","message":{"API":"/history","Error":{"code":-16,"message":"Could not authenticate the user","s":"error"}},"timestamp":"2026-06-28 06:43:02,204+0530","service":"FyersAPI"}
{"level":"ERROR","location":"[get_call:165] fyersModel","message":{"API":"/history","Error":{"code":-16,"message":"Could not authenticate the user","s":"error"}},"timestamp":"2026-06-28 06:43:03,226+0530","service":"FyersAPI"}
{"level":"ERROR","location":"[get_call:183] fyersModel","message":{"API":"/quotes","error":"Expecting value: line 1 column 1 (char 0)"},"timestamp":"2026-06-28 06:43:05,762+0530","service":"FyersAPI"}
{"level":"ERROR","location":"[get_call:165] fyersModel","message":{"API":"/history","Error":{"code":-16,"message":"Could not authenticate the user","s":"error"}},"timestamp":"2026-06-28 06:43:06,528+0530","service":"FyersAPI"}
{"level":"ERROR","location":"[get_call:165] fyersModel","message":{"API":"/history","Error":{"code":-16,"message":"Could not authenticate the user","s":"error"}},"timestamp":"2026-06-28 06:43:06,573+0530","service":"FyersAPI"}
{"level":"ERROR","location":"[get_call:165] fyersModel","message":{"API":"/history","Error":{"code":-16,"message":"Could not authenticate the user","s":"error"}},"timestamp":"2026-06-28 06:43:09,631+0530","service":"FyersAPI"}
{"level":"ERROR","location":"[get_call:165] fyersModel","message":{"API":"/history","Error":{"code":-16,"message":"Could not authenticate the user","s":"error"}},"timestamp":"2026-06-28 06:43:10,029+0530","service":"FyersAPI"}
{"level":"ERROR","location":"[get_call:165] fyersModel","message":{"API":"/history","Error":{"code":-16,"message":"Could not authenticate the user","s":"error"}},"timestamp":"2026-06-28 06:43:10,070+0530","service":"FyersAPI"}
{"level":"ERROR","location":"[get_call:165] fyersModel","message":{"API":"/history","Error":{"code":-16,"message":"Could not authenticate the user","s":"error"}},"timestamp":"2026-06-28 06:43:13,367+0530","service":"FyersAPI"}
{"level":"ERROR","location":"[get_call:165] fyersModel","message":{"API":"/history","Error":{"code":-16,"message":"Could not authenticate the user","s":"error"}},"timestamp":"2026-06-28 06:43:13,678+0530","service":"FyersAPI"}
{"level":"ERROR","location":"[get_call:183] fyersModel","message":{"API":"/quotes","error":"Expecting value: line 1 column 1 (char 0)"},"timestamp":"2026-06-28 06:43:13,924+0530","service":"FyersAPI"}
{"level":"ERROR","location":"[get_call:165] fyersModel","message":{"API":"/history","Error":{"code":-16,"message":"Could not authenticate the user","s":"error"}},"timestamp":"2026-06-28 06:43:15,854+0530","service":"FyersAPI"}
{"level":"ERROR","location":"[get_call:165] fyersModel","message":{"API":"/history","Error":{"code":-16,"message":"Could not authenticate the user","s":"error"}},"timestamp":"2026-06-28 06:43:16,327+0530","service":"FyersAPI"}
{"level":"ERROR","location":"[get_call:183] fyersModel","message":{"API":"/quotes","error":"Expecting value: line 1 column 1 (char 0)"},"timestamp":"2026-06-28 06:43:16,331+0530","service":"FyersAPI"}
{"level":"ERROR","location":"[get_call:165] fyersModel","message":{"API":"/history","Error":{"code":-16,"message":"Could not authenticate the user","s":"error"}},"timestamp":"2026-06-28 06:43:16,582+0530","service":"FyersAPI"}
{"level":"ERROR","location":"[get_call:165] fyersModel","message":{"API":"/history","Error":{"code":-16,"message":"Could not authenticate the user","s":"error"}},"timestamp":"2026-06-28 06:43:16,743+0530","service":"FyersAPI"}
{"level":"ERROR","location":"[get_call:165] fyersModel","message":{"API":"/history","Error":{"code":-16,"message":"Could not authenticate the user","s":"error"}},"timestamp":"2026-06-28 06:43:19,922+0530","service":"FyersAPI"}
{"level":"ERROR","location":"[get_call:165] fyersModel","message":{"API":"/history","Error":{"code":-16,"message":"Could not authenticate the user","s":"error"}},"timestamp":"2026-06-28 06:43:20,572+0530","service":"FyersAPI"}
{"level":"ERROR","location":"[get_call:183] fyersModel","message":{"API":"/quotes","error":"Expecting value: line 1 column 1 (char 0)"},"timestamp":"2026-06-28 06:43:20,599+0530","service":"FyersAPI"}
{"level":"ERROR","location":"[get_call:165] fyersModel","message":{"API":"/history","Error":{"code":-16,"message":"Could not authenticate the user","s":"error"}},"timestamp":"2026-06-28 06:43:20,957+0530","service":"FyersAPI"}
{"level":"ERROR","location":"[get_call:183] fyersModel","message":{"API":"/quotes","error":"Expecting value: line 1 column 1 (char 0)"},"timestamp":"2026-06-28 06:43:23,494+0530","service":"FyersAPI"}
{"level":"ERROR","location":"[get_call:165] fyersModel","message":{"API":"/history","Error":{"code":-16,"message":"Could not authenticate the user","s":"error"}},"timestamp":"2026-06-28 06:43:24,247+0530","service":"FyersAPI"}
{"level":"ERROR","location":"[get_call:165] fyersModel","message":{"API":"/history","Error":{"code":-16,"message":"Could not authenticate the user","s":"error"}},"timestamp":"2026-06-28 06:43:24,862+0530","service":"FyersAPI"}
{"level":"ERROR","location":"[get_call:165] fyersModel","message":{"API":"/history","Error":{"code":-16,"message":"Could not authenticate the user","s":"error"}},"timestamp":"2026-06-28 06:43:25,304+0530","service":"FyersAPI"}
{"level":"ERROR","location":"[get_call:165] fyersModel","message":{"API":"/history","Error":{"code":-16,"message":"Could not authenticate the user","s":"error"}},"timestamp":"2026-06-28 06:43:28,350+0530","service":"FyersAPI"}
{"level":"ERROR","location":"[get_call:165] fyersModel","message":{"API":"/history","Error":{"code":-16,"message":"Could not authenticate the user","s":"error"}},"timestamp":"2026-06-28 06:43:28,866+0530","service":"FyersAPI"}
{"level":"ERROR","location":"[get_call:165] fyersModel","message":{"API":"/history","Error":{"code":-16,"message":"Could not authenticate the user","s":"error"}},"timestamp":"2026-06-28 06:43:29,167+0530","service":"FyersAPI"}
{"level":"ERROR","location":"[get_call:165] fyersModel","message":{"API":"/history","Error":{"code":-16,"message":"Could not authenticate the user","s":"error"}},"timestamp":"2026-06-28 06:43:31,049+0530","service":"FyersAPI"}
{"level":"ERROR","location":"[get_call:165] fyersModel","message":{"API":"/history","Error":{"code":-16,"message":"Could not authenticate the user","s":"error"}},"timestamp":"2026-06-28 06:43:31,091+0530","service":"FyersAPI"}
{"level":"ERROR","location":"[get_call:183] fyersModel","message":{"API":"/quotes","error":"Expecting value: line 1 column 1 (char 0)"},"timestamp":"2026-06-28 06:43:31,138+0530","service":"FyersAPI"}
{"level":"ERROR","location":"[get_call:165] fyersModel","message":{"API":"/history","Error":{"code":-16,"message":"Could not authenticate the user","s":"error"}},"timestamp":"2026-06-28 06:43:33,068+0530","service":"FyersAPI"}
{"level":"ERROR","location":"[get_call:165] fyersModel","message":{"API":"/history","Error":{"code":-16,"message":"Could not authenticate the user","s":"error"}},"timestamp":"2026-06-28 06:43:33,105+0530","service":"FyersAPI"}
{"level":"ERROR","location":"[get_call:165] fyersModel","message":{"API":"/history","Error":{"code":-16,"message":"Could not authenticate the user","s":"error"}},"timestamp":"2026-06-28 06:43:33,467+0530","service":"FyersAPI"}
{"level":"ERROR","location":"[get_call:165] fyersModel","message":{"API":"/history","Error":{"code":-16,"message":"Could not authenticate the user","s":"error"}},"timestamp":"2026-06-28 06:43:35,376+0530","service":"FyersAPI"}
{"level":"ERROR","location":"[get_call:165] fyersModel","message":{"API":"/history","Error":{"code":-16,"message":"Could not authenticate the user","s":"error"}},"timestamp":"2026-06-28 06:43:35,404+0530","service":"FyersAPI"}
{"level":"ERROR","location":"[get_call:183] fyersModel","message":{"API":"/quotes","error":"Expecting value: line 1 column 1 (char 0)"},"timestamp":"2026-06-28 06:43:35,459+0530","service":"FyersAPI"}
{"level":"ERROR","location":"[get_call:165] fyersModel","message":{"API":"/history","Error":{"code":-16,"message":"Could not authenticate the user","s":"error"}},"timestamp":"2026-06-28 06:43:37,147+0530","service":"FyersAPI"}
{"level":"ERROR","location":"[get_call:165] fyersModel","message":{"API":"/history","Error":{"code":-16,"message":"Could not authenticate the user","s":"error"}},"timestamp":"2026-06-28 06:43:37,708+0530","service":"FyersAPI"}
{"level":"ERROR","location":"[get_call:165] fyersModel","message":{"API":"/history","Error":{"code":-16,"message":"Could not authenticate the user","s":"error"}},"timestamp":"2026-06-28 06:43:38,190+0530","service":"FyersAPI"}
{"level":"ERROR","location":"[get_call:165] fyersModel","message":{"API":"/history","Error":{"code":-16,"message":"Could not authenticate the user","s":"error"}},"timestamp":"2026-06-28 06:43:40,579+0530","service":"FyersAPI"}
{"level":"ERROR","location":"[get_call:165] fyersModel","message":{"API":"/history","Error":{"code":-16,"message":"Could not authenticate the user","s":"error"}},"timestamp":"2026-06-28 06:43:40,615+0530","service":"FyersAPI"}
{"level":"ERROR","location":"[get_call:183] fyersModel","message":{"API":"/quotes","error":"Expecting value: line 1 column 1 (char 0)"},"timestamp":"2026-06-28 06:43:40,694+0530","service":"FyersAPI"}
{"level":"ERROR","location":"[get_call:165] fyersModel","message":{"API":"/history","Error":{"code":-16,"message":"Could not authenticate the user","s":"error"}},"timestamp":"2026-06-28 06:43:40,728+0530","service":"FyersAPI"}
{"level":"ERROR","location":"[get_call:165] fyersModel","message":{"API":"/history","Error":{"code":-16,"message":"Could not authenticate the user","s":"error"}},"timestamp":"2026-06-28 06:43:43,841+0530","service":"FyersAPI"}
{"level":"ERROR","location":"[get_call:165] fyersModel","message":{"API":"/history","Error":{"code":-16,"message":"Could not authenticate the user","s":"error"}},"timestamp":"2026-06-28 06:43:44,419+0530","service":"FyersAPI"}
{"level":"ERROR","location":"[get_call:165] fyersModel","message":{"API":"/history","Error":{"code":-16,"message":"Could not authenticate the user","s":"error"}},"timestamp":"2026-06-28 06:43:44,788+0530","service":"FyersAPI"}
{"level":"ERROR","location":"[get_call:183] fyersModel","message":{"API":"/history","error":"Expecting value: line 1 column 1 (char 0)"},"timestamp":"2026-06-28 06:43:44,877+0530","service":"FyersAPI"}
{"level":"ERROR","location":"[get_call:183] fyersModel","message":{"API":"/quotes","error":"Expecting value: line 1 column 1 (char 0)"},"timestamp":"2026-06-28 06:43:46,780+0530","service":"FyersAPI"}
{"level":"ERROR","location":"[get_call:165] fyersModel","message":{"API":"/history","Error":{"code":-16,"message":"Could not authenticate the user","s":"error"}},"timestamp":"2026-06-28 06:43:46,963+0530","service":"FyersAPI"}
{"level":"ERROR","location":"[get_call:183] fyersModel","message":{"API":"/history","error":"Expecting value: line 1 column 1 (char 0)"},"timestamp":"2026-06-28 06:43:47,076+0530","service":"FyersAPI"}
{"level":"ERROR","location":"[get_call:165] fyersModel","message":{"API":"/history","Error":{"code":-16,"message":"Could not authenticate the user","s":"error"}},"timestamp":"2026-06-28 06:43:49,576+0530","service":"FyersAPI"}
{"level":"ERROR","location":"[get_call:165] fyersModel","message":{"API":"/history","Error":{"code":-16,"message":"Could not authenticate the user","s":"error"}},"timestamp":"2026-06-28 06:43:51,258+0530","service":"FyersAPI"}
{"level":"ERROR","location":"[get_call:165] fyersModel","message":{"API":"/history","Error":{"code":-16,"message":"Could not authenticate the user","s":"error"}},"timestamp":"2026-06-28 06:43:51,416+0530","service":"FyersAPI"}
{"level":"ERROR","location":"[get_call:165] fyersModel","message":{"API":"/history","Error":{"code":-16,"message":"Could not authenticate the user","s":"error"}},"timestamp":"2026-06-28 06:43:54,575+0530","service":"FyersAPI"}
{"level":"ERROR","location":"[get_call:165] fyersModel","message":{"API":"/history","Error":{"code":-16,"message":"Could not authenticate the user","s":"error"}},"timestamp":"2026-06-28 06:43:55,526+0530","service":"FyersAPI"}
{"level":"ERROR","location":"[get_call:183] fyersModel","message":{"API":"/quotes","error":"Expecting value: line 1 column 1 (char 0)"},"timestamp":"2026-06-28 06:43:55,701+0530","service":"FyersAPI"}
{"level":"ERROR","location":"[get_call:183] fyersModel","message":{"API":"/quotes","error":"Expecting value: line 1 column 1 (char 0)"},"timestamp":"2026-06-28 06:43:58,490+0530","service":"FyersAPI"}
{"level":"ERROR","location":"[get_call:165] fyersModel","message":{"API":"/history","Error":{"code":-16,"message":"Could not authenticate the user","s":"error"}},"timestamp":"2026-06-28 06:43:58,632+0530","service":"FyersAPI"}
{"level":"ERROR","location":"[get_call:165] fyersModel","message":{"API":"/history","Error":{"code":-16,"message":"Could not authenticate the user","s":"error"}},"timestamp":"2026-06-28 06:43:58,830+0530","service":"FyersAPI"}
{"level":"ERROR","location":"[get_call:165] fyersModel","message":{"API":"/history","Error":{"code":-16,"message":"Could not authenticate the user","s":"error"}},"timestamp":"2026-06-28 06:44:00,847+0530","service":"FyersAPI"}
{"level":"ERROR","location":"[get_call:165] fyersModel","message":{"API":"/history","Error":{"code":-16,"message":"Could not authenticate the user","s":"error"}},"timestamp":"2026-06-28 06:44:02,196+0530","service":"FyersAPI"}
{"level":"ERROR","location":"[get_call:165] fyersModel","message":{"API":"/history","Error":{"code":-16,"message":"Could not authenticate the user","s":"error"}},"timestamp":"2026-06-28 06:44:02,205+0530","service":"FyersAPI"}
{"level":"ERROR","location":"[get_call:165] fyersModel","message":{"API":"/history","Error":{"code":-16,"message":"Could not authenticate the user","s":"error"}},"timestamp":"2026-06-28 06:44:05,756+0530","service":"FyersAPI"}
{"level":"ERROR","location":"[get_call:183] fyersModel","message":{"API":"/quotes","error":"Expecting value: line 1 column 1 (char 0)"},"timestamp":"2026-06-28 06:44:06,794+0530","service":"FyersAPI"}
{"level":"ERROR","location":"[get_call:165] fyersModel","message":{"API":"/history","Error":{"code":-16,"message":"Could not authenticate the user","s":"error"}},"timestamp":"2026-06-28 06:44:06,865+0530","service":"FyersAPI"}
{"level":"ERROR","location":"[get_call:165] fyersModel","message":{"API":"/history","Error":{"code":-16,"message":"Could not authenticate the user","s":"error"}},"timestamp":"2026-06-28 06:44:07,089+0530","service":"FyersAPI"}
{"level":"ERROR","location":"[get_call:165] fyersModel","message":{"API":"/history","Error":{"code":-16,"message":"Could not authenticate the user","s":"error"}},"timestamp":"2026-06-28 06:44:07,653+0530","service":"FyersAPI"}
{"level":"ERROR","location":"[get_call:183] fyersModel","message":{"API":"/quotes","error":"Expecting value: line 1 column 1 (char 0)"},"timestamp":"2026-06-28 06:44:11,853+0530","service":"FyersAPI"}
{"level":"ERROR","location":"[get_call:165] fyersModel","message":{"API":"/history","Error":{"code":-16,"message":"Could not authenticate the user","s":"error"}},"timestamp":"2026-06-28 06:44:12,389+0530","service":"FyersAPI"}
{"level":"ERROR","location":"[get_call:165] fyersModel","message":{"API":"/history","Error":{"code":-16,"message":"Could not authenticate the user","s":"error"}},"timestamp":"2026-06-28 06:44:12,565+0530","service":"FyersAPI"}
{"level":"ERROR","location":"[get_call:165] fyersModel","message":{"API":"/history","Error":{"code":-16,"message":"Could not authenticate the user","s":"error"}},"timestamp":"2026-06-28 06:44:15,122+0530","service":"FyersAPI"}
{"level":"ERROR","location":"[get_call:183] fyersModel","message":{"API":"/quotes","error":"Expecting value: line 1 column 1 (char 0)"},"timestamp":"2026-06-28 06:44:15,536+0530","service":"FyersAPI"}
{"level":"ERROR","location":"[get_call:165] fyersModel","message":{"API":"/history","Error":{"code":-16,"message":"Could not authenticate the user","s":"error"}},"timestamp":"2026-06-28 06:44:15,670+0530","service":"FyersAPI"}
{"level":"ERROR","location":"[get_call:183] fyersModel","message":{"API":"/quotes","error":"Expecting value: line 1 column 1 (char 0)"},"timestamp":"2026-06-28 06:44:16,123+0530","service":"FyersAPI"}
{"level":"ERROR","location":"[get_call:165] fyersModel","message":{"API":"/history","Error":{"code":-16,"message":"Could not authenticate the user","s":"error"}},"timestamp":"2026-06-28 06:44:19,236+0530","service":"FyersAPI"}
{"level":"ERROR","location":"[get_call:165] fyersModel","message":{"API":"/history","Error":{"code":-16,"message":"Could not authenticate the user","s":"error"}},"timestamp":"2026-06-28 06:44:19,352+0530","service":"FyersAPI"}
{"level":"ERROR","location":"[get_call:165] fyersModel","message":{"API":"/history","Error":{"code":-16,"message":"Could not authenticate the user","s":"error"}},"timestamp":"2026-06-28 06:44:19,869+0530","service":"FyersAPI"}
{"level":"ERROR","location":"[get_call:165] fyersModel","message":{"API":"/history","Error":{"code":-16,"message":"Could not authenticate the user","s":"error"}},"timestamp":"2026-06-28 06:44:22,146+0530","service":"FyersAPI"}
{"level":"ERROR","location":"[get_call:165] fyersModel","message":{"API":"/history","Error":{"code":-16,"message":"Could not authenticate the user","s":"error"}},"timestamp":"2026-06-28 06:44:22,162+0530","service":"FyersAPI"}
{"level":"ERROR","location":"[get_call:165] fyersModel","message":{"API":"/history","Error":{"code":-16,"message":"Could not authenticate the user","s":"error"}},"timestamp":"2026-06-28 06:44:22,663+0530","service":"FyersAPI"}
{"level":"ERROR","location":"[get_call:165] fyersModel","message":{"API":"/history","Error":{"code":-16,"message":"Could not authenticate the user","s":"error"}},"timestamp":"2026-06-28 06:44:24,617+0530","service":"FyersAPI"}
{"level":"ERROR","location":"[get_call:165] fyersModel","message":{"API":"/history","Error":{"code":-16,"message":"Could not authenticate the user","s":"error"}},"timestamp":"2026-06-28 06:44:24,709+0530","service":"FyersAPI"}
{"level":"ERROR","location":"[get_call:165] fyersModel","message":{"API":"/history","Error":{"code":-16,"message":"Could not authenticate the user","s":"error"}},"timestamp":"2026-06-28 06:44:25,077+0530","service":"FyersAPI"}
{"level":"ERROR","location":"[get_call:165] fyersModel","message":{"API":"/history","Error":{"code":-16,"message":"Could not authenticate the user","s":"error"}},"timestamp":"2026-06-28 06:44:26,986+0530","service":"FyersAPI"}
{"level":"ERROR","location":"[get_call:165] fyersModel","message":{"API":"/history","Error":{"code":-16,"message":"Could not authenticate the user","s":"error"}},"timestamp":"2026-06-28 06:44:27,047+0530","service":"FyersAPI"}
{"level":"ERROR","location":"[get_call:183] fyersModel","message":{"API":"/quotes","error":"Expecting value: line 1 column 1 (char 0)"},"timestamp":"2026-06-28 06:44:27,081+0530","service":"FyersAPI"}
{"level":"ERROR","location":"[get_call:165] fyersModel","message":{"API":"/history","Error":{"code":-16,"message":"Could not authenticate the user","s":"error"}},"timestamp":"2026-06-28 06:44:27,365+0530","service":"FyersAPI"}
{"level":"ERROR","location":"[get_call:165] fyersModel","message":{"API":"/history","Error":{"code":-16,"message":"Could not authenticate the user","s":"error"}},"timestamp":"2026-06-28 06:44:29,192+0530","service":"FyersAPI"}
{"level":"ERROR","location":"[get_call:165] fyersModel","message":{"API":"/history","Error":{"code":-16,"message":"Could not authenticate the user","s":"error"}},"timestamp":"2026-06-28 06:44:29,197+0530","service":"FyersAPI"}
{"level":"ERROR","location":"[get_call:165] fyersModel","message":{"API":"/history","Error":{"code":-16,"message":"Could not authenticate the user","s":"error"}},"timestamp":"2026-06-28 06:44:29,983+0530","service":"FyersAPI"}
{"level":"ERROR","location":"[get_call:165] fyersModel","message":{"API":"/history","Error":{"code":-16,"message":"Could not authenticate the user","s":"error"}},"timestamp":"2026-06-28 06:44:32,735+0530","service":"FyersAPI"}
{"level":"ERROR","location":"[get_call:165] fyersModel","message":{"API":"/history","Error":{"code":-16,"message":"Could not authenticate the user","s":"error"}},"timestamp":"2026-06-28 06:44:32,742+0530","service":"FyersAPI"}
{"level":"ERROR","location":"[get_call:183] fyersModel","message":{"API":"/quotes","error":"Expecting value: line 1 column 1 (char 0)"},"timestamp":"2026-06-28 06:44:32,751+0530","service":"FyersAPI"}
{"level":"ERROR","location":"[get_call:183] fyersModel","message":{"API":"/quotes","error":"Expecting value: line 1 column 1 (char 0)"},"timestamp":"2026-06-28 06:44:35,804+0530","service":"FyersAPI"}
{"level":"ERROR","location":"[get_call:165] fyersModel","message":{"API":"/history","Error":{"code":-16,"message":"Could not authenticate the user","s":"error"}},"timestamp":"2026-06-28 06:44:37,021+0530","service":"FyersAPI"}
{"level":"ERROR","location":"[get_call:165] fyersModel","message":{"API":"/history","Error":{"code":-16,"message":"Could not authenticate the user","s":"error"}},"timestamp":"2026-06-28 06:44:37,033+0530","service":"FyersAPI"}
{"level":"ERROR","location":"[get_call:165] fyersModel","message":{"API":"/history","Error":{"code":-16,"message":"Could not authenticate the user","s":"error"}},"timestamp":"2026-06-28 06:44:37,035+0530","service":"FyersAPI"}
{"level":"ERROR","location":"[get_call:183] fyersModel","message":{"API":"/quotes","error":"Expecting value: line 1 column 1 (char 0)"},"timestamp":"2026-06-28 06:44:37,037+0530","service":"FyersAPI"}
{"level":"ERROR","location":"[get_call:165] fyersModel","message":{"API":"/history","Error":{"code":-16,"message":"Could not authenticate the user","s":"error"}},"timestamp":"2026-06-28 06:44:40,738+0530","service":"FyersAPI"}
{"level":"ERROR","location":"[get_call:165] fyersModel","message":{"API":"/history","Error":{"code":-16,"message":"Could not authenticate the user","s":"error"}},"timestamp":"2026-06-28 06:44:41,478+0530","service":"FyersAPI"}
{"level":"ERROR","location":"[get_call:165] fyersModel","message":{"API":"/history","Error":{"code":-16,"message":"Could not authenticate the user","s":"error"}},"timestamp":"2026-06-28 06:44:41,479+0530","service":"FyersAPI"}
{"level":"ERROR","location":"[get_call:165] fyersModel","message":{"API":"/history","Error":{"code":-16,"message":"Could not authenticate the user","s":"error"}},"timestamp":"2026-06-28 06:44:44,251+0530","service":"FyersAPI"}
{"level":"ERROR","location":"[get_call:165] fyersModel","message":{"API":"/history","Error":{"code":-16,"message":"Could not authenticate the user","s":"error"}},"timestamp":"2026-06-28 06:44:44,540+0530","service":"FyersAPI"}
{"level":"ERROR","location":"[get_call:165] fyersModel","message":{"API":"/history","Error":{"code":-16,"message":"Could not authenticate the user","s":"error"}},"timestamp":"2026-06-28 06:44:44,595+0530","service":"FyersAPI"}
{"level":"ERROR","location":"[get_call:165] fyersModel","message":{"API":"/history","Error":{"code":-16,"message":"Could not authenticate the user","s":"error"}},"timestamp":"2026-06-28 06:44:47,470+0530","service":"FyersAPI"}
{"level":"ERROR","location":"[get_call:165] fyersModel","message":{"API":"/history","Error":{"code":-16,"message":"Could not authenticate the user","s":"error"}},"timestamp":"2026-06-28 06:44:47,535+0530","service":"FyersAPI"}
{"level":"ERROR","location":"[get_call:165] fyersModel","message":{"API":"/history","Error":{"code":-16,"message":"Could not authenticate the user","s":"error"}},"timestamp":"2026-06-28 06:44:48,264+0530","service":"FyersAPI"}
{"level":"ERROR","location":"[get_call:165] fyersModel","message":{"API":"/history","Error":{"code":-16,"message":"Could not authenticate the user","s":"error"}},"timestamp":"2026-06-28 06:44:51,119+0530","service":"FyersAPI"}
{"level":"ERROR","location":"[get_call:183] fyersModel","message":{"API":"/quotes","error":"Expecting value: line 1 column 1 (char 0)"},"timestamp":"2026-06-28 06:44:51,154+0530","service":"FyersAPI"}
{"level":"ERROR","location":"[get_call:165] fyersModel","message":{"API":"/history","Error":{"code":-16,"message":"Could not authenticate the user","s":"error"}},"timestamp":"2026-06-28 06:44:51,606+0530","service":"FyersAPI"}
{"level":"ERROR","location":"[get_call:165] fyersModel","message":{"API":"/history","Error":{"code":-16,"message":"Could not authenticate the user","s":"error"}},"timestamp":"2026-06-28 06:44:51,927+0530","service":"FyersAPI"}
{"level":"ERROR","location":"[get_call:165] fyersModel","message":{"API":"/history","Error":{"code":-16,"message":"Could not authenticate the user","s":"error"}},"timestamp":"2026-06-28 06:44:54,083+0530","service":"FyersAPI"}
{"level":"ERROR","location":"[get_call:165] fyersModel","message":{"API":"/history","Error":{"code":-16,"message":"Could not authenticate the user","s":"error"}},"timestamp":"2026-06-28 06:44:54,959+0530","service":"FyersAPI"}
{"level":"ERROR","location":"[get_call:183] fyersModel","message":{"API":"/quotes","error":"Expecting value: line 1 column 1 (char 0)"},"timestamp":"2026-06-28 06:44:55,073+0530","service":"FyersAPI"}
{"level":"ERROR","location":"[get_call:165] fyersModel","message":{"API":"/history","Error":{"code":-16,"message":"Could not authenticate the user","s":"error"}},"timestamp":"2026-06-28 06:44:55,446+0530","service":"FyersAPI"}
{"level":"ERROR","location":"[get_call:165] fyersModel","message":{"API":"/history","Error":{"code":-16,"message":"Could not authenticate the user","s":"error"}},"timestamp":"2026-06-28 06:44:57,923+0530","service":"FyersAPI"}
{"level":"ERROR","location":"[get_call:183] fyersModel","message":{"API":"/quotes","error":"Expecting value: line 1 column 1 (char 0)"},"timestamp":"2026-06-28 06:44:57,986+0530","service":"FyersAPI"}
{"level":"ERROR","location":"[get_call:165] fyersModel","message":{"API":"/history","Error":{"code":-16,"message":"Could not authenticate the user","s":"error"}},"timestamp":"2026-06-28 06:44:58,277+0530","service":"FyersAPI"}
{"level":"ERROR","location":"[get_call:165] fyersModel","message":{"API":"/history","Error":{"code":-16,"message":"Could not authenticate the user","s":"error"}},"timestamp":"2026-06-28 06:45:01,692+0530","service":"FyersAPI"}
{"level":"ERROR","location":"[get_call:165] fyersModel","message":{"API":"/history","Error":{"code":-16,"message":"Could not authenticate the user","s":"error"}},"timestamp":"2026-06-28 06:45:01,842+0530","service":"FyersAPI"}
{"level":"ERROR","location":"[get_call:165] fyersModel","message":{"API":"/history","Error":{"code":-16,"message":"Could not authenticate the user","s":"error"}},"timestamp":"2026-06-28 06:45:05,298+0530","service":"FyersAPI"}
{"level":"ERROR","location":"[get_call:165] fyersModel","message":{"API":"/history","Error":{"code":-16,"message":"Could not authenticate the user","s":"error"}},"timestamp":"2026-06-28 06:45:05,510+0530","service":"FyersAPI"}
{"level":"ERROR","location":"[get_call:165] fyersModel","message":{"API":"/history","Error":{"code":-16,"message":"Could not authenticate the user","s":"error"}},"timestamp":"2026-06-28 06:45:06,133+0530","service":"FyersAPI"}
{"level":"ERROR","location":"[get_call:165] fyersModel","message":{"API":"/history","Error":{"code":-16,"message":"Could not authenticate the user","s":"error"}},"timestamp":"2026-06-28 06:45:09,204+0530","service":"FyersAPI"}
{"level":"ERROR","location":"[get_call:165] fyersModel","message":{"API":"/history","Error":{"code":-16,"message":"Could not authenticate the user","s":"error"}},"timestamp":"2026-06-28 06:45:10,586+0530","service":"FyersAPI"}
{"level":"ERROR","location":"[get_call:183] fyersModel","message":{"API":"/quotes","error":"Expecting value: line 1 column 1 (char 0)"},"timestamp":"2026-06-28 06:45:10,769+0530","service":"FyersAPI"}
{"level":"ERROR","location":"[get_call:165] fyersModel","message":{"API":"/history","Error":{"code":-16,"message":"Could not authenticate the user","s":"error"}},"timestamp":"2026-06-28 06:45:10,871+0530","service":"FyersAPI"}
{"level":"ERROR","location":"[get_call:165] fyersModel","message":{"API":"/history","Error":{"code":-16,"message":"Could not authenticate the user","s":"error"}},"timestamp":"2026-06-28 06:45:15,111+0530","service":"FyersAPI"}
{"level":"ERROR","location":"[get_call:183] fyersModel","message":{"API":"/quotes","error":"Expecting value: line 1 column 1 (char 0)"},"timestamp":"2026-06-28 06:45:15,531+0530","service":"FyersAPI"}
{"level":"ERROR","location":"[get_call:165] fyersModel","message":{"API":"/history","Error":{"code":-16,"message":"Could not authenticate the user","s":"error"}},"timestamp":"2026-06-28 06:45:16,413+0530","service":"FyersAPI"}
{"level":"ERROR","location":"[get_call:165] fyersModel","message":{"API":"/history","Error":{"code":-16,"message":"Could not authenticate the user","s":"error"}},"timestamp":"2026-06-28 06:45:16,488+0530","service":"FyersAPI"}
{"level":"ERROR","location":"[get_call:165] fyersModel","message":{"API":"/history","Error":{"code":-16,"message":"Could not authenticate the user","s":"error"}},"timestamp":"2026-06-28 06:45:17,104+0530","service":"FyersAPI"}
{"level":"ERROR","location":"[get_call:183] fyersModel","message":{"API":"/quotes","error":"Expecting value: line 1 column 1 (char 0)"},"timestamp":"2026-06-28 06:45:20,447+0530","service":"FyersAPI"}
{"level":"ERROR","location":"[get_call:183] fyersModel","message":{"API":"/quotes","error":"Expecting value: line 1 column 1 (char 0)"},"timestamp":"2026-06-28 06:45:20,577+0530","service":"FyersAPI"}
{"level":"ERROR","location":"[get_call:165] fyersModel","message":{"API":"/history","Error":{"code":-16,"message":"Could not authenticate the user","s":"error"}},"timestamp":"2026-06-28 06:45:20,587+0530","service":"FyersAPI"}
{"level":"ERROR","location":"[get_call:165] fyersModel","message":{"API":"/history","Error":{"code":-16,"message":"Could not authenticate the user","s":"error"}},"timestamp":"2026-06-28 06:45:20,608+0530","service":"FyersAPI"}
{"level":"ERROR","location":"[get_call:165] fyersModel","message":{"API":"/history","Error":{"code":-16,"message":"Could not authenticate the user","s":"error"}},"timestamp":"2026-06-28 06:45:23,826+0530","service":"FyersAPI"}
{"level":"ERROR","location":"[get_call:165] fyersModel","message":{"API":"/history","Error":{"code":-16,"message":"Could not authenticate the user","s":"error"}},"timestamp":"2026-06-28 06:45:23,917+0530","service":"FyersAPI"}
{"level":"ERROR","location":"[get_call:165] fyersModel","message":{"API":"/history","Error":{"code":-16,"message":"Could not authenticate the user","s":"error"}},"timestamp":"2026-06-28 06:45:24,885+0530","service":"FyersAPI"}
{"level":"ERROR","location":"[get_call:165] fyersModel","message":{"API":"/history","Error":{"code":-16,"message":"Could not authenticate the user","s":"error"}},"timestamp":"2026-06-28 06:45:28,107+0530","service":"FyersAPI"}
{"level":"ERROR","location":"[get_call:165] fyersModel","message":{"API":"/history","Error":{"code":-16,"message":"Could not authenticate the user","s":"error"}},"timestamp":"2026-06-28 06:45:28,892+0530","service":"FyersAPI"}
{"level":"ERROR","location":"[get_call:165] fyersModel","message":{"API":"/history","Error":{"code":-16,"message":"Could not authenticate the user","s":"error"}},"timestamp":"2026-06-28 06:45:29,437+0530","service":"FyersAPI"}
{"level":"ERROR","location":"[get_call:165] fyersModel","message":{"API":"/history","Error":{"code":-16,"message":"Could not authenticate the user","s":"error"}},"timestamp":"2026-06-28 06:45:32,192+0530","service":"FyersAPI"}
{"level":"ERROR","location":"[get_call:165] fyersModel","message":{"API":"/history","Error":{"code":-16,"message":"Could not authenticate the user","s":"error"}},"timestamp":"2026-06-28 06:45:32,240+0530","service":"FyersAPI"}
{"level":"ERROR","location":"[get_call:183] fyersModel","message":{"API":"/quotes","error":"Expecting value: line 1 column 1 (char 0)"},"timestamp":"2026-06-28 06:45:32,300+0530","service":"FyersAPI"}
{"level":"ERROR","location":"[get_call:165] fyersModel","message":{"API":"/history","Error":{"code":-16,"message":"Could not authenticate the user","s":"error"}},"timestamp":"2026-06-28 06:45:32,613+0530","service":"FyersAPI"}
{"level":"ERROR","location":"[get_call:165] fyersModel","message":{"API":"/history","Error":{"code":-16,"message":"Could not authenticate the user","s":"error"}},"timestamp":"2026-06-28 06:45:36,610+0530","service":"FyersAPI"}
{"level":"ERROR","location":"[get_call:165] fyersModel","message":{"API":"/history","Error":{"code":-16,"message":"Could not authenticate the user","s":"error"}},"timestamp":"2026-06-28 06:45:36,796+0530","service":"FyersAPI"}
{"level":"ERROR","location":"[get_call:183] fyersModel","message":{"API":"/quotes","error":"Expecting value: line 1 column 1 (char 0)"},"timestamp":"2026-06-28 06:45:37,678+0530","service":"FyersAPI"}
{"level":"ERROR","location":"[get_call:165] fyersModel","message":{"API":"/history","Error":{"code":-16,"message":"Could not authenticate the user","s":"error"}},"timestamp":"2026-06-28 06:45:38,040+0530","service":"FyersAPI"}
{"level":"ERROR","location":"[get_call:183] fyersModel","message":{"API":"/quotes","error":"Expecting value: line 1 column 1 (char 0)"},"timestamp":"2026-06-28 06:45:41,372+0530","service":"FyersAPI"}
{"level":"ERROR","location":"[get_call:165] fyersModel","message":{"API":"/history","Error":{"code":-16,"message":"Could not authenticate the user","s":"error"}},"timestamp":"2026-06-28 06:45:42,529+0530","service":"FyersAPI"}
{"level":"ERROR","location":"[get_call:165] fyersModel","message":{"API":"/history","Error":{"code":-16,"message":"Could not authenticate the user","s":"error"}},"timestamp":"2026-06-28 06:45:42,661+0530","service":"FyersAPI"}
{"level":"ERROR","location":"[get_call:183] fyersModel","message":{"API":"/quotes","error":"Expecting value: line 1 column 1 (char 0)"},"timestamp":"2026-06-28 06:45:43,096+0530","service":"FyersAPI"}
{"level":"ERROR","location":"[get_call:165] fyersModel","message":{"API":"/history","Error":{"code":-16,"message":"Could not authenticate the user","s":"error"}},"timestamp":"2026-06-28 06:45:46,362+0530","service":"FyersAPI"}
{"level":"ERROR","location":"[get_call:165] fyersModel","message":{"API":"/history","Error":{"code":-16,"message":"Could not authenticate the user","s":"error"}},"timestamp":"2026-06-28 06:45:46,755+0530","service":"FyersAPI"}
{"level":"ERROR","location":"[get_call:165] fyersModel","message":{"API":"/history","Error":{"code":-16,"message":"Could not authenticate the user","s":"error"}},"timestamp":"2026-06-28 06:45:47,371+0530","service":"FyersAPI"}
{"level":"ERROR","location":"[get_call:165] fyersModel","message":{"API":"/history","Error":{"code":-16,"message":"Could not authenticate the user","s":"error"}},"timestamp":"2026-06-28 06:45:52,324+0530","service":"FyersAPI"}
{"level":"ERROR","location":"[get_call:165] fyersModel","message":{"API":"/history","Error":{"code":-16,"message":"Could not authenticate the user","s":"error"}},"timestamp":"2026-06-28 06:45:52,344+0530","service":"FyersAPI"}
{"level":"ERROR","location":"[get_call:165] fyersModel","message":{"API":"/history","Error":{"code":-16,"message":"Could not authenticate the user","s":"error"}},"timestamp":"2026-06-28 06:45:52,860+0530","service":"FyersAPI"}
{"level":"ERROR","location":"[get_call:183] fyersModel","message":{"API":"/quotes","error":"Expecting value: line 1 column 1 (char 0)"},"timestamp":"2026-06-28 06:45:57,483+0530","service":"FyersAPI"}
{"level":"ERROR","location":"[get_call:165] fyersModel","message":{"API":"/history","Error":{"code":-16,"message":"Could not authenticate the user","s":"error"}},"timestamp":"2026-06-28 06:45:58,534+0530","service":"FyersAPI"}
{"level":"ERROR","location":"[get_call:165] fyersModel","message":{"API":"/history","Error":{"code":-16,"message":"Could not authenticate the user","s":"error"}},"timestamp":"2026-06-28 06:45:58,704+0530","service":"FyersAPI"}
{"level":"ERROR","location":"[get_call:183] fyersModel","message":{"API":"/quotes","error":"Expecting value: line 1 column 1 (char 0)"},"timestamp":"2026-06-28 06:45:58,864+0530","service":"FyersAPI"}
{"level":"ERROR","location":"[get_call:165] fyersModel","message":{"API":"/history","Error":{"code":-16,"message":"Could not authenticate the user","s":"error"}},"timestamp":"2026-06-28 06:46:01,341+0530","service":"FyersAPI"}
{"level":"ERROR","location":"[get_call:165] fyersModel","message":{"API":"/history","Error":{"code":-16,"message":"Could not authenticate the user","s":"error"}},"timestamp":"2026-06-28 06:46:01,344+0530","service":"FyersAPI"}
{"level":"ERROR","location":"[get_call:183] fyersModel","message":{"API":"/quotes","error":"Expecting value: line 1 column 1 (char 0)"},"timestamp":"2026-06-28 06:46:02,281+0530","service":"FyersAPI"}
{"level":"ERROR","location":"[get_call:165] fyersModel","message":{"API":"/history","Error":{"code":-16,"message":"Could not authenticate the user","s":"error"}},"timestamp":"2026-06-28 06:46:05,737+0530","service":"FyersAPI"}
{"level":"ERROR","location":"[get_call:165] fyersModel","message":{"API":"/history","Error":{"code":-16,"message":"Could not authenticate the user","s":"error"}},"timestamp":"2026-06-28 06:46:06,306+0530","service":"FyersAPI"}
{"level":"ERROR","location":"[get_call:165] fyersModel","message":{"API":"/history","Error":{"code":-16,"message":"Could not authenticate the user","s":"error"}},"timestamp":"2026-06-28 06:46:09,089+0530","service":"FyersAPI"}
{"level":"ERROR","location":"[get_call:165] fyersModel","message":{"API":"/history","Error":{"code":-16,"message":"Could not authenticate the user","s":"error"}},"timestamp":"2026-06-28 06:46:09,306+0530","service":"FyersAPI"}
{"level":"ERROR","location":"[get_call:165] fyersModel","message":{"API":"/history","Error":{"code":-16,"message":"Could not authenticate the user","s":"error"}},"timestamp":"2026-06-28 06:46:09,527+0530","service":"FyersAPI"}
{"level":"ERROR","location":"[get_call:165] fyersModel","message":{"API":"/history","Error":{"code":-16,"message":"Could not authenticate the user","s":"error"}},"timestamp":"2026-06-28 06:46:12,930+0530","service":"FyersAPI"}
{"level":"ERROR","location":"[get_call:165] fyersModel","message":{"API":"/history","Error":{"code":-16,"message":"Could not authenticate the user","s":"error"}},"timestamp":"2026-06-28 06:46:14,037+0530","service":"FyersAPI"}
{"level":"ERROR","location":"[get_call:165] fyersModel","message":{"API":"/history","Error":{"code":-16,"message":"Could not authenticate the user","s":"error"}},"timestamp":"2026-06-28 06:46:14,418+0530","service":"FyersAPI"}
{"level":"ERROR","location":"[get_call:165] fyersModel","message":{"API":"/history","Error":{"code":-16,"message":"Could not authenticate the user","s":"error"}},"timestamp":"2026-06-28 06:46:18,093+0530","service":"FyersAPI"}
{"level":"ERROR","location":"[get_call:183] fyersModel","message":{"API":"/quotes","error":"Expecting value: line 1 column 1 (char 0)"},"timestamp":"2026-06-28 06:46:18,357+0530","service":"FyersAPI"}
{"level":"ERROR","location":"[get_call:165] fyersModel","message":{"API":"/history","Error":{"code":-16,"message":"Could not authenticate the user","s":"error"}},"timestamp":"2026-06-28 06:46:18,766+0530","service":"FyersAPI"}
{"level":"ERROR","location":"[get_call:165] fyersModel","message":{"API":"/history","Error":{"code":-16,"message":"Could not authenticate the user","s":"error"}},"timestamp":"2026-06-28 06:46:19,679+0530","service":"FyersAPI"}
{"level":"ERROR","location":"[get_call:183] fyersModel","message":{"API":"/quotes","error":"Expecting value: line 1 column 1 (char 0)"},"timestamp":"2026-06-28 06:46:19,722+0530","service":"FyersAPI"}
{"level":"ERROR","location":"[get_call:183] fyersModel","message":{"API":"/quotes","error":"Expecting value: line 1 column 1 (char 0)"},"timestamp":"2026-06-28 06:46:22,205+0530","service":"FyersAPI"}
{"level":"ERROR","location":"[get_call:165] fyersModel","message":{"API":"/history","Error":{"code":-16,"message":"Could not authenticate the user","s":"error"}},"timestamp":"2026-06-28 06:46:22,266+0530","service":"FyersAPI"}
{"level":"ERROR","location":"[get_call:165] fyersModel","message":{"API":"/history","Error":{"code":-16,"message":"Could not authenticate the user","s":"error"}},"timestamp":"2026-06-28 06:46:23,460+0530","service":"FyersAPI"}
{"level":"ERROR","location":"[get_call:165] fyersModel","message":{"API":"/history","Error":{"code":-16,"message":"Could not authenticate the user","s":"error"}},"timestamp":"2026-06-28 06:46:23,909+0530","service":"FyersAPI"}
{"level":"ERROR","location":"[get_call:165] fyersModel","message":{"API":"/history","Error":{"code":-16,"message":"Could not authenticate the user","s":"error"}},"timestamp":"2026-06-28 06:46:28,914+0530","service":"FyersAPI"}
{"level":"ERROR","location":"[get_call:165] fyersModel","message":{"API":"/history","Error":{"code":-16,"message":"Could not authenticate the user","s":"error"}},"timestamp":"2026-06-28 06:46:29,897+0530","service":"FyersAPI"}
{"level":"ERROR","location":"[get_call:183] fyersModel","message":{"API":"/quotes","error":"Expecting value: line 1 column 1 (char 0)"},"timestamp":"2026-06-28 06:46:29,964+0530","service":"FyersAPI"}
{"level":"ERROR","location":"[get_call:165] fyersModel","message":{"API":"/history","Error":{"code":-16,"message":"Could not authenticate the user","s":"error"}},"timestamp":"2026-06-28 06:46:30,323+0530","service":"FyersAPI"}
{"level":"ERROR","location":"[get_call:165] fyersModel","message":{"API":"/history","Error":{"code":-16,"message":"Could not authenticate the user","s":"error"}},"timestamp":"2026-06-28 06:46:33,367+0530","service":"FyersAPI"}
{"level":"ERROR","location":"[get_call:165] fyersModel","message":{"API":"/history","Error":{"code":-16,"message":"Could not authenticate the user","s":"error"}},"timestamp":"2026-06-28 06:46:34,385+0530","service":"FyersAPI"}
{"level":"ERROR","location":"[get_call:165] fyersModel","message":{"API":"/history","Error":{"code":-16,"message":"Could not authenticate the user","s":"error"}},"timestamp":"2026-06-28 06:46:34,666+0530","service":"FyersAPI"}
{"level":"ERROR","location":"[get_call:165] fyersModel","message":{"API":"/history","Error":{"code":-16,"message":"Could not authenticate the user","s":"error"}},"timestamp":"2026-06-28 06:46:39,781+0530","service":"FyersAPI"}
{"level":"ERROR","location":"[get_call:165] fyersModel","message":{"API":"/history","Error":{"code":-16,"message":"Could not authenticate the user","s":"error"}},"timestamp":"2026-06-28 06:46:40,034+0530","service":"FyersAPI"}
{"level":"ERROR","location":"[get_call:183] fyersModel","message":{"API":"/quotes","error":"Expecting value: line 1 column 1 (char 0)"},"timestamp":"2026-06-28 06:46:40,319+0530","service":"FyersAPI"}
{"level":"ERROR","location":"[get_call:183] fyersModel","message":{"API":"/quotes","error":"Expecting value: line 1 column 1 (char 0)"},"timestamp":"2026-06-28 06:46:41,195+0530","service":"FyersAPI"}
{"level":"ERROR","location":"[get_call:165] fyersModel","message":{"API":"/history","Error":{"code":-16,"message":"Could not authenticate the user","s":"error"}},"timestamp":"2026-06-28 06:46:41,339+0530","service":"FyersAPI"}
{"level":"ERROR","location":"[get_call:183] fyersModel","message":{"API":"/quotes","error":"Expecting value: line 1 column 1 (char 0)"},"timestamp":"2026-06-28 06:46:44,021+0530","service":"FyersAPI"}
{"level":"ERROR","location":"[get_call:165] fyersModel","message":{"API":"/history","Error":{"code":-16,"message":"Could not authenticate the user","s":"error"}},"timestamp":"2026-06-28 06:46:44,683+0530","service":"FyersAPI"}
{"level":"ERROR","location":"[get_call:165] fyersModel","message":{"API":"/history","Error":{"code":-16,"message":"Could not authenticate the user","s":"error"}},"timestamp":"2026-06-28 06:46:45,280+0530","service":"FyersAPI"}
{"level":"ERROR","location":"[get_call:165] fyersModel","message":{"API":"/history","Error":{"code":-16,"message":"Could not authenticate the user","s":"error"}},"timestamp":"2026-06-28 06:46:45,775+0530","service":"FyersAPI"}
{"level":"ERROR","location":"[get_call:165] fyersModel","message":{"API":"/history","Error":{"code":-16,"message":"Could not authenticate the user","s":"error"}},"timestamp":"2026-06-28 06:46:48,863+0530","service":"FyersAPI"}
{"level":"ERROR","location":"[get_call:165] fyersModel","message":{"API":"/history","Error":{"code":-16,"message":"Could not authenticate the user","s":"error"}},"timestamp":"2026-06-28 06:46:48,877+0530","service":"FyersAPI"}
{"level":"ERROR","location":"[get_call:165] fyersModel","message":{"API":"/history","Error":{"code":-16,"message":"Could not authenticate the user","s":"error"}},"timestamp":"2026-06-28 06:46:49,640+0530","service":"FyersAPI"}
{"level":"ERROR","location":"[get_call:165] fyersModel","message":{"API":"/history","Error":{"code":-16,"message":"Could not authenticate the user","s":"error"}},"timestamp":"2026-06-28 06:46:53,256+0530","service":"FyersAPI"}
{"level":"ERROR","location":"[get_call:165] fyersModel","message":{"API":"/history","Error":{"code":-16,"message":"Could not authenticate the user","s":"error"}},"timestamp":"2026-06-28 06:46:53,957+0530","service":"FyersAPI"}
{"level":"ERROR","location":"[get_call:165] fyersModel","message":{"API":"/history","Error":{"code":-16,"message":"Could not authenticate the user","s":"error"}},"timestamp":"2026-06-28 06:46:57,418+0530","service":"FyersAPI"}
{"level":"ERROR","location":"[get_call:165] fyersModel","message":{"API":"/history","Error":{"code":-16,"message":"Could not authenticate the user","s":"error"}},"timestamp":"2026-06-28 06:46:58,435+0530","service":"FyersAPI"}
{"level":"ERROR","location":"[get_call:165] fyersModel","message":{"API":"/history","Error":{"code":-16,"message":"Could not authenticate the user","s":"error"}},"timestamp":"2026-06-28 06:46:58,699+0530","service":"FyersAPI"}
{"level":"ERROR","location":"[get_call:165] fyersModel","message":{"API":"/history","Error":{"code":-16,"message":"Could not authenticate the user","s":"error"}},"timestamp":"2026-06-28 06:47:02,648+0530","service":"FyersAPI"}
{"level":"ERROR","location":"[get_call:183] fyersModel","message":{"API":"/quotes","error":"Expecting value: line 1 column 1 (char 0)"},"timestamp":"2026-06-28 06:47:03,483+0530","service":"FyersAPI"}
{"level":"ERROR","location":"[get_call:183] fyersModel","message":{"API":"/quotes","error":"Expecting value: line 1 column 1 (char 0)"},"timestamp":"2026-06-28 06:47:03,856+0530","service":"FyersAPI"}
{"level":"ERROR","location":"[get_call:165] fyersModel","message":{"API":"/history","Error":{"code":-16,"message":"Could not authenticate the user","s":"error"}},"timestamp":"2026-06-28 06:47:04,356+0530","service":"FyersAPI"}
{"level":"ERROR","location":"[get_call:183] fyersModel","message":{"API":"/quotes","error":"Expecting value: line 1 column 1 (char 0)"},"timestamp":"2026-06-28 06:47:04,392+0530","service":"FyersAPI"}
{"level":"ERROR","location":"[get_call:165] fyersModel","message":{"API":"/history","Error":{"code":-16,"message":"Could not authenticate the user","s":"error"}},"timestamp":"2026-06-28 06:47:07,560+0530","service":"FyersAPI"}
{"level":"ERROR","location":"[get_call:165] fyersModel","message":{"API":"/history","Error":{"code":-16,"message":"Could not authenticate the user","s":"error"}},"timestamp":"2026-06-28 06:47:07,563+0530","service":"FyersAPI"}
{"level":"ERROR","location":"[get_call:165] fyersModel","message":{"API":"/history","Error":{"code":-16,"message":"Could not authenticate the user","s":"error"}},"timestamp":"2026-06-28 06:47:07,566+0530","service":"FyersAPI"}
{"level":"ERROR","location":"[get_call:165] fyersModel","message":{"API":"/history","Error":{"code":-16,"message":"Could not authenticate the user","s":"error"}},"timestamp":"2026-06-28 06:47:08,693+0530","service":"FyersAPI"}
{"level":"ERROR","location":"[get_call:183] fyersModel","message":{"API":"/quotes","error":"Expecting value: line 1 column 1 (char 0)"},"timestamp":"2026-06-28 06:47:12,954+0530","service":"FyersAPI"}
{"level":"ERROR","location":"[get_call:165] fyersModel","message":{"API":"/history","Error":{"code":-16,"message":"Could not authenticate the user","s":"error"}},"timestamp":"2026-06-28 06:47:13,352+0530","service":"FyersAPI"}
{"level":"ERROR","location":"[get_call:165] fyersModel","message":{"API":"/history","Error":{"code":-16,"message":"Could not authenticate the user","s":"error"}},"timestamp":"2026-06-28 06:47:14,920+0530","service":"FyersAPI"}
{"level":"ERROR","location":"[get_call:165] fyersModel","message":{"API":"/history","Error":{"code":-16,"message":"Could not authenticate the user","s":"error"}},"timestamp":"2026-06-28 06:47:15,007+0530","service":"FyersAPI"}
{"level":"ERROR","location":"[get_call:165] fyersModel","message":{"API":"/history","Error":{"code":-16,"message":"Could not authenticate the user","s":"error"}},"timestamp":"2026-06-28 06:47:20,387+0530","service":"FyersAPI"}
{"level":"ERROR","location":"[get_call:165] fyersModel","message":{"API":"/history","Error":{"code":-16,"message":"Could not authenticate the user","s":"error"}},"timestamp":"2026-06-28 06:47:20,789+0530","service":"FyersAPI"}
{"level":"ERROR","location":"[get_call:165] fyersModel","message":{"API":"/history","Error":{"code":-16,"message":"Could not authenticate the user","s":"error"}},"timestamp":"2026-06-28 06:47:21,289+0530","service":"FyersAPI"}
{"level":"ERROR","location":"[get_call:183] fyersModel","message":{"API":"/quotes","error":"Expecting value: line 1 column 1 (char 0)"},"timestamp":"2026-06-28 06:47:25,103+0530","service":"FyersAPI"}
{"level":"ERROR","location":"[get_call:165] fyersModel","message":{"API":"/history","Error":{"code":-16,"message":"Could not authenticate the user","s":"error"}},"timestamp":"2026-06-28 06:47:25,319+0530","service":"FyersAPI"}
{"level":"ERROR","location":"[get_call:165] fyersModel","message":{"API":"/history","Error":{"code":-16,"message":"Could not authenticate the user","s":"error"}},"timestamp":"2026-06-28 06:47:25,483+0530","service":"FyersAPI"}
{"level":"ERROR","location":"[get_call:183] fyersModel","message":{"API":"/quotes","error":"Expecting value: line 1 column 1 (char 0)"},"timestamp":"2026-06-28 06:47:25,652+0530","service":"FyersAPI"}
{"level":"ERROR","location":"[get_call:165] fyersModel","message":{"API":"/history","Error":{"code":-16,"message":"Could not authenticate the user","s":"error"}},"timestamp":"2026-06-28 06:47:27,494+0530","service":"FyersAPI"}
{"level":"ERROR","location":"[get_call:165] fyersModel","message":{"API":"/history","Error":{"code":-16,"message":"Could not authenticate the user","s":"error"}},"timestamp":"2026-06-28 06:47:28,173+0530","service":"FyersAPI"}
{"level":"ERROR","location":"[get_call:165] fyersModel","message":{"API":"/history","Error":{"code":-16,"message":"Could not authenticate the user","s":"error"}},"timestamp":"2026-06-28 06:47:28,611+0530","service":"FyersAPI"}
{"level":"ERROR","location":"[get_call:183] fyersModel","message":{"API":"/quotes","error":"Expecting value: line 1 column 1 (char 0)"},"timestamp":"2026-06-28 06:47:31,456+0530","service":"FyersAPI"}
{"level":"ERROR","location":"[get_call:165] fyersModel","message":{"API":"/history","Error":{"code":-16,"message":"Could not authenticate the user","s":"error"}},"timestamp":"2026-06-28 06:47:31,672+0530","service":"FyersAPI"}
{"level":"ERROR","location":"[get_call:165] fyersModel","message":{"API":"/history","Error":{"code":-16,"message":"Could not authenticate the user","s":"error"}},"timestamp":"2026-06-28 06:47:32,262+0530","service":"FyersAPI"}
{"level":"ERROR","location":"[get_call:165] fyersModel","message":{"API":"/history","Error":{"code":-16,"message":"Could not authenticate the user","s":"error"}},"timestamp":"2026-06-28 06:47:34,459+0530","service":"FyersAPI"}
{"level":"ERROR","location":"[get_call:165] fyersModel","message":{"API":"/history","Error":{"code":-16,"message":"Could not authenticate the user","s":"error"}},"timestamp":"2026-06-28 06:47:35,084+0530","service":"FyersAPI"}
{"level":"ERROR","location":"[get_call:165] fyersModel","message":{"API":"/history","Error":{"code":-16,"message":"Could not authenticate the user","s":"error"}},"timestamp":"2026-06-28 06:47:35,355+0530","service":"FyersAPI"}
{"level":"ERROR","location":"[get_call:165] fyersModel","message":{"API":"/history","Error":{"code":-16,"message":"Could not authenticate the user","s":"error"}},"timestamp":"2026-06-28 06:47:38,494+0530","service":"FyersAPI"}
{"level":"ERROR","location":"[get_call:165] fyersModel","message":{"API":"/history","Error":{"code":-16,"message":"Could not authenticate the user","s":"error"}},"timestamp":"2026-06-28 06:47:38,934+0530","service":"FyersAPI"}
{"level":"ERROR","location":"[get_call:183] fyersModel","message":{"API":"/quotes","error":"Expecting value: line 1 column 1 (char 0)"},"timestamp":"2026-06-28 06:47:39,580+0530","service":"FyersAPI"}
{"level":"ERROR","location":"[get_call:165] fyersModel","message":{"API":"/history","Error":{"code":-16,"message":"Could not authenticate the user","s":"error"}},"timestamp":"2026-06-28 06:47:39,667+0530","service":"FyersAPI"}
{"level":"ERROR","location":"[get_call:183] fyersModel","message":{"API":"/quotes","error":"Expecting value: line 1 column 1 (char 0)"},"timestamp":"2026-06-28 06:47:41,908+0530","service":"FyersAPI"}
{"level":"ERROR","location":"[get_call:165] fyersModel","message":{"API":"/history","Error":{"code":-16,"message":"Could not authenticate the user","s":"error"}},"timestamp":"2026-06-28 06:47:41,923+0530","service":"FyersAPI"}
{"level":"ERROR","location":"[get_call:165] fyersModel","message":{"API":"/history","Error":{"code":-16,"message":"Could not authenticate the user","s":"error"}},"timestamp":"2026-06-28 06:47:42,336+0530","service":"FyersAPI"}
{"level":"ERROR","location":"[get_call:165] fyersModel","message":{"API":"/history","Error":{"code":-16,"message":"Could not authenticate the user","s":"error"}},"timestamp":"2026-06-28 06:47:45,419+0530","service":"FyersAPI"}
{"level":"ERROR","location":"[get_call:165] fyersModel","message":{"API":"/history","Error":{"code":-16,"message":"Could not authenticate the user","s":"error"}},"timestamp":"2026-06-28 06:47:46,724+0530","service":"FyersAPI"}
{"level":"ERROR","location":"[get_call:165] fyersModel","message":{"API":"/history","Error":{"code":-16,"message":"Could not authenticate the user","s":"error"}},"timestamp":"2026-06-28 06:47:46,815+0530","service":"FyersAPI"}
{"level":"ERROR","location":"[get_call:183] fyersModel","message":{"API":"/quotes","error":"Expecting value: line 1 column 1 (char 0)"},"timestamp":"2026-06-28 06:47:46,833+0530","service":"FyersAPI"}
{"level":"ERROR","location":"[get_call:183] fyersModel","message":{"API":"/quotes","error":"Expecting value: line 1 column 1 (char 0)"},"timestamp":"2026-06-28 06:47:48,442+0530","service":"FyersAPI"}
{"level":"ERROR","location":"[get_call:165] fyersModel","message":{"API":"/history","Error":{"code":-16,"message":"Could not authenticate the user","s":"error"}},"timestamp":"2026-06-28 06:47:50,496+0530","service":"FyersAPI"}
{"level":"ERROR","location":"[get_call:165] fyersModel","message":{"API":"/history","Error":{"code":-16,"message":"Could not authenticate the user","s":"error"}},"timestamp":"2026-06-28 06:47:50,999+0530","service":"FyersAPI"}
{"level":"ERROR","location":"[get_call:165] fyersModel","message":{"API":"/history","Error":{"code":-16,"message":"Could not authenticate the user","s":"error"}},"timestamp":"2026-06-28 06:47:51,599+0530","service":"FyersAPI"}
{"level":"ERROR","location":"[get_call:165] fyersModel","message":{"API":"/profile","Error":{"s":"error","code":-8,"message":"Your token has expired. Please generate a token"}},"timestamp":"2026-06-30 07:18:30,207+0530","service":"FyersAPI"}
{"level":"ERROR","location":"[get_call:165] fyersModel","message":{"API":"/history","Error":{"code":-16,"message":"Could not authenticate the user","s":"error"}},"timestamp":"2026-06-30 07:18:40,713+0530","service":"FyersAPI"}
{"level":"ERROR","location":"[get_call:165] fyersModel","message":{"API":"/history","Error":{"code":-16,"message":"Could not authenticate the user","s":"error"}},"timestamp":"2026-06-30 07:18:43,988+0530","service":"FyersAPI"}
{"level":"ERROR","location":"[get_call:165] fyersModel","message":{"API":"/history","Error":{"code":-16,"message":"Could not authenticate the user","s":"error"}},"timestamp":"2026-06-30 07:18:44,904+0530","service":"FyersAPI"}
{"level":"ERROR","location":"[get_call:165] fyersModel","message":{"API":"/quotes","Error":{"message":"Please provide valid token","code":-15,"s":"error"}},"timestamp":"2026-06-30 07:19:44,142+0530","service":"FyersAPI"}
{"level":"ERROR","location":"[get_call:165] fyersModel","message":{"API":"/quotes","Error":{"message":"Please provide valid token","code":-15,"s":"error"}},"timestamp":"2026-06-30 07:19:46,670+0530","service":"FyersAPI"}
{"level":"ERROR","location":"[get_call:165] fyersModel","message":{"API":"/quotes","Error":{"message":"Please provide valid token","code":-15,"s":"error"}},"timestamp":"2026-06-30 07:19:48,318+0530","service":"FyersAPI"}
{"level":"ERROR","location":"[get_call:165] fyersModel","message":{"API":"/quotes","Error":{"message":"Please provide valid token","code":-15,"s":"error"}},"timestamp":"2026-06-30 07:19:50,086+0530","service":"FyersAPI"}
{"level":"ERROR","location":"[get_call:165] fyersModel","message":{"API":"/history","Error":{"code":-16,"message":"Could not authenticate the user","s":"error"}},"timestamp":"2026-06-30 07:19:50,276+0530","service":"FyersAPI"}
{"level":"ERROR","location":"[get_call:165] fyersModel","message":{"API":"/quotes","Error":{"message":"Please provide valid token","code":-15,"s":"error"}},"timestamp":"2026-06-30 07:19:51,929+0530","service":"FyersAPI"}
{"level":"ERROR","location":"[get_call:165] fyersModel","message":{"API":"/history","Error":{"code":-16,"message":"Could not authenticate the user","s":"error"}},"timestamp":"2026-06-30 07:19:51,988+0530","service":"FyersAPI"}
{"level":"ERROR","location":"[get_call:165] fyersModel","message":{"API":"/history","Error":{"code":-16,"message":"Could not authenticate the user","s":"error"}},"timestamp":"2026-06-30 07:19:54,000+0530","service":"FyersAPI"}
{"level":"ERROR","location":"[get_call:165] fyersModel","message":{"API":"/quotes","Error":{"message":"Please provide valid token","code":-15,"s":"error"}},"timestamp":"2026-06-30 07:19:55,622+0530","service":"FyersAPI"}
{"level":"ERROR","location":"[get_call:165] fyersModel","message":{"API":"/history","Error":{"code":-16,"message":"Could not authenticate the user","s":"error"}},"timestamp":"2026-06-30 07:19:55,643+0530","service":"FyersAPI"}
{"level":"ERROR","location":"[get_call:165] fyersModel","message":{"API":"/history","Error":{"code":-16,"message":"Could not authenticate the user","s":"error"}},"timestamp":"2026-06-30 07:19:58,079+0530","service":"FyersAPI"}
{"level":"ERROR","location":"[get_call:183] fyersModel","message":{"API":"/quotes","error":"Expecting value: line 1 column 1 (char 0)"},"timestamp":"2026-06-30 07:19:59,575+0530","service":"FyersAPI"}
{"level":"ERROR","location":"[get_call:165] fyersModel","message":{"API":"/history","Error":{"code":-16,"message":"Could not authenticate the user","s":"error"}},"timestamp":"2026-06-30 07:19:59,652+0530","service":"FyersAPI"}
{"level":"ERROR","location":"[get_call:165] fyersModel","message":{"API":"/history","Error":{"code":-16,"message":"Could not authenticate the user","s":"error"}},"timestamp":"2026-06-30 07:20:01,738+0530","service":"FyersAPI"}
{"level":"ERROR","location":"[get_call:165] fyersModel","message":{"API":"/history","Error":{"code":-16,"message":"Could not authenticate the user","s":"error"}},"timestamp":"2026-06-30 07:20:03,223+0530","service":"FyersAPI"}
{"level":"ERROR","location":"[get_call:165] fyersModel","message":{"API":"/history","Error":{"code":-16,"message":"Could not authenticate the user","s":"error"}},"timestamp":"2026-06-30 07:20:03,469+0530","service":"FyersAPI"}
{"level":"ERROR","location":"[get_call:165] fyersModel","message":{"API":"/history","Error":{"code":-16,"message":"Could not authenticate the user","s":"error"}},"timestamp":"2026-06-30 07:20:05,581+0530","service":"FyersAPI"}
{"level":"ERROR","location":"[get_call:165] fyersModel","message":{"API":"/history","Error":{"code":-16,"message":"Could not authenticate the user","s":"error"}},"timestamp":"2026-06-30 07:20:05,655+0530","service":"FyersAPI"}
{"level":"ERROR","location":"[get_call:183] fyersModel","message":{"API":"/quotes","error":"Expecting value: line 1 column 1 (char 0)"},"timestamp":"2026-06-30 07:20:07,363+0530","service":"FyersAPI"}
{"level":"ERROR","location":"[get_call:165] fyersModel","message":{"API":"/history","Error":{"code":-16,"message":"Could not authenticate the user","s":"error"}},"timestamp":"2026-06-30 07:20:08,164+0530","service":"FyersAPI"}
{"level":"ERROR","location":"[get_call:165] fyersModel","message":{"API":"/history","Error":{"code":-16,"message":"Could not authenticate the user","s":"error"}},"timestamp":"2026-06-30 07:20:09,675+0530","service":"FyersAPI"}
{"level":"ERROR","location":"[get_call:183] fyersModel","message":{"API":"/quotes","error":"Expecting value: line 1 column 1 (char 0)"},"timestamp":"2026-06-30 07:20:09,695+0530","service":"FyersAPI"}
{"level":"ERROR","location":"[get_call:165] fyersModel","message":{"API":"/history","Error":{"code":-16,"message":"Could not authenticate the user","s":"error"}},"timestamp":"2026-06-30 07:20:11,451+0530","service":"FyersAPI"}
{"level":"ERROR","location":"[get_call:183] fyersModel","message":{"API":"/quotes","error":"Expecting value: line 1 column 1 (char 0)"},"timestamp":"2026-06-30 07:20:13,161+0530","service":"FyersAPI"}
{"level":"ERROR","location":"[get_call:165] fyersModel","message":{"API":"/history","Error":{"code":-16,"message":"Could not authenticate the user","s":"error"}},"timestamp":"2026-06-30 07:20:13,191+0530","service":"FyersAPI"}
{"level":"ERROR","location":"[get_call:165] fyersModel","message":{"API":"/history","Error":{"code":-16,"message":"Could not authenticate the user","s":"error"}},"timestamp":"2026-06-30 07:20:13,322+0530","service":"FyersAPI"}
{"level":"ERROR","location":"[get_call:165] fyersModel","message":{"API":"/history","Error":{"code":-16,"message":"Could not authenticate the user","s":"error"}},"timestamp":"2026-06-30 07:20:14,740+0530","service":"FyersAPI"}
{"level":"ERROR","location":"[get_call:165] fyersModel","message":{"API":"/history","Error":{"code":-16,"message":"Could not authenticate the user","s":"error"}},"timestamp":"2026-06-30 07:20:17,086+0530","service":"FyersAPI"}
{"level":"ERROR","location":"[get_call:165] fyersModel","message":{"API":"/history","Error":{"code":-16,"message":"Could not authenticate the user","s":"error"}},"timestamp":"2026-06-30 07:20:17,220+0530","service":"FyersAPI"}
{"level":"ERROR","location":"[get_call:165] fyersModel","message":{"API":"/history","Error":{"code":-16,"message":"Could not authenticate the user","s":"error"}},"timestamp":"2026-06-30 07:20:19,109+0530","service":"FyersAPI"}
{"level":"ERROR","location":"[get_call:183] fyersModel","message":{"API":"/quotes","error":"Expecting value: line 1 column 1 (char 0)"},"timestamp":"2026-06-30 07:20:19,128+0530","service":"FyersAPI"}
{"level":"ERROR","location":"[get_call:165] fyersModel","message":{"API":"/history","Error":{"code":-16,"message":"Could not authenticate the user","s":"error"}},"timestamp":"2026-06-30 07:20:19,168+0530","service":"FyersAPI"}
{"level":"ERROR","location":"[get_call:165] fyersModel","message":{"API":"/history","Error":{"code":-16,"message":"Could not authenticate the user","s":"error"}},"timestamp":"2026-06-30 07:20:20,683+0530","service":"FyersAPI"}
{"level":"ERROR","location":"[get_call:165] fyersModel","message":{"API":"/history","Error":{"code":-16,"message":"Could not authenticate the user","s":"error"}},"timestamp":"2026-06-30 07:20:20,846+0530","service":"FyersAPI"}
{"level":"ERROR","location":"[get_call:165] fyersModel","message":{"API":"/history","Error":{"code":-16,"message":"Could not authenticate the user","s":"error"}},"timestamp":"2026-06-30 07:20:22,580+0530","service":"FyersAPI"}
{"level":"ERROR","location":"[get_call:165] fyersModel","message":{"API":"/history","Error":{"code":-16,"message":"Could not authenticate the user","s":"error"}},"timestamp":"2026-06-30 07:20:22,586+0530","service":"FyersAPI"}
{"level":"ERROR","location":"[get_call:165] fyersModel","message":{"API":"/history","Error":{"code":-16,"message":"Could not authenticate the user","s":"error"}},"timestamp":"2026-06-30 07:20:22,865+0530","service":"FyersAPI"}
{"level":"ERROR","location":"[get_call:165] fyersModel","message":{"API":"/history","Error":{"code":-16,"message":"Could not authenticate the user","s":"error"}},"timestamp":"2026-06-30 07:20:24,626+0530","service":"FyersAPI"}
{"level":"ERROR","location":"[get_call:165] fyersModel","message":{"API":"/history","Error":{"code":-16,"message":"Could not authenticate the user","s":"error"}},"timestamp":"2026-06-30 07:20:24,929+0530","service":"FyersAPI"}
{"level":"ERROR","location":"[get_call:165] fyersModel","message":{"API":"/history","Error":{"code":-16,"message":"Could not authenticate the user","s":"error"}},"timestamp":"2026-06-30 07:20:26,418+0530","service":"FyersAPI"}
{"level":"ERROR","location":"[get_call:165] fyersModel","message":{"API":"/history","Error":{"code":-16,"message":"Could not authenticate the user","s":"error"}},"timestamp":"2026-06-30 07:20:26,847+0530","service":"FyersAPI"}
{"level":"ERROR","location":"[get_call:183] fyersModel","message":{"API":"/quotes","error":"Expecting value: line 1 column 1 (char 0)"},"timestamp":"2026-06-30 07:20:27,416+0530","service":"FyersAPI"}
{"level":"ERROR","location":"[get_call:165] fyersModel","message":{"API":"/history","Error":{"code":-16,"message":"Could not authenticate the user","s":"error"}},"timestamp":"2026-06-30 07:20:28,528+0530","service":"FyersAPI"}
{"level":"ERROR","location":"[get_call:165] fyersModel","message":{"API":"/history","Error":{"code":-16,"message":"Could not authenticate the user","s":"error"}},"timestamp":"2026-06-30 07:20:28,536+0530","service":"FyersAPI"}
{"level":"ERROR","location":"[get_call:165] fyersModel","message":{"API":"/history","Error":{"code":-16,"message":"Could not authenticate the user","s":"error"}},"timestamp":"2026-06-30 07:20:28,540+0530","service":"FyersAPI"}
{"level":"ERROR","location":"[get_call:183] fyersModel","message":{"API":"/quotes","error":"Expecting value: line 1 column 1 (char 0)"},"timestamp":"2026-06-30 07:20:30,578+0530","service":"FyersAPI"}
{"level":"ERROR","location":"[get_call:165] fyersModel","message":{"API":"/history","Error":{"code":-16,"message":"Could not authenticate the user","s":"error"}},"timestamp":"2026-06-30 07:20:30,584+0530","service":"FyersAPI"}
{"level":"ERROR","location":"[get_call:165] fyersModel","message":{"API":"/history","Error":{"code":-16,"message":"Could not authenticate the user","s":"error"}},"timestamp":"2026-06-30 07:20:30,642+0530","service":"FyersAPI"}
{"level":"ERROR","location":"[get_call:165] fyersModel","message":{"API":"/history","Error":{"code":-16,"message":"Could not authenticate the user","s":"error"}},"timestamp":"2026-06-30 07:20:32,334+0530","service":"FyersAPI"}
{"level":"ERROR","location":"[get_call:165] fyersModel","message":{"API":"/history","Error":{"code":-16,"message":"Could not authenticate the user","s":"error"}},"timestamp":"2026-06-30 07:20:32,345+0530","service":"FyersAPI"}
{"level":"ERROR","location":"[get_call:165] fyersModel","message":{"API":"/history","Error":{"code":-16,"message":"Could not authenticate the user","s":"error"}},"timestamp":"2026-06-30 07:20:32,377+0530","service":"FyersAPI"}
{"level":"ERROR","location":"[get_call:165] fyersModel","message":{"API":"/history","Error":{"code":-16,"message":"Could not authenticate the user","s":"error"}},"timestamp":"2026-06-30 07:20:34,618+0530","service":"FyersAPI"}
{"level":"ERROR","location":"[get_call:165] fyersModel","message":{"API":"/history","Error":{"code":-16,"message":"Could not authenticate the user","s":"error"}},"timestamp":"2026-06-30 07:20:34,630+0530","service":"FyersAPI"}
{"level":"ERROR","location":"[get_call:183] fyersModel","message":{"API":"/quotes","error":"Expecting value: line 1 column 1 (char 0)"},"timestamp":"2026-06-30 07:20:34,652+0530","service":"FyersAPI"}
{"level":"ERROR","location":"[get_call:165] fyersModel","message":{"API":"/history","Error":{"code":-16,"message":"Could not authenticate the user","s":"error"}},"timestamp":"2026-06-30 07:20:36,396+0530","service":"FyersAPI"}
{"level":"ERROR","location":"[get_call:165] fyersModel","message":{"API":"/history","Error":{"code":-16,"message":"Could not authenticate the user","s":"error"}},"timestamp":"2026-06-30 07:20:36,409+0530","service":"FyersAPI"}
{"level":"ERROR","location":"[get_call:165] fyersModel","message":{"API":"/history","Error":{"code":-16,"message":"Could not authenticate the user","s":"error"}},"timestamp":"2026-06-30 07:20:38,817+0530","service":"FyersAPI"}
{"level":"ERROR","location":"[get_call:165] fyersModel","message":{"API":"/history","Error":{"code":-16,"message":"Could not authenticate the user","s":"error"}},"timestamp":"2026-06-30 07:20:38,907+0530","service":"FyersAPI"}
{"level":"ERROR","location":"[get_call:165] fyersModel","message":{"API":"/history","Error":{"code":-16,"message":"Could not authenticate the user","s":"error"}},"timestamp":"2026-06-30 07:20:40,537+0530","service":"FyersAPI"}
{"level":"ERROR","location":"[get_call:165] fyersModel","message":{"API":"/history","Error":{"code":-16,"message":"Could not authenticate the user","s":"error"}},"timestamp":"2026-06-30 07:20:40,543+0530","service":"FyersAPI"}
{"level":"ERROR","location":"[get_call:165] fyersModel","message":{"API":"/history","Error":{"code":-16,"message":"Could not authenticate the user","s":"error"}},"timestamp":"2026-06-30 07:20:40,860+0530","service":"FyersAPI"}
{"level":"ERROR","location":"[get_call:165] fyersModel","message":{"API":"/history","Error":{"code":-16,"message":"Could not authenticate the user","s":"error"}},"timestamp":"2026-06-30 07:20:42,620+0530","service":"FyersAPI"}
{"level":"ERROR","location":"[get_call:165] fyersModel","message":{"API":"/history","Error":{"code":-16,"message":"Could not authenticate the user","s":"error"}},"timestamp":"2026-06-30 07:20:42,625+0530","service":"FyersAPI"}
{"level":"ERROR","location":"[get_call:165] fyersModel","message":{"API":"/history","Error":{"code":-16,"message":"Could not authenticate the user","s":"error"}},"timestamp":"2026-06-30 07:20:44,256+0530","service":"FyersAPI"}
{"level":"ERROR","location":"[get_call:165] fyersModel","message":{"API":"/history","Error":{"code":-16,"message":"Could not authenticate the user","s":"error"}},"timestamp":"2026-06-30 07:20:44,725+0530","service":"FyersAPI"}
{"level":"ERROR","location":"[get_call:183] fyersModel","message":{"API":"/quotes","error":"Expecting value: line 1 column 1 (char 0)"},"timestamp":"2026-06-30 07:20:45,587+0530","service":"FyersAPI"}
{"level":"ERROR","location":"[get_call:183] fyersModel","message":{"API":"/quotes","error":"Expecting value: line 1 column 1 (char 0)"},"timestamp":"2026-06-30 07:20:46,132+0530","service":"FyersAPI"}
{"level":"ERROR","location":"[get_call:165] fyersModel","message":{"API":"/history","Error":{"code":-16,"message":"Could not authenticate the user","s":"error"}},"timestamp":"2026-06-30 07:20:46,142+0530","service":"FyersAPI"}
{"level":"ERROR","location":"[get_call:165] fyersModel","message":{"API":"/history","Error":{"code":-16,"message":"Could not authenticate the user","s":"error"}},"timestamp":"2026-06-30 07:20:47,219+0530","service":"FyersAPI"}
{"level":"ERROR","location":"[get_call:165] fyersModel","message":{"API":"/history","Error":{"code":-16,"message":"Could not authenticate the user","s":"error"}},"timestamp":"2026-06-30 07:20:47,637+0530","service":"FyersAPI"}
{"level":"ERROR","location":"[get_call:183] fyersModel","message":{"API":"/history","error":"Expecting value: line 1 column 1 (char 0)"},"timestamp":"2026-06-30 07:20:47,677+0530","service":"FyersAPI"}
{"level":"ERROR","location":"[get_call:183] fyersModel","message":{"API":"/quotes","error":"Expecting value: line 1 column 1 (char 0)"},"timestamp":"2026-06-30 07:20:48,963+0530","service":"FyersAPI"}
{"level":"ERROR","location":"[get_call:183] fyersModel","message":{"API":"/history","error":"Expecting value: line 1 column 1 (char 0)"},"timestamp":"2026-06-30 07:20:49,715+0530","service":"FyersAPI"}
{"level":"ERROR","location":"[get_call:165] fyersModel","message":{"API":"/history","Error":{"code":-16,"message":"Could not authenticate the user","s":"error"}},"timestamp":"2026-06-30 07:20:50,927+0530","service":"FyersAPI"}
{"level":"ERROR","location":"[get_call:183] fyersModel","message":{"API":"/history","error":"Expecting value: line 1 column 1 (char 0)"},"timestamp":"2026-06-30 07:20:53,743+0530","service":"FyersAPI"}
{"level":"ERROR","location":"[get_call:183] fyersModel","message":{"API":"/history","error":"Expecting value: line 1 column 1 (char 0)"},"timestamp":"2026-06-30 07:20:55,668+0530","service":"FyersAPI"}
{"level":"ERROR","location":"[get_call:165] fyersModel","message":{"API":"/history","Error":{"code":-16,"message":"Could not authenticate the user","s":"error"}},"timestamp":"2026-06-30 07:20:56,116+0530","service":"FyersAPI"}
{"level":"ERROR","location":"[get_call:183] fyersModel","message":{"API":"/history","error":"Expecting value: line 1 column 1 (char 0)"},"timestamp":"2026-06-30 07:20:57,707+0530","service":"FyersAPI"}
{"level":"ERROR","location":"[get_call:165] fyersModel","message":{"API":"/history","Error":{"code":-16,"message":"Could not authenticate the user","s":"error"}},"timestamp":"2026-06-30 07:21:01,743+0530","service":"FyersAPI"}
{"level":"ERROR","location":"[get_call:183] fyersModel","message":{"API":"/quotes","error":"Expecting value: line 1 column 1 (char 0)"},"timestamp":"2026-06-30 07:21:03,295+0530","service":"FyersAPI"}
{"level":"ERROR","location":"[get_call:165] fyersModel","message":{"API":"/history","Error":{"code":-16,"message":"Could not authenticate the user","s":"error"}},"timestamp":"2026-06-30 07:21:03,308+0530","service":"FyersAPI"}
{"level":"ERROR","location":"[get_call:165] fyersModel","message":{"API":"/history","Error":{"code":-16,"message":"Could not authenticate the user","s":"error"}},"timestamp":"2026-06-30 07:21:04,744+0530","service":"FyersAPI"}
{"level":"ERROR","location":"[get_call:165] fyersModel","message":{"API":"/history","Error":{"code":-16,"message":"Could not authenticate the user","s":"error"}},"timestamp":"2026-06-30 07:21:05,009+0530","service":"FyersAPI"}
{"level":"ERROR","location":"[get_call:165] fyersModel","message":{"API":"/history","Error":{"code":-16,"message":"Could not authenticate the user","s":"error"}},"timestamp":"2026-06-30 07:21:07,104+0530","service":"FyersAPI"}
{"level":"ERROR","location":"[get_call:183] fyersModel","message":{"API":"/quotes","error":"Expecting value: line 1 column 1 (char 0)"},"timestamp":"2026-06-30 07:21:07,173+0530","service":"FyersAPI"}
{"level":"ERROR","location":"[get_call:165] fyersModel","message":{"API":"/history","Error":{"code":-16,"message":"Could not authenticate the user","s":"error"}},"timestamp":"2026-06-30 07:21:07,221+0530","service":"FyersAPI"}
{"level":"ERROR","location":"[get_call:165] fyersModel","message":{"API":"/history","Error":{"code":-16,"message":"Could not authenticate the user","s":"error"}},"timestamp":"2026-06-30 07:21:09,397+0530","service":"FyersAPI"}
{"level":"ERROR","location":"[get_call:165] fyersModel","message":{"API":"/history","Error":{"code":-16,"message":"Could not authenticate the user","s":"error"}},"timestamp":"2026-06-30 07:21:09,424+0530","service":"FyersAPI"}
{"level":"ERROR","location":"[get_call:183] fyersModel","message":{"API":"/history","error":"Expecting value: line 1 column 1 (char 0)"},"timestamp":"2026-06-30 07:21:09,480+0530","service":"FyersAPI"}
{"level":"ERROR","location":"[get_call:165] fyersModel","message":{"API":"/history","Error":{"code":-16,"message":"Could not authenticate the user","s":"error"}},"timestamp":"2026-06-30 07:21:11,523+0530","service":"FyersAPI"}
{"level":"ERROR","location":"[get_call:165] fyersModel","message":{"API":"/history","Error":{"code":-16,"message":"Could not authenticate the user","s":"error"}},"timestamp":"2026-06-30 07:21:13,287+0530","service":"FyersAPI"}
{"level":"ERROR","location":"[get_call:183] fyersModel","message":{"API":"/quotes","error":"Expecting value: line 1 column 1 (char 0)"},"timestamp":"2026-06-30 07:21:13,296+0530","service":"FyersAPI"}
{"level":"ERROR","location":"[get_call:165] fyersModel","message":{"API":"/history","Error":{"code":-16,"message":"Could not authenticate the user","s":"error"}},"timestamp":"2026-06-30 07:21:13,377+0530","service":"FyersAPI"}
{"level":"ERROR","location":"[get_call:183] fyersModel","message":{"API":"/history","error":"Expecting value: line 1 column 1 (char 0)"},"timestamp":"2026-06-30 07:21:13,744+0530","service":"FyersAPI"}
{"level":"ERROR","location":"[get_call:165] fyersModel","message":{"API":"/history","Error":{"code":-16,"message":"Could not authenticate the user","s":"error"}},"timestamp":"2026-06-30 07:21:14,975+0530","service":"FyersAPI"}
{"level":"ERROR","location":"[get_call:165] fyersModel","message":{"API":"/history","Error":{"code":-16,"message":"Could not authenticate the user","s":"error"}},"timestamp":"2026-06-30 07:21:15,009+0530","service":"FyersAPI"}
{"level":"ERROR","location":"[get_call:165] fyersModel","message":{"API":"/history","Error":{"code":-16,"message":"Could not authenticate the user","s":"error"}},"timestamp":"2026-06-30 07:21:15,787+0530","service":"FyersAPI"}
{"level":"ERROR","location":"[get_call:165] fyersModel","message":{"API":"/history","Error":{"code":-16,"message":"Could not authenticate the user","s":"error"}},"timestamp":"2026-06-30 07:21:17,126+0530","service":"FyersAPI"}
{"level":"ERROR","location":"[get_call:183] fyersModel","message":{"API":"/history","error":"Expecting value: line 1 column 1 (char 0)"},"timestamp":"2026-06-30 07:21:17,381+0530","service":"FyersAPI"}
{"level":"ERROR","location":"[get_call:183] fyersModel","message":{"API":"/quotes","error":"Expecting value: line 1 column 1 (char 0)"},"timestamp":"2026-06-30 07:21:17,442+0530","service":"FyersAPI"}
{"level":"ERROR","location":"[get_call:183] fyersModel","message":{"API":"/history","error":"Expecting value: line 1 column 1 (char 0)"},"timestamp":"2026-06-30 07:21:17,456+0530","service":"FyersAPI"}
{"level":"ERROR","location":"[get_call:183] fyersModel","message":{"API":"/history","error":"Expecting value: line 1 column 1 (char 0)"},"timestamp":"2026-06-30 07:21:17,692+0530","service":"FyersAPI"}
{"level":"ERROR","location":"[get_call:183] fyersModel","message":{"API":"/history","error":"Expecting value: line 1 column 1 (char 0)"},"timestamp":"2026-06-30 07:21:18,695+0530","service":"FyersAPI"}
{"level":"ERROR","location":"[get_call:165] fyersModel","message":{"API":"/history","Error":{"code":-16,"message":"Could not authenticate the user","s":"error"}},"timestamp":"2026-06-30 07:21:19,426+0530","service":"FyersAPI"}
{"level":"ERROR","location":"[get_call:183] fyersModel","message":{"API":"/history","error":"Expecting value: line 1 column 1 (char 0)"},"timestamp":"2026-06-30 07:21:19,492+0530","service":"FyersAPI"}
{"level":"ERROR","location":"[get_call:183] fyersModel","message":{"API":"/history","error":"Expecting value: line 1 column 1 (char 0)"},"timestamp":"2026-06-30 07:21:19,726+0530","service":"FyersAPI"}
{"level":"ERROR","location":"[get_call:165] fyersModel","message":{"API":"/history","Error":{"code":-16,"message":"Could not authenticate the user","s":"error"}},"timestamp":"2026-06-30 07:21:20,735+0530","service":"FyersAPI"}
{"level":"ERROR","location":"[get_call:165] fyersModel","message":{"API":"/history","Error":{"code":-16,"message":"Could not authenticate the user","s":"error"}},"timestamp":"2026-06-30 07:21:20,802+0530","service":"FyersAPI"}
{"level":"ERROR","location":"[get_call:165] fyersModel","message":{"API":"/history","Error":{"code":-16,"message":"Could not authenticate the user","s":"error"}},"timestamp":"2026-06-30 07:21:22,961+0530","service":"FyersAPI"}
{"level":"ERROR","location":"[get_call:165] fyersModel","message":{"API":"/history","Error":{"code":-16,"message":"Could not authenticate the user","s":"error"}},"timestamp":"2026-06-30 07:21:23,534+0530","service":"FyersAPI"}
{"level":"ERROR","location":"[get_call:183] fyersModel","message":{"API":"/history","error":"Expecting value: line 1 column 1 (char 0)"},"timestamp":"2026-06-30 07:21:23,776+0530","service":"FyersAPI"}
{"level":"ERROR","location":"[get_call:165] fyersModel","message":{"API":"/history","Error":{"code":-16,"message":"Could not authenticate the user","s":"error"}},"timestamp":"2026-06-30 07:21:25,421+0530","service":"FyersAPI"}
{"level":"ERROR","location":"[get_call:183] fyersModel","message":{"API":"/quotes","error":"Expecting value: line 1 column 1 (char 0)"},"timestamp":"2026-06-30 07:21:25,456+0530","service":"FyersAPI"}
{"level":"ERROR","location":"[get_call:165] fyersModel","message":{"API":"/history","Error":{"code":-16,"message":"Could not authenticate the user","s":"error"}},"timestamp":"2026-06-30 07:21:26,871+0530","service":"FyersAPI"}
{"level":"ERROR","location":"[get_call:165] fyersModel","message":{"API":"/history","Error":{"code":-16,"message":"Could not authenticate the user","s":"error"}},"timestamp":"2026-06-30 07:21:27,046+0530","service":"FyersAPI"}
{"level":"ERROR","location":"[get_call:165] fyersModel","message":{"API":"/history","Error":{"code":-16,"message":"Could not authenticate the user","s":"error"}},"timestamp":"2026-06-30 07:21:28,545+0530","service":"FyersAPI"}
{"level":"ERROR","location":"[get_call:183] fyersModel","message":{"API":"/history","error":"Expecting value: line 1 column 1 (char 0)"},"timestamp":"2026-06-30 07:21:28,564+0530","service":"FyersAPI"}
{"level":"ERROR","location":"[get_call:183] fyersModel","message":{"API":"/quotes","error":"Expecting value: line 1 column 1 (char 0)"},"timestamp":"2026-06-30 07:21:28,622+0530","service":"FyersAPI"}
{"level":"ERROR","location":"[get_call:165] fyersModel","message":{"API":"/history","Error":{"code":-16,"message":"Could not authenticate the user","s":"error"}},"timestamp":"2026-06-30 07:21:29,952+0530","service":"FyersAPI"}
{"level":"ERROR","location":"[get_call:183] fyersModel","message":{"API":"/history","error":"Expecting value: line 1 column 1 (char 0)"},"timestamp":"2026-06-30 07:21:30,595+0530","service":"FyersAPI"}
{"level":"ERROR","location":"[get_call:165] fyersModel","message":{"API":"/history","Error":{"code":-16,"message":"Could not authenticate the user","s":"error"}},"timestamp":"2026-06-30 07:21:30,961+0530","service":"FyersAPI"}
{"level":"ERROR","location":"[get_call:183] fyersModel","message":{"API":"/history","error":"Expecting value: line 1 column 1 (char 0)"},"timestamp":"2026-06-30 07:21:31,310+0530","service":"FyersAPI"}
{"level":"ERROR","location":"[get_call:165] fyersModel","message":{"API":"/history","Error":{"code":-16,"message":"Could not authenticate the user","s":"error"}},"timestamp":"2026-06-30 07:21:33,359+0530","service":"FyersAPI"}
{"level":"ERROR","location":"[get_call:165] fyersModel","message":{"API":"/history","Error":{"code":-16,"message":"Could not authenticate the user","s":"error"}},"timestamp":"2026-06-30 07:21:34,642+0530","service":"FyersAPI"}
{"level":"ERROR","location":"[get_call:165] fyersModel","message":{"API":"/history","Error":{"code":-16,"message":"Could not authenticate the user","s":"error"}},"timestamp":"2026-06-30 07:21:34,892+0530","service":"FyersAPI"}
{"level":"ERROR","location":"[get_call:165] fyersModel","message":{"API":"/history","Error":{"code":-16,"message":"Could not authenticate the user","s":"error"}},"timestamp":"2026-06-30 07:21:36,354+0530","service":"FyersAPI"}
{"level":"ERROR","location":"[get_call:165] fyersModel","message":{"API":"/history","Error":{"code":-16,"message":"Could not authenticate the user","s":"error"}},"timestamp":"2026-06-30 07:21:37,457+0530","service":"FyersAPI"}
{"level":"ERROR","location":"[get_call:165] fyersModel","message":{"API":"/history","Error":{"code":-16,"message":"Could not authenticate the user","s":"error"}},"timestamp":"2026-06-30 07:21:37,838+0530","service":"FyersAPI"}
{"level":"ERROR","location":"[get_call:183] fyersModel","message":{"API":"/history","error":"Expecting value: line 1 column 1 (char 0)"},"timestamp":"2026-06-30 07:21:38,220+0530","service":"FyersAPI"}
{"level":"ERROR","location":"[get_call:165] fyersModel","message":{"API":"/history","Error":{"code":-16,"message":"Could not authenticate the user","s":"error"}},"timestamp":"2026-06-30 07:21:39,276+0530","service":"FyersAPI"}
{"level":"ERROR","location":"[get_call:165] fyersModel","message":{"API":"/history","Error":{"code":-16,"message":"Could not authenticate the user","s":"error"}},"timestamp":"2026-06-30 07:21:40,260+0530","service":"FyersAPI"}
{"level":"ERROR","location":"[get_call:165] fyersModel","message":{"API":"/history","Error":{"code":-16,"message":"Could not authenticate the user","s":"error"}},"timestamp":"2026-06-30 07:21:41,141+0530","service":"FyersAPI"}
{"level":"ERROR","location":"[get_call:183] fyersModel","message":{"API":"/history","error":"Expecting value: line 1 column 1 (char 0)"},"timestamp":"2026-06-30 07:21:42,112+0530","service":"FyersAPI"}
{"level":"ERROR","location":"[get_call:183] fyersModel","message":{"API":"/quotes","error":"Expecting value: line 1 column 1 (char 0)"},"timestamp":"2026-06-30 07:21:42,196+0530","service":"FyersAPI"}
{"level":"ERROR","location":"[get_call:183] fyersModel","message":{"API":"/history","error":"Expecting value: line 1 column 1 (char 0)"},"timestamp":"2026-06-30 07:21:42,233+0530","service":"FyersAPI"}
{"level":"ERROR","location":"[get_call:183] fyersModel","message":{"API":"/history","error":"Expecting value: line 1 column 1 (char 0)"},"timestamp":"2026-06-30 07:21:42,502+0530","service":"FyersAPI"}
{"level":"ERROR","location":"[get_call:165] fyersModel","message":{"API":"/history","Error":{"code":-16,"message":"Could not authenticate the user","s":"error"}},"timestamp":"2026-06-30 07:21:43,098+0530","service":"FyersAPI"}
{"level":"ERROR","location":"[get_call:165] fyersModel","message":{"API":"/history","Error":{"code":-16,"message":"Could not authenticate the user","s":"error"}},"timestamp":"2026-06-30 07:21:44,149+0530","service":"FyersAPI"}
{"level":"ERROR","location":"[get_call:183] fyersModel","message":{"API":"/history","error":"Expecting value: line 1 column 1 (char 0)"},"timestamp":"2026-06-30 07:21:44,262+0530","service":"FyersAPI"}
{"level":"ERROR","location":"[get_call:183] fyersModel","message":{"API":"/quotes","error":"Expecting value: line 1 column 1 (char 0)"},"timestamp":"2026-06-30 07:21:44,521+0530","service":"FyersAPI"}
{"level":"ERROR","location":"[get_call:183] fyersModel","message":{"API":"/history","error":"Expecting value: line 1 column 1 (char 0)"},"timestamp":"2026-06-30 07:21:44,532+0530","service":"FyersAPI"}
{"level":"ERROR","location":"[get_call:165] fyersModel","message":{"API":"/history","Error":{"code":-16,"message":"Could not authenticate the user","s":"error"}},"timestamp":"2026-06-30 07:21:48,320+0530","service":"FyersAPI"}
{"level":"ERROR","location":"[get_call:165] fyersModel","message":{"API":"/history","Error":{"code":-16,"message":"Could not authenticate the user","s":"error"}},"timestamp":"2026-06-30 07:21:48,586+0530","service":"FyersAPI"}
{"level":"ERROR","location":"[get_call:165] fyersModel","message":{"API":"/history","Error":{"code":-16,"message":"Could not authenticate the user","s":"error"}},"timestamp":"2026-06-30 07:21:50,177+0530","service":"FyersAPI"}
{"level":"ERROR","location":"[get_call:183] fyersModel","message":{"API":"/quotes","error":"Expecting value: line 1 column 1 (char 0)"},"timestamp":"2026-06-30 07:21:50,190+0530","service":"FyersAPI"}
{"level":"ERROR","location":"[get_call:165] fyersModel","message":{"API":"/history","Error":{"code":-16,"message":"Could not authenticate the user","s":"error"}},"timestamp":"2026-06-30 07:21:50,218+0530","service":"FyersAPI"}
{"level":"ERROR","location":"[get_call:183] fyersModel","message":{"API":"/quotes","error":"Expecting value: line 1 column 1 (char 0)"},"timestamp":"2026-06-30 07:21:50,228+0530","service":"FyersAPI"}
{"level":"ERROR","location":"[get_call:165] fyersModel","message":{"API":"/history","Error":{"code":-16,"message":"Could not authenticate the user","s":"error"}},"timestamp":"2026-06-30 07:21:52,210+0530","service":"FyersAPI"}
{"level":"ERROR","location":"[get_call:165] fyersModel","message":{"API":"/history","Error":{"code":-16,"message":"Could not authenticate the user","s":"error"}},"timestamp":"2026-06-30 07:21:52,470+0530","service":"FyersAPI"}
{"level":"ERROR","location":"[get_call:165] fyersModel","message":{"API":"/history","Error":{"code":-16,"message":"Could not authenticate the user","s":"error"}},"timestamp":"2026-06-30 07:21:54,513+0530","service":"FyersAPI"}
{"level":"ERROR","location":"[get_call:165] fyersModel","message":{"API":"/history","Error":{"code":-16,"message":"Could not authenticate the user","s":"error"}},"timestamp":"2026-06-30 07:21:55,113+0530","service":"FyersAPI"}
{"level":"ERROR","location":"[get_call:165] fyersModel","message":{"API":"/history","Error":{"code":-16,"message":"Could not authenticate the user","s":"error"}},"timestamp":"2026-06-30 07:21:55,448+0530","service":"FyersAPI"}
{"level":"ERROR","location":"[get_call:165] fyersModel","message":{"API":"/history","Error":{"code":-16,"message":"Could not authenticate the user","s":"error"}},"timestamp":"2026-06-30 07:21:57,846+0530","service":"FyersAPI"}
{"level":"ERROR","location":"[get_call:165] fyersModel","message":{"API":"/history","Error":{"code":-16,"message":"Could not authenticate the user","s":"error"}},"timestamp":"2026-06-30 07:21:57,858+0530","service":"FyersAPI"}
{"level":"ERROR","location":"[get_call:165] fyersModel","message":{"API":"/history","Error":{"code":-16,"message":"Could not authenticate the user","s":"error"}},"timestamp":"2026-06-30 07:21:57,877+0530","service":"FyersAPI"}
{"level":"ERROR","location":"[get_call:165] fyersModel","message":{"API":"/history","Error":{"code":-16,"message":"Could not authenticate the user","s":"error"}},"timestamp":"2026-06-30 07:22:02,206+0530","service":"FyersAPI"}
{"level":"ERROR","location":"[get_call:165] fyersModel","message":{"API":"/history","Error":{"code":-16,"message":"Could not authenticate the user","s":"error"}},"timestamp":"2026-06-30 07:22:02,302+0530","service":"FyersAPI"}
{"level":"ERROR","location":"[get_call:183] fyersModel","message":{"API":"/quotes","error":"Expecting value: line 1 column 1 (char 0)"},"timestamp":"2026-06-30 07:22:02,536+0530","service":"FyersAPI"}
{"level":"ERROR","location":"[get_call:165] fyersModel","message":{"API":"/history","Error":{"code":-16,"message":"Could not authenticate the user","s":"error"}},"timestamp":"2026-06-30 07:22:02,585+0530","service":"FyersAPI"}
{"level":"ERROR","location":"[get_call:165] fyersModel","message":{"API":"/history","Error":{"code":-16,"message":"Could not authenticate the user","s":"error"}},"timestamp":"2026-06-30 07:22:03,340+0530","service":"FyersAPI"}
{"level":"ERROR","location":"[get_call:165] fyersModel","message":{"API":"/history","Error":{"code":-16,"message":"Could not authenticate the user","s":"error"}},"timestamp":"2026-06-30 07:22:07,322+0530","service":"FyersAPI"}
{"level":"ERROR","location":"[get_call:183] fyersModel","message":{"API":"/quotes","error":"Expecting value: line 1 column 1 (char 0)"},"timestamp":"2026-06-30 07:22:07,357+0530","service":"FyersAPI"}
{"level":"ERROR","location":"[get_call:165] fyersModel","message":{"API":"/history","Error":{"code":-16,"message":"Could not authenticate the user","s":"error"}},"timestamp":"2026-06-30 07:22:07,672+0530","service":"FyersAPI"}
{"level":"ERROR","location":"[get_call:165] fyersModel","message":{"API":"/history","Error":{"code":-16,"message":"Could not authenticate the user","s":"error"}},"timestamp":"2026-06-30 07:22:07,999+0530","service":"FyersAPI"}
{"level":"ERROR","location":"[get_call:183] fyersModel","message":{"API":"/quotes","error":"Expecting value: line 1 column 1 (char 0)"},"timestamp":"2026-06-30 07:22:11,907+0530","service":"FyersAPI"}
{"level":"ERROR","location":"[get_call:183] fyersModel","message":{"API":"/quotes","error":"Expecting value: line 1 column 1 (char 0)"},"timestamp":"2026-06-30 07:22:12,466+0530","service":"FyersAPI"}
{"level":"ERROR","location":"[get_call:165] fyersModel","message":{"API":"/history","Error":{"code":-16,"message":"Could not authenticate the user","s":"error"}},"timestamp":"2026-06-30 07:22:12,852+0530","service":"FyersAPI"}
{"level":"ERROR","location":"[get_call:165] fyersModel","message":{"API":"/history","Error":{"code":-16,"message":"Could not authenticate the user","s":"error"}},"timestamp":"2026-06-30 07:22:12,912+0530","service":"FyersAPI"}
{"level":"ERROR","location":"[get_call:165] fyersModel","message":{"API":"/history","Error":{"code":-16,"message":"Could not authenticate the user","s":"error"}},"timestamp":"2026-06-30 07:22:13,572+0530","service":"FyersAPI"}
{"level":"ERROR","location":"[get_call:165] fyersModel","message":{"API":"/history","Error":{"code":-16,"message":"Could not authenticate the user","s":"error"}},"timestamp":"2026-06-30 07:22:17,414+0530","service":"FyersAPI"}
{"level":"ERROR","location":"[get_call:165] fyersModel","message":{"API":"/history","Error":{"code":-16,"message":"Could not authenticate the user","s":"error"}},"timestamp":"2026-06-30 07:22:17,475+0530","service":"FyersAPI"}
{"level":"ERROR","location":"[get_call:165] fyersModel","message":{"API":"/history","Error":{"code":-16,"message":"Could not authenticate the user","s":"error"}},"timestamp":"2026-06-30 07:22:21,915+0530","service":"FyersAPI"}
{"level":"ERROR","location":"[get_call:165] fyersModel","message":{"API":"/history","Error":{"code":-16,"message":"Could not authenticate the user","s":"error"}},"timestamp":"2026-06-30 07:22:22,029+0530","service":"FyersAPI"}
{"level":"ERROR","location":"[get_call:165] fyersModel","message":{"API":"/history","Error":{"code":-16,"message":"Could not authenticate the user","s":"error"}},"timestamp":"2026-06-30 07:22:22,318+0530","service":"FyersAPI"}
{"level":"ERROR","location":"[get_call:165] fyersModel","message":{"API":"/history","Error":{"code":-16,"message":"Could not authenticate the user","s":"error"}},"timestamp":"2026-06-30 07:22:26,780+0530","service":"FyersAPI"}
{"level":"ERROR","location":"[get_call:165] fyersModel","message":{"API":"/history","Error":{"code":-16,"message":"Could not authenticate the user","s":"error"}},"timestamp":"2026-06-30 07:22:26,866+0530","service":"FyersAPI"}
{"level":"ERROR","location":"[get_call:165] fyersModel","message":{"API":"/history","Error":{"code":-16,"message":"Could not authenticate the user","s":"error"}},"timestamp":"2026-06-30 07:22:27,124+0530","service":"FyersAPI"}
{"level":"ERROR","location":"[get_call:183] fyersModel","message":{"API":"/quotes","error":"Expecting value: line 1 column 1 (char 0)"},"timestamp":"2026-06-30 07:22:31,621+0530","service":"FyersAPI"}
{"level":"ERROR","location":"[get_call:165] fyersModel","message":{"API":"/history","Error":{"code":-16,"message":"Could not authenticate the user","s":"error"}},"timestamp":"2026-06-30 07:22:31,668+0530","service":"FyersAPI"}
{"level":"ERROR","location":"[get_call:183] fyersModel","message":{"API":"/quotes","error":"Expecting value: line 1 column 1 (char 0)"},"timestamp":"2026-06-30 07:22:32,082+0530","service":"FyersAPI"}
{"level":"ERROR","location":"[get_call:183] fyersModel","message":{"API":"/quotes","error":"Expecting value: line 1 column 1 (char 0)"},"timestamp":"2026-06-30 07:22:32,507+0530","service":"FyersAPI"}
{"level":"ERROR","location":"[get_call:165] fyersModel","message":{"API":"/history","Error":{"code":-16,"message":"Could not authenticate the user","s":"error"}},"timestamp":"2026-06-30 07:22:32,838+0530","service":"FyersAPI"}
{"level":"ERROR","location":"[get_call:165] fyersModel","message":{"API":"/history","Error":{"code":-16,"message":"Could not authenticate the user","s":"error"}},"timestamp":"2026-06-30 07:22:36,997+0530","service":"FyersAPI"}
{"level":"ERROR","location":"[get_call:165] fyersModel","message":{"API":"/history","Error":{"code":-16,"message":"Could not authenticate the user","s":"error"}},"timestamp":"2026-06-30 07:22:39,227+0530","service":"FyersAPI"}
{"level":"ERROR","location":"[get_call:165] fyersModel","message":{"API":"/history","Error":{"code":-16,"message":"Could not authenticate the user","s":"error"}},"timestamp":"2026-06-30 07:22:39,247+0530","service":"FyersAPI"}
{"level":"ERROR","location":"[get_call:165] fyersModel","message":{"API":"/history","Error":{"code":-16,"message":"Could not authenticate the user","s":"error"}},"timestamp":"2026-06-30 07:22:39,406+0530","service":"FyersAPI"}
{"level":"ERROR","location":"[get_call:165] fyersModel","message":{"API":"/history","Error":{"code":-16,"message":"Could not authenticate the user","s":"error"}},"timestamp":"2026-06-30 07:22:45,137+0530","service":"FyersAPI"}
{"level":"ERROR","location":"[get_call:165] fyersModel","message":{"API":"/history","Error":{"code":-16,"message":"Could not authenticate the user","s":"error"}},"timestamp":"2026-06-30 07:22:45,183+0530","service":"FyersAPI"}
{"level":"ERROR","location":"[get_call:183] fyersModel","message":{"API":"/quotes","error":"Expecting value: line 1 column 1 (char 0)"},"timestamp":"2026-06-30 07:22:45,315+0530","service":"FyersAPI"}
{"level":"ERROR","location":"[get_call:165] fyersModel","message":{"API":"/history","Error":{"code":-16,"message":"Could not authenticate the user","s":"error"}},"timestamp":"2026-06-30 07:22:46,507+0530","service":"FyersAPI"}
{"level":"ERROR","location":"[get_call:165] fyersModel","message":{"API":"/history","Error":{"code":-16,"message":"Could not authenticate the user","s":"error"}},"timestamp":"2026-06-30 07:22:50,050+0530","service":"FyersAPI"}
{"level":"ERROR","location":"[get_call:165] fyersModel","message":{"API":"/history","Error":{"code":-16,"message":"Could not authenticate the user","s":"error"}},"timestamp":"2026-06-30 07:22:50,119+0530","service":"FyersAPI"}
{"level":"ERROR","location":"[get_call:165] fyersModel","message":{"API":"/history","Error":{"code":-16,"message":"Could not authenticate the user","s":"error"}},"timestamp":"2026-06-30 07:22:51,402+0530","service":"FyersAPI"}
{"level":"ERROR","location":"[get_call:165] fyersModel","message":{"API":"/history","Error":{"code":-16,"message":"Could not authenticate the user","s":"error"}},"timestamp":"2026-06-30 07:22:56,211+0530","service":"FyersAPI"}
{"level":"ERROR","location":"[get_call:183] fyersModel","message":{"API":"/quotes","error":"Expecting value: line 1 column 1 (char 0)"},"timestamp":"2026-06-30 07:22:56,488+0530","service":"FyersAPI"}
{"level":"ERROR","location":"[get_call:165] fyersModel","message":{"API":"/history","Error":{"code":-16,"message":"Could not authenticate the user","s":"error"}},"timestamp":"2026-06-30 07:22:56,711+0530","service":"FyersAPI"}
{"level":"ERROR","location":"[get_call:183] fyersModel","message":{"API":"/quotes","error":"Expecting value: line 1 column 1 (char 0)"},"timestamp":"2026-06-30 07:22:57,022+0530","service":"FyersAPI"}
{"level":"ERROR","location":"[get_call:165] fyersModel","message":{"API":"/history","Error":{"code":-16,"message":"Could not authenticate the user","s":"error"}},"timestamp":"2026-06-30 07:23:01,481+0530","service":"FyersAPI"}
{"level":"ERROR","location":"[get_call:165] fyersModel","message":{"API":"/history","Error":{"code":-16,"message":"Could not authenticate the user","s":"error"}},"timestamp":"2026-06-30 07:23:02,593+0530","service":"FyersAPI"}
{"level":"ERROR","location":"[get_call:165] fyersModel","message":{"API":"/history","Error":{"code":-16,"message":"Could not authenticate the user","s":"error"}},"timestamp":"2026-06-30 07:23:02,691+0530","service":"FyersAPI"}
{"level":"ERROR","location":"[get_call:165] fyersModel","message":{"API":"/history","Error":{"code":-16,"message":"Could not authenticate the user","s":"error"}},"timestamp":"2026-06-30 07:23:06,503+0530","service":"FyersAPI"}
{"level":"ERROR","location":"[get_call:183] fyersModel","message":{"API":"/quotes","error":"Expecting value: line 1 column 1 (char 0)"},"timestamp":"2026-06-30 07:23:06,796+0530","service":"FyersAPI"}
{"level":"ERROR","location":"[get_call:165] fyersModel","message":{"API":"/history","Error":{"code":-16,"message":"Could not authenticate the user","s":"error"}},"timestamp":"2026-06-30 07:23:07,431+0530","service":"FyersAPI"}
{"level":"ERROR","location":"[get_call:165] fyersModel","message":{"API":"/history","Error":{"code":-16,"message":"Could not authenticate the user","s":"error"}},"timestamp":"2026-06-30 07:23:07,585+0530","service":"FyersAPI"}
{"level":"ERROR","location":"[get_call:165] fyersModel","message":{"API":"/history","Error":{"code":-16,"message":"Could not authenticate the user","s":"error"}},"timestamp":"2026-06-30 07:23:11,435+0530","service":"FyersAPI"}
{"level":"ERROR","location":"[get_call:165] fyersModel","message":{"API":"/history","Error":{"code":-16,"message":"Could not authenticate the user","s":"error"}},"timestamp":"2026-06-30 07:23:11,622+0530","service":"FyersAPI"}
{"level":"ERROR","location":"[get_call:165] fyersModel","message":{"API":"/history","Error":{"code":-16,"message":"Could not authenticate the user","s":"error"}},"timestamp":"2026-06-30 07:23:12,420+0530","service":"FyersAPI"}
{"level":"ERROR","location":"[get_call:165] fyersModel","message":{"API":"/history","Error":{"code":-16,"message":"Could not authenticate the user","s":"error"}},"timestamp":"2026-06-30 07:23:16,815+0530","service":"FyersAPI"}
{"level":"ERROR","location":"[get_call:165] fyersModel","message":{"API":"/history","Error":{"code":-16,"message":"Could not authenticate the user","s":"error"}},"timestamp":"2026-06-30 07:23:16,827+0530","service":"FyersAPI"}
{"level":"ERROR","location":"[get_call:183] fyersModel","message":{"API":"/quotes","error":"Expecting value: line 1 column 1 (char 0)"},"timestamp":"2026-06-30 07:23:16,912+0530","service":"FyersAPI"}
{"level":"ERROR","location":"[get_call:183] fyersModel","message":{"API":"/quotes","error":"Expecting value: line 1 column 1 (char 0)"},"timestamp":"2026-06-30 07:23:17,290+0530","service":"FyersAPI"}
{"level":"ERROR","location":"[get_call:183] fyersModel","message":{"API":"/quotes","error":"Expecting value: line 1 column 1 (char 0)"},"timestamp":"2026-06-30 07:23:17,742+0530","service":"FyersAPI"}
{"level":"ERROR","location":"[get_call:165] fyersModel","message":{"API":"/history","Error":{"code":-16,"message":"Could not authenticate the user","s":"error"}},"timestamp":"2026-06-30 07:23:29,777+0530","service":"FyersAPI"}
{"level":"ERROR","location":"[get_call:165] fyersModel","message":{"API":"/history","Error":{"code":-16,"message":"Could not authenticate the user","s":"error"}},"timestamp":"2026-06-30 07:23:30,074+0530","service":"FyersAPI"}
{"level":"ERROR","location":"[get_call:165] fyersModel","message":{"API":"/history","Error":{"code":-16,"message":"Could not authenticate the user","s":"error"}},"timestamp":"2026-06-30 07:23:30,105+0530","service":"FyersAPI"}
{"level":"ERROR","location":"[get_call:165] fyersModel","message":{"API":"/history","Error":{"code":-16,"message":"Could not authenticate the user","s":"error"}},"timestamp":"2026-06-30 07:23:34,596+0530","service":"FyersAPI"}
{"level":"ERROR","location":"[get_call:165] fyersModel","message":{"API":"/history","Error":{"code":-16,"message":"Could not authenticate the user","s":"error"}},"timestamp":"2026-06-30 07:23:34,732+0530","service":"FyersAPI"}
{"level":"ERROR","location":"[get_call:165] fyersModel","message":{"API":"/history","Error":{"code":-16,"message":"Could not authenticate the user","s":"error"}},"timestamp":"2026-06-30 07:23:39,739+0530","service":"FyersAPI"}
{"level":"ERROR","location":"[get_call:165] fyersModel","message":{"API":"/history","Error":{"code":-16,"message":"Could not authenticate the user","s":"error"}},"timestamp":"2026-06-30 07:23:39,773+0530","service":"FyersAPI"}
{"level":"ERROR","location":"[get_call:165] fyersModel","message":{"API":"/history","Error":{"code":-16,"message":"Could not authenticate the user","s":"error"}},"timestamp":"2026-06-30 07:23:40,281+0530","service":"FyersAPI"}
{"level":"ERROR","location":"[get_call:183] fyersModel","message":{"API":"/quotes","error":"Expecting value: line 1 column 1 (char 0)"},"timestamp":"2026-06-30 07:23:44,996+0530","service":"FyersAPI"}
{"level":"ERROR","location":"[get_call:165] fyersModel","message":{"API":"/history","Error":{"code":-16,"message":"Could not authenticate the user","s":"error"}},"timestamp":"2026-06-30 07:23:45,061+0530","service":"FyersAPI"}
{"level":"ERROR","location":"[get_call:183] fyersModel","message":{"API":"/quotes","error":"Expecting value: line 1 column 1 (char 0)"},"timestamp":"2026-06-30 07:23:45,189+0530","service":"FyersAPI"}
{"level":"ERROR","location":"[get_call:183] fyersModel","message":{"API":"/quotes","error":"Expecting value: line 1 column 1 (char 0)"},"timestamp":"2026-06-30 07:23:45,349+0530","service":"FyersAPI"}
{"level":"ERROR","location":"[get_call:165] fyersModel","message":{"API":"/history","Error":{"code":-16,"message":"Could not authenticate the user","s":"error"}},"timestamp":"2026-06-30 07:23:46,463+0530","service":"FyersAPI"}
{"level":"ERROR","location":"[get_call:165] fyersModel","message":{"API":"/history","Error":{"code":-16,"message":"Could not authenticate the user","s":"error"}},"timestamp":"2026-06-30 07:23:50,090+0530","service":"FyersAPI"}
{"level":"ERROR","location":"[get_call:165] fyersModel","message":{"API":"/history","Error":{"code":-16,"message":"Could not authenticate the user","s":"error"}},"timestamp":"2026-06-30 07:23:50,452+0530","service":"FyersAPI"}
{"level":"ERROR","location":"[get_call:165] fyersModel","message":{"API":"/history","Error":{"code":-16,"message":"Could not authenticate the user","s":"error"}},"timestamp":"2026-06-30 07:23:51,610+0530","service":"FyersAPI"}
{"level":"ERROR","location":"[get_call:165] fyersModel","message":{"API":"/history","Error":{"code":-16,"message":"Could not authenticate the user","s":"error"}},"timestamp":"2026-06-30 07:23:56,563+0530","service":"FyersAPI"}
{"level":"ERROR","location":"[get_call:183] fyersModel","message":{"API":"/quotes","error":"Expecting value: line 1 column 1 (char 0)"},"timestamp":"2026-06-30 07:23:56,687+0530","service":"FyersAPI"}
{"level":"ERROR","location":"[get_call:165] fyersModel","message":{"API":"/history","Error":{"code":-16,"message":"Could not authenticate the user","s":"error"}},"timestamp":"2026-06-30 07:23:56,693+0530","service":"FyersAPI"}
{"level":"ERROR","location":"[get_call:165] fyersModel","message":{"API":"/history","Error":{"code":-16,"message":"Could not authenticate the user","s":"error"}},"timestamp":"2026-06-30 07:23:56,916+0530","service":"FyersAPI"}
{"level":"ERROR","location":"[get_call:165] fyersModel","message":{"API":"/history","Error":{"code":-16,"message":"Could not authenticate the user","s":"error"}},"timestamp":"2026-06-30 07:24:02,427+0530","service":"FyersAPI"}
{"level":"ERROR","location":"[get_call:165] fyersModel","message":{"API":"/history","Error":{"code":-16,"message":"Could not authenticate the user","s":"error"}},"timestamp":"2026-06-30 07:24:02,826+0530","service":"FyersAPI"}
{"level":"ERROR","location":"[get_call:165] fyersModel","message":{"API":"/history","Error":{"code":-16,"message":"Could not authenticate the user","s":"error"}},"timestamp":"2026-06-30 07:24:02,896+0530","service":"FyersAPI"}
{"level":"ERROR","location":"[get_call:165] fyersModel","message":{"API":"/history","Error":{"code":-16,"message":"Could not authenticate the user","s":"error"}},"timestamp":"2026-06-30 07:24:05,498+0530","service":"FyersAPI"}
{"level":"ERROR","location":"[get_call:183] fyersModel","message":{"API":"/quotes","error":"Expecting value: line 1 column 1 (char 0)"},"timestamp":"2026-06-30 07:24:05,718+0530","service":"FyersAPI"}
{"level":"ERROR","location":"[get_call:183] fyersModel","message":{"API":"/quotes","error":"Expecting value: line 1 column 1 (char 0)"},"timestamp":"2026-06-30 07:24:05,817+0530","service":"FyersAPI"}
{"level":"ERROR","location":"[get_call:165] fyersModel","message":{"API":"/history","Error":{"code":-16,"message":"Could not authenticate the user","s":"error"}},"timestamp":"2026-06-30 07:24:06,620+0530","service":"FyersAPI"}
{"level":"ERROR","location":"[get_call:165] fyersModel","message":{"API":"/history","Error":{"code":-16,"message":"Could not authenticate the user","s":"error"}},"timestamp":"2026-06-30 07:24:10,563+0530","service":"FyersAPI"}
{"level":"ERROR","location":"[get_call:165] fyersModel","message":{"API":"/history","Error":{"code":-16,"message":"Could not authenticate the user","s":"error"}},"timestamp":"2026-06-30 07:24:10,635+0530","service":"FyersAPI"}
{"level":"ERROR","location":"[get_call:165] fyersModel","message":{"API":"/history","Error":{"code":-16,"message":"Could not authenticate the user","s":"error"}},"timestamp":"2026-06-30 07:24:11,392+0530","service":"FyersAPI"}
{"level":"ERROR","location":"[get_call:165] fyersModel","message":{"API":"/history","Error":{"code":-16,"message":"Could not authenticate the user","s":"error"}},"timestamp":"2026-06-30 07:24:15,179+0530","service":"FyersAPI"}
{"level":"ERROR","location":"[get_call:165] fyersModel","message":{"API":"/history","Error":{"code":-16,"message":"Could not authenticate the user","s":"error"}},"timestamp":"2026-06-30 07:24:15,459+0530","service":"FyersAPI"}
{"level":"ERROR","location":"[get_call:165] fyersModel","message":{"API":"/history","Error":{"code":-16,"message":"Could not authenticate the user","s":"error"}},"timestamp":"2026-06-30 07:24:15,742+0530","service":"FyersAPI"}
{"level":"ERROR","location":"[get_call:183] fyersModel","message":{"API":"/quotes","error":"Expecting value: line 1 column 1 (char 0)"},"timestamp":"2026-06-30 07:24:19,508+0530","service":"FyersAPI"}
{"level":"ERROR","location":"[get_call:165] fyersModel","message":{"API":"/history","Error":{"code":-16,"message":"Could not authenticate the user","s":"error"}},"timestamp":"2026-06-30 07:24:19,597+0530","service":"FyersAPI"}
{"level":"ERROR","location":"[get_call:165] fyersModel","message":{"API":"/history","Error":{"code":-16,"message":"Could not authenticate the user","s":"error"}},"timestamp":"2026-06-30 07:24:20,191+0530","service":"FyersAPI"}
{"level":"ERROR","location":"[get_call:165] fyersModel","message":{"API":"/history","Error":{"code":-16,"message":"Could not authenticate the user","s":"error"}},"timestamp":"2026-06-30 07:24:20,896+0530","service":"FyersAPI"}
{"level":"ERROR","location":"[get_call:165] fyersModel","message":{"API":"/history","Error":{"code":-16,"message":"Could not authenticate the user","s":"error"}},"timestamp":"2026-06-30 07:24:21,450+0530","service":"FyersAPI"}
{"level":"ERROR","location":"[get_call:165] fyersModel","message":{"API":"/history","Error":{"code":-16,"message":"Could not authenticate the user","s":"error"}},"timestamp":"2026-06-30 07:24:27,045+0530","service":"FyersAPI"}
{"level":"ERROR","location":"[get_call:183] fyersModel","message":{"API":"/quotes","error":"Expecting value: line 1 column 1 (char 0)"},"timestamp":"2026-06-30 07:24:27,119+0530","service":"FyersAPI"}
{"level":"ERROR","location":"[get_call:183] fyersModel","message":{"API":"/quotes","error":"Expecting value: line 1 column 1 (char 0)"},"timestamp":"2026-06-30 07:24:27,138+0530","service":"FyersAPI"}
{"level":"ERROR","location":"[get_call:183] fyersModel","message":{"API":"/quotes","error":"Expecting value: line 1 column 1 (char 0)"},"timestamp":"2026-06-30 07:24:27,149+0530","service":"FyersAPI"}
{"level":"ERROR","location":"[get_call:165] fyersModel","message":{"API":"/history","Error":{"code":-16,"message":"Could not authenticate the user","s":"error"}},"timestamp":"2026-06-30 07:24:27,157+0530","service":"FyersAPI"}
{"level":"ERROR","location":"[get_call:165] fyersModel","message":{"API":"/history","Error":{"code":-16,"message":"Could not authenticate the user","s":"error"}},"timestamp":"2026-06-30 07:24:30,432+0530","service":"FyersAPI"}
{"level":"ERROR","location":"[get_call:165] fyersModel","message":{"API":"/history","Error":{"code":-16,"message":"Could not authenticate the user","s":"error"}},"timestamp":"2026-06-30 07:24:31,037+0530","service":"FyersAPI"}
{"level":"ERROR","location":"[get_call:165] fyersModel","message":{"API":"/history","Error":{"code":-16,"message":"Could not authenticate the user","s":"error"}},"timestamp":"2026-06-30 07:24:34,492+0530","service":"FyersAPI"}
{"level":"ERROR","location":"[get_call:165] fyersModel","message":{"API":"/history","Error":{"code":-16,"message":"Could not authenticate the user","s":"error"}},"timestamp":"2026-06-30 07:24:34,742+0530","service":"FyersAPI"}
{"level":"ERROR","location":"[get_call:165] fyersModel","message":{"API":"/history","Error":{"code":-16,"message":"Could not authenticate the user","s":"error"}},"timestamp":"2026-06-30 07:24:35,009+0530","service":"FyersAPI"}
{"level":"ERROR","location":"[get_call:165] fyersModel","message":{"API":"/history","Error":{"code":-16,"message":"Could not authenticate the user","s":"error"}},"timestamp":"2026-06-30 07:24:39,102+0530","service":"FyersAPI"}
{"level":"ERROR","location":"[get_call:165] fyersModel","message":{"API":"/history","Error":{"code":-16,"message":"Could not authenticate the user","s":"error"}},"timestamp":"2026-06-30 07:24:39,277+0530","service":"FyersAPI"}
{"level":"ERROR","location":"[get_call:165] fyersModel","message":{"API":"/history","Error":{"code":-16,"message":"Could not authenticate the user","s":"error"}},"timestamp":"2026-06-30 07:24:40,183+0530","service":"FyersAPI"}
{"level":"ERROR","location":"[get_call:165] fyersModel","message":{"API":"/history","Error":{"code":-16,"message":"Could not authenticate the user","s":"error"}},"timestamp":"2026-06-30 07:24:43,144+0530","service":"FyersAPI"}
{"level":"ERROR","location":"[get_call:165] fyersModel","message":{"API":"/history","Error":{"code":-16,"message":"Could not authenticate the user","s":"error"}},"timestamp":"2026-06-30 07:24:46,423+0530","service":"FyersAPI"}
{"level":"ERROR","location":"[get_call:183] fyersModel","message":{"API":"/quotes","error":"Expecting value: line 1 column 1 (char 0)"},"timestamp":"2026-06-30 07:24:47,014+0530","service":"FyersAPI"}
{"level":"ERROR","location":"[get_call:165] fyersModel","message":{"API":"/history","Error":{"code":-16,"message":"Could not authenticate the user","s":"error"}},"timestamp":"2026-06-30 07:24:48,251+0530","service":"FyersAPI"}
{"level":"ERROR","location":"[get_call:165] fyersModel","message":{"API":"/history","Error":{"code":-16,"message":"Could not authenticate the user","s":"error"}},"timestamp":"2026-06-30 07:24:51,879+0530","service":"FyersAPI"}
{"level":"ERROR","location":"[get_call:165] fyersModel","message":{"API":"/history","Error":{"code":-16,"message":"Could not authenticate the user","s":"error"}},"timestamp":"2026-06-30 07:24:51,967+0530","service":"FyersAPI"}
{"level":"ERROR","location":"[get_call:165] fyersModel","message":{"API":"/history","Error":{"code":-16,"message":"Could not authenticate the user","s":"error"}},"timestamp":"2026-06-30 07:24:52,215+0530","service":"FyersAPI"}
{"level":"ERROR","location":"[get_call:183] fyersModel","message":{"API":"/quotes","error":"Expecting value: line 1 column 1 (char 0)"},"timestamp":"2026-06-30 07:24:52,390+0530","service":"FyersAPI"}
{"level":"ERROR","location":"[get_call:165] fyersModel","message":{"API":"/history","Error":{"code":-16,"message":"Could not authenticate the user","s":"error"}},"timestamp":"2026-06-30 07:24:57,417+0530","service":"FyersAPI"}
{"level":"ERROR","location":"[get_call:165] fyersModel","message":{"API":"/history","Error":{"code":-16,"message":"Could not authenticate the user","s":"error"}},"timestamp":"2026-06-30 07:24:57,464+0530","service":"FyersAPI"}
{"level":"ERROR","location":"[get_call:183] fyersModel","message":{"API":"/quotes","error":"Expecting value: line 1 column 1 (char 0)"},"timestamp":"2026-06-30 07:24:57,579+0530","service":"FyersAPI"}
{"level":"ERROR","location":"[get_call:165] fyersModel","message":{"API":"/history","Error":{"code":-16,"message":"Could not authenticate the user","s":"error"}},"timestamp":"2026-06-30 07:24:58,287+0530","service":"FyersAPI"}
{"level":"ERROR","location":"[get_call:165] fyersModel","message":{"API":"/history","Error":{"code":-16,"message":"Could not authenticate the user","s":"error"}},"timestamp":"2026-06-30 07:25:03,542+0530","service":"FyersAPI"}
{"level":"ERROR","location":"[get_call:165] fyersModel","message":{"API":"/history","Error":{"code":-16,"message":"Could not authenticate the user","s":"error"}},"timestamp":"2026-06-30 07:25:03,568+0530","service":"FyersAPI"}
{"level":"ERROR","location":"[get_call:165] fyersModel","message":{"API":"/history","Error":{"code":-16,"message":"Could not authenticate the user","s":"error"}},"timestamp":"2026-06-30 07:25:04,423+0530","service":"FyersAPI"}
{"level":"ERROR","location":"[get_call:165] fyersModel","message":{"API":"/history","Error":{"code":-16,"message":"Could not authenticate the user","s":"error"}},"timestamp":"2026-06-30 07:25:09,007+0530","service":"FyersAPI"}
{"level":"ERROR","location":"[get_call:165] fyersModel","message":{"API":"/history","Error":{"code":-16,"message":"Could not authenticate the user","s":"error"}},"timestamp":"2026-06-30 07:25:09,443+0530","service":"FyersAPI"}
{"level":"ERROR","location":"[get_call:183] fyersModel","message":{"API":"/quotes","error":"Expecting value: line 1 column 1 (char 0)"},"timestamp":"2026-06-30 07:25:10,148+0530","service":"FyersAPI"}
{"level":"ERROR","location":"[get_call:165] fyersModel","message":{"API":"/history","Error":{"code":-16,"message":"Could not authenticate the user","s":"error"}},"timestamp":"2026-06-30 07:25:10,695+0530","service":"FyersAPI"}
{"level":"ERROR","location":"[get_call:165] fyersModel","message":{"API":"/history","Error":{"code":-16,"message":"Could not authenticate the user","s":"error"}},"timestamp":"2026-06-30 07:25:14,019+0530","service":"FyersAPI"}
{"level":"ERROR","location":"[get_call:165] fyersModel","message":{"API":"/history","Error":{"code":-16,"message":"Could not authenticate the user","s":"error"}},"timestamp":"2026-06-30 07:25:14,146+0530","service":"FyersAPI"}
{"level":"ERROR","location":"[get_call:165] fyersModel","message":{"API":"/history","Error":{"code":-16,"message":"Could not authenticate the user","s":"error"}},"timestamp":"2026-06-30 07:25:14,264+0530","service":"FyersAPI"}
{"level":"ERROR","location":"[get_call:183] fyersModel","message":{"API":"/quotes","error":"Expecting value: line 1 column 1 (char 0)"},"timestamp":"2026-06-30 07:25:14,610+0530","service":"FyersAPI"}
{"level":"ERROR","location":"[get_call:165] fyersModel","message":{"API":"/history","Error":{"code":-16,"message":"Could not authenticate the user","s":"error"}},"timestamp":"2026-06-30 07:25:19,156+0530","service":"FyersAPI"}
{"level":"ERROR","location":"[get_call:165] fyersModel","message":{"API":"/history","Error":{"code":-16,"message":"Could not authenticate the user","s":"error"}},"timestamp":"2026-06-30 07:25:19,199+0530","service":"FyersAPI"}
{"level":"ERROR","location":"[get_call:165] fyersModel","message":{"API":"/history","Error":{"code":-16,"message":"Could not authenticate the user","s":"error"}},"timestamp":"2026-06-30 07:25:19,214+0530","service":"FyersAPI"}
{"level":"ERROR","location":"[get_call:183] fyersModel","message":{"API":"/quotes","error":"Expecting value: line 1 column 1 (char 0)"},"timestamp":"2026-06-30 07:25:19,237+0530","service":"FyersAPI"}
{"level":"ERROR","location":"[get_call:165] fyersModel","message":{"API":"/history","Error":{"code":-16,"message":"Could not authenticate the user","s":"error"}},"timestamp":"2026-06-30 07:25:19,998+0530","service":"FyersAPI"}
{"level":"ERROR","location":"[get_call:165] fyersModel","message":{"API":"/history","Error":{"code":-16,"message":"Could not authenticate the user","s":"error"}},"timestamp":"2026-06-30 07:25:23,592+0530","service":"FyersAPI"}
{"level":"ERROR","location":"[get_call:183] fyersModel","message":{"API":"/quotes","error":"Expecting value: line 1 column 1 (char 0)"},"timestamp":"2026-06-30 07:25:23,744+0530","service":"FyersAPI"}
{"level":"ERROR","location":"[get_call:165] fyersModel","message":{"API":"/history","Error":{"code":-16,"message":"Could not authenticate the user","s":"error"}},"timestamp":"2026-06-30 07:25:24,998+0530","service":"FyersAPI"}
{"level":"ERROR","location":"[get_call:165] fyersModel","message":{"API":"/history","Error":{"code":-16,"message":"Could not authenticate the user","s":"error"}},"timestamp":"2026-06-30 07:25:29,065+0530","service":"FyersAPI"}
{"level":"ERROR","location":"[get_call:165] fyersModel","message":{"API":"/history","Error":{"code":-16,"message":"Could not authenticate the user","s":"error"}},"timestamp":"2026-06-30 07:25:29,204+0530","service":"FyersAPI"}
{"level":"ERROR","location":"[get_call:165] fyersModel","message":{"API":"/history","Error":{"code":-16,"message":"Could not authenticate the user","s":"error"}},"timestamp":"2026-06-30 07:25:30,157+0530","service":"FyersAPI"}
{"level":"ERROR","location":"[get_call:183] fyersModel","message":{"API":"/quotes","error":"Expecting value: line 1 column 1 (char 0)"},"timestamp":"2026-06-30 07:25:35,950+0530","service":"FyersAPI"}
{"level":"ERROR","location":"[get_call:165] fyersModel","message":{"API":"/history","Error":{"code":-16,"message":"Could not authenticate the user","s":"error"}},"timestamp":"2026-06-30 07:25:36,094+0530","service":"FyersAPI"}
{"level":"ERROR","location":"[get_call:183] fyersModel","message":{"API":"/quotes","error":"Expecting value: line 1 column 1 (char 0)"},"timestamp":"2026-06-30 07:25:36,184+0530","service":"FyersAPI"}
{"level":"ERROR","location":"[get_call:165] fyersModel","message":{"API":"/history","Error":{"code":-16,"message":"Could not authenticate the user","s":"error"}},"timestamp":"2026-06-30 07:25:36,321+0530","service":"FyersAPI"}
{"level":"ERROR","location":"[get_call:165] fyersModel","message":{"API":"/history","Error":{"code":-16,"message":"Could not authenticate the user","s":"error"}},"timestamp":"2026-06-30 07:25:41,228+0530","service":"FyersAPI"}
{"level":"ERROR","location":"[get_call:165] fyersModel","message":{"API":"/history","Error":{"code":-16,"message":"Could not authenticate the user","s":"error"}},"timestamp":"2026-06-30 07:25:42,603+0530","service":"FyersAPI"}
{"level":"ERROR","location":"[get_call:165] fyersModel","message":{"API":"/history","Error":{"code":-16,"message":"Could not authenticate the user","s":"error"}},"timestamp":"2026-06-30 07:25:43,185+0530","service":"FyersAPI"}
{"level":"ERROR","location":"[get_call:165] fyersModel","message":{"API":"/history","Error":{"code":-16,"message":"Could not authenticate the user","s":"error"}},"timestamp":"2026-06-30 07:25:47,676+0530","service":"FyersAPI"}
{"level":"ERROR","location":"[get_call:165] fyersModel","message":{"API":"/history","Error":{"code":-16,"message":"Could not authenticate the user","s":"error"}},"timestamp":"2026-06-30 07:25:47,704+0530","service":"FyersAPI"}
{"level":"ERROR","location":"[get_call:183] fyersModel","message":{"API":"/quotes","error":"Expecting value: line 1 column 1 (char 0)"},"timestamp":"2026-06-30 07:25:47,749+0530","service":"FyersAPI"}
{"level":"ERROR","location":"[get_call:165] fyersModel","message":{"API":"/history","Error":{"code":-16,"message":"Could not authenticate the user","s":"error"}},"timestamp":"2026-06-30 07:25:52,459+0530","service":"FyersAPI"}
{"level":"ERROR","location":"[get_call:165] fyersModel","message":{"API":"/history","Error":{"code":-16,"message":"Could not authenticate the user","s":"error"}},"timestamp":"2026-06-30 07:25:53,575+0530","service":"FyersAPI"}
{"level":"ERROR","location":"[get_call:165] fyersModel","message":{"API":"/history","Error":{"code":-16,"message":"Could not authenticate the user","s":"error"}},"timestamp":"2026-06-30 07:25:54,606+0530","service":"FyersAPI"}
{"level":"ERROR","location":"[get_call:183] fyersModel","message":{"API":"/quotes","error":"Expecting value: line 1 column 1 (char 0)"},"timestamp":"2026-06-30 07:25:59,407+0530","service":"FyersAPI"}
{"level":"ERROR","location":"[get_call:165] fyersModel","message":{"API":"/history","Error":{"code":-16,"message":"Could not authenticate the user","s":"error"}},"timestamp":"2026-06-30 07:25:59,447+0530","service":"FyersAPI"}
{"level":"ERROR","location":"[get_call:165] fyersModel","message":{"API":"/history","Error":{"code":-16,"message":"Could not authenticate the user","s":"error"}},"timestamp":"2026-06-30 07:25:59,546+0530","service":"FyersAPI"}
{"level":"ERROR","location":"[get_call:183] fyersModel","message":{"API":"/quotes","error":"Expecting value: line 1 column 1 (char 0)"},"timestamp":"2026-06-30 07:25:59,639+0530","service":"FyersAPI"}
{"level":"ERROR","location":"[get_call:183] fyersModel","message":{"API":"/quotes","error":"Expecting value: line 1 column 1 (char 0)"},"timestamp":"2026-06-30 07:25:59,857+0530","service":"FyersAPI"}
{"level":"ERROR","location":"[get_call:165] fyersModel","message":{"API":"/history","Error":{"code":-16,"message":"Could not authenticate the user","s":"error"}},"timestamp":"2026-06-30 07:26:04,696+0530","service":"FyersAPI"}
{"level":"ERROR","location":"[get_call:165] fyersModel","message":{"API":"/history","Error":{"code":-16,"message":"Could not authenticate the user","s":"error"}},"timestamp":"2026-06-30 07:26:05,070+0530","service":"FyersAPI"}
{"level":"ERROR","location":"[get_call:165] fyersModel","message":{"API":"/history","Error":{"code":-16,"message":"Could not authenticate the user","s":"error"}},"timestamp":"2026-06-30 07:26:06,207+0530","service":"FyersAPI"}
{"level":"ERROR","location":"[get_call:165] fyersModel","message":{"API":"/history","Error":{"code":-16,"message":"Could not authenticate the user","s":"error"}},"timestamp":"2026-06-30 07:26:10,944+0530","service":"FyersAPI"}
{"level":"ERROR","location":"[get_call:165] fyersModel","message":{"API":"/history","Error":{"code":-16,"message":"Could not authenticate the user","s":"error"}},"timestamp":"2026-06-30 07:26:10,946+0530","service":"FyersAPI"}
{"level":"ERROR","location":"[get_call:165] fyersModel","message":{"API":"/history","Error":{"code":-16,"message":"Could not authenticate the user","s":"error"}},"timestamp":"2026-06-30 07:26:11,700+0530","service":"FyersAPI"}
{"level":"ERROR","location":"[get_call:165] fyersModel","message":{"API":"/history","Error":{"code":-16,"message":"Could not authenticate the user","s":"error"}},"timestamp":"2026-06-30 07:26:16,267+0530","service":"FyersAPI"}
{"level":"ERROR","location":"[get_call:165] fyersModel","message":{"API":"/history","Error":{"code":-16,"message":"Could not authenticate the user","s":"error"}},"timestamp":"2026-06-30 07:26:16,307+0530","service":"FyersAPI"}
{"level":"ERROR","location":"[get_call:165] fyersModel","message":{"API":"/history","Error":{"code":-16,"message":"Could not authenticate the user","s":"error"}},"timestamp":"2026-06-30 07:26:17,068+0530","service":"FyersAPI"}
{"level":"ERROR","location":"[get_call:165] fyersModel","message":{"API":"/history","Error":{"code":-16,"message":"Could not authenticate the user","s":"error"}},"timestamp":"2026-06-30 07:26:21,639+0530","service":"FyersAPI"}
{"level":"ERROR","location":"[get_call:165] fyersModel","message":{"API":"/history","Error":{"code":-16,"message":"Could not authenticate the user","s":"error"}},"timestamp":"2026-06-30 07:26:21,783+0530","service":"FyersAPI"}
{"level":"ERROR","location":"[get_call:183] fyersModel","message":{"API":"/quotes","error":"Expecting value: line 1 column 1 (char 0)"},"timestamp":"2026-06-30 07:26:22,028+0530","service":"FyersAPI"}
{"level":"ERROR","location":"[get_call:183] fyersModel","message":{"API":"/quotes","error":"Expecting value: line 1 column 1 (char 0)"},"timestamp":"2026-06-30 07:26:22,179+0530","service":"FyersAPI"}
{"level":"ERROR","location":"[get_call:165] fyersModel","message":{"API":"/history","Error":{"code":-16,"message":"Could not authenticate the user","s":"error"}},"timestamp":"2026-06-30 07:26:22,370+0530","service":"FyersAPI"}
{"level":"ERROR","location":"[get_call:183] fyersModel","message":{"API":"/quotes","error":"Expecting value: line 1 column 1 (char 0)"},"timestamp":"2026-06-30 07:26:22,651+0530","service":"FyersAPI"}
{"level":"ERROR","location":"[get_call:165] fyersModel","message":{"API":"/history","Error":{"code":-16,"message":"Could not authenticate the user","s":"error"}},"timestamp":"2026-06-30 07:26:27,253+0530","service":"FyersAPI"}
{"level":"ERROR","location":"[get_call:165] fyersModel","message":{"API":"/history","Error":{"code":-16,"message":"Could not authenticate the user","s":"error"}},"timestamp":"2026-06-30 07:26:27,389+0530","service":"FyersAPI"}
{"level":"ERROR","location":"[get_call:165] fyersModel","message":{"API":"/history","Error":{"code":-16,"message":"Could not authenticate the user","s":"error"}},"timestamp":"2026-06-30 07:26:28,035+0530","service":"FyersAPI"}
{"level":"ERROR","location":"[get_call:165] fyersModel","message":{"API":"/history","Error":{"code":-16,"message":"Could not authenticate the user","s":"error"}},"timestamp":"2026-06-30 07:26:31,914+0530","service":"FyersAPI"}
{"level":"ERROR","location":"[get_call:165] fyersModel","message":{"API":"/history","Error":{"code":-16,"message":"Could not authenticate the user","s":"error"}},"timestamp":"2026-06-30 07:26:32,421+0530","service":"FyersAPI"}
{"level":"ERROR","location":"[get_call:165] fyersModel","message":{"API":"/history","Error":{"code":-16,"message":"Could not authenticate the user","s":"error"}},"timestamp":"2026-06-30 07:26:33,392+0530","service":"FyersAPI"}
{"level":"ERROR","location":"[get_call:183] fyersModel","message":{"API":"/quotes","error":"Expecting value: line 1 column 1 (char 0)"},"timestamp":"2026-06-30 07:26:38,577+0530","service":"FyersAPI"}
{"level":"ERROR","location":"[get_call:165] fyersModel","message":{"API":"/history","Error":{"code":-16,"message":"Could not authenticate the user","s":"error"}},"timestamp":"2026-06-30 07:26:38,853+0530","service":"FyersAPI"}
{"level":"ERROR","location":"[get_call:165] fyersModel","message":{"API":"/history","Error":{"code":-16,"message":"Could not authenticate the user","s":"error"}},"timestamp":"2026-06-30 07:26:39,174+0530","service":"FyersAPI"}
{"level":"ERROR","location":"[get_call:165] fyersModel","message":{"API":"/history","Error":{"code":-16,"message":"Could not authenticate the user","s":"error"}},"timestamp":"2026-06-30 07:26:40,263+0530","service":"FyersAPI"}
{"level":"ERROR","location":"[get_call:165] fyersModel","message":{"API":"/history","Error":{"code":-16,"message":"Could not authenticate the user","s":"error"}},"timestamp":"2026-06-30 07:26:44,415+0530","service":"FyersAPI"}
{"level":"ERROR","location":"[get_call:183] fyersModel","message":{"API":"/quotes","error":"Expecting value: line 1 column 1 (char 0)"},"timestamp":"2026-06-30 07:26:44,437+0530","service":"FyersAPI"}
{"level":"ERROR","location":"[get_call:165] fyersModel","message":{"API":"/history","Error":{"code":-16,"message":"Could not authenticate the user","s":"error"}},"timestamp":"2026-06-30 07:26:44,579+0530","service":"FyersAPI"}
{"level":"ERROR","location":"[get_call:183] fyersModel","message":{"API":"/quotes","error":"Expecting value: line 1 column 1 (char 0)"},"timestamp":"2026-06-30 07:26:44,887+0530","service":"FyersAPI"}
{"level":"ERROR","location":"[get_call:165] fyersModel","message":{"API":"/history","Error":{"code":-16,"message":"Could not authenticate the user","s":"error"}},"timestamp":"2026-06-30 07:26:50,680+0530","service":"FyersAPI"}
{"level":"ERROR","location":"[get_call:165] fyersModel","message":{"API":"/history","Error":{"code":-16,"message":"Could not authenticate the user","s":"error"}},"timestamp":"2026-06-30 07:26:50,796+0530","service":"FyersAPI"}
{"level":"ERROR","location":"[get_call:165] fyersModel","message":{"API":"/history","Error":{"code":-16,"message":"Could not authenticate the user","s":"error"}},"timestamp":"2026-06-30 07:26:51,887+0530","service":"FyersAPI"}
{"level":"ERROR","location":"[get_call:165] fyersModel","message":{"API":"/history","Error":{"code":-16,"message":"Could not authenticate the user","s":"error"}},"timestamp":"2026-06-30 07:26:55,846+0530","service":"FyersAPI"}
{"level":"ERROR","location":"[get_call:165] fyersModel","message":{"API":"/history","Error":{"code":-16,"message":"Could not authenticate the user","s":"error"}},"timestamp":"2026-06-30 07:26:55,995+0530","service":"FyersAPI"}
{"level":"ERROR","location":"[get_call:183] fyersModel","message":{"API":"/quotes","error":"Expecting value: line 1 column 1 (char 0)"},"timestamp":"2026-06-30 07:26:56,291+0530","service":"FyersAPI"}
{"level":"ERROR","location":"[get_call:165] fyersModel","message":{"API":"/history","Error":{"code":-16,"message":"Could not authenticate the user","s":"error"}},"timestamp":"2026-06-30 07:26:59,911+0530","service":"FyersAPI"}
{"level":"ERROR","location":"[get_call:165] fyersModel","message":{"API":"/history","Error":{"code":-16,"message":"Could not authenticate the user","s":"error"}},"timestamp":"2026-06-30 07:27:00,648+0530","service":"FyersAPI"}
{"level":"ERROR","location":"[get_call:165] fyersModel","message":{"API":"/history","Error":{"code":-16,"message":"Could not authenticate the user","s":"error"}},"timestamp":"2026-06-30 07:27:00,798+0530","service":"FyersAPI"}
{"level":"ERROR","location":"[get_call:165] fyersModel","message":{"API":"/history","Error":{"code":-16,"message":"Could not authenticate the user","s":"error"}},"timestamp":"2026-06-30 07:27:04,853+0530","service":"FyersAPI"}
{"level":"ERROR","location":"[get_call:165] fyersModel","message":{"API":"/history","Error":{"code":-16,"message":"Could not authenticate the user","s":"error"}},"timestamp":"2026-06-30 07:27:05,552+0530","service":"FyersAPI"}
{"level":"ERROR","location":"[get_call:183] fyersModel","message":{"API":"/quotes","error":"Expecting value: line 1 column 1 (char 0)"},"timestamp":"2026-06-30 07:27:05,764+0530","service":"FyersAPI"}
{"level":"ERROR","location":"[get_call:165] fyersModel","message":{"API":"/history","Error":{"code":-16,"message":"Could not authenticate the user","s":"error"}},"timestamp":"2026-06-30 07:27:09,262+0530","service":"FyersAPI"}
{"level":"ERROR","location":"[get_call:165] fyersModel","message":{"API":"/history","Error":{"code":-16,"message":"Could not authenticate the user","s":"error"}},"timestamp":"2026-06-30 07:27:09,500+0530","service":"FyersAPI"}
{"level":"ERROR","location":"[get_call:183] fyersModel","message":{"API":"/quotes","error":"Expecting value: line 1 column 1 (char 0)"},"timestamp":"2026-06-30 07:27:09,937+0530","service":"FyersAPI"}
{"level":"ERROR","location":"[get_call:183] fyersModel","message":{"API":"/quotes","error":"Expecting value: line 1 column 1 (char 0)"},"timestamp":"2026-06-30 07:27:10,317+0530","service":"FyersAPI"}
{"level":"ERROR","location":"[get_call:165] fyersModel","message":{"API":"/history","Error":{"code":-16,"message":"Could not authenticate the user","s":"error"}},"timestamp":"2026-06-30 07:27:10,438+0530","service":"FyersAPI"}
{"level":"ERROR","location":"[get_call:165] fyersModel","message":{"API":"/history","Error":{"code":-16,"message":"Could not authenticate the user","s":"error"}},"timestamp":"2026-06-30 07:27:14,781+0530","service":"FyersAPI"}
{"level":"ERROR","location":"[get_call:165] fyersModel","message":{"API":"/history","Error":{"code":-16,"message":"Could not authenticate the user","s":"error"}},"timestamp":"2026-06-30 07:27:14,829+0530","service":"FyersAPI"}
{"level":"ERROR","location":"[get_call:165] fyersModel","message":{"API":"/history","Error":{"code":-16,"message":"Could not authenticate the user","s":"error"}},"timestamp":"2026-06-30 07:27:15,370+0530","service":"FyersAPI"}
{"level":"ERROR","location":"[get_call:165] fyersModel","message":{"API":"/history","Error":{"code":-16,"message":"Could not authenticate the user","s":"error"}},"timestamp":"2026-06-30 07:27:19,880+0530","service":"FyersAPI"}
{"level":"ERROR","location":"[get_call:165] fyersModel","message":{"API":"/history","Error":{"code":-16,"message":"Could not authenticate the user","s":"error"}},"timestamp":"2026-06-30 07:27:20,194+0530","service":"FyersAPI"}
{"level":"ERROR","location":"[get_call:165] fyersModel","message":{"API":"/history","Error":{"code":-16,"message":"Could not authenticate the user","s":"error"}},"timestamp":"2026-06-30 07:27:20,816+0530","service":"FyersAPI"}
{"level":"ERROR","location":"[get_call:165] fyersModel","message":{"API":"/history","Error":{"code":-16,"message":"Could not authenticate the user","s":"error"}},"timestamp":"2026-06-30 07:27:25,007+0530","service":"FyersAPI"}
{"level":"ERROR","location":"[get_call:165] fyersModel","message":{"API":"/history","Error":{"code":-16,"message":"Could not authenticate the user","s":"error"}},"timestamp":"2026-06-30 07:27:25,083+0530","service":"FyersAPI"}
{"level":"ERROR","location":"[get_call:183] fyersModel","message":{"API":"/quotes","error":"Expecting value: line 1 column 1 (char 0)"},"timestamp":"2026-06-30 07:27:25,292+0530","service":"FyersAPI"}
{"level":"ERROR","location":"[get_call:165] fyersModel","message":{"API":"/history","Error":{"code":-16,"message":"Could not authenticate the user","s":"error"}},"timestamp":"2026-06-30 07:27:25,294+0530","service":"FyersAPI"}
{"level":"ERROR","location":"[get_call:165] fyersModel","message":{"API":"/history","Error":{"code":-16,"message":"Could not authenticate the user","s":"error"}},"timestamp":"2026-06-30 07:27:29,142+0530","service":"FyersAPI"}
{"level":"ERROR","location":"[get_call:165] fyersModel","message":{"API":"/history","Error":{"code":-16,"message":"Could not authenticate the user","s":"error"}},"timestamp":"2026-06-30 07:27:29,297+0530","service":"FyersAPI"}
{"level":"ERROR","location":"[get_call:165] fyersModel","message":{"API":"/history","Error":{"code":-16,"message":"Could not authenticate the user","s":"error"}},"timestamp":"2026-06-30 07:27:30,141+0530","service":"FyersAPI"}
{"level":"ERROR","location":"[get_call:165] fyersModel","message":{"API":"/history","Error":{"code":-16,"message":"Could not authenticate the user","s":"error"}},"timestamp":"2026-06-30 07:27:30,291+0530","service":"FyersAPI"}
{"level":"ERROR","location":"[get_call:165] fyersModel","message":{"API":"/history","Error":{"code":-16,"message":"Could not authenticate the user","s":"error"}},"timestamp":"2026-06-30 07:27:34,186+0530","service":"FyersAPI"}
{"level":"ERROR","location":"[get_call:183] fyersModel","message":{"API":"/quotes","error":"Expecting value: line 1 column 1 (char 0)"},"timestamp":"2026-06-30 07:27:34,297+0530","service":"FyersAPI"}
{"level":"ERROR","location":"[get_call:183] fyersModel","message":{"API":"/quotes","error":"Expecting value: line 1 column 1 (char 0)"},"timestamp":"2026-06-30 07:27:34,304+0530","service":"FyersAPI"}
{"level":"ERROR","location":"[get_call:165] fyersModel","message":{"API":"/history","Error":{"code":-16,"message":"Could not authenticate the user","s":"error"}},"timestamp":"2026-06-30 07:27:34,375+0530","service":"FyersAPI"}
{"level":"ERROR","location":"[get_call:183] fyersModel","message":{"API":"/quotes","error":"Expecting value: line 1 column 1 (char 0)"},"timestamp":"2026-06-30 07:27:34,612+0530","service":"FyersAPI"}
{"level":"ERROR","location":"[get_call:165] fyersModel","message":{"API":"/history","Error":{"code":-16,"message":"Could not authenticate the user","s":"error"}},"timestamp":"2026-06-30 07:27:39,952+0530","service":"FyersAPI"}
{"level":"ERROR","location":"[get_call:165] fyersModel","message":{"API":"/history","Error":{"code":-16,"message":"Could not authenticate the user","s":"error"}},"timestamp":"2026-06-30 07:27:40,086+0530","service":"FyersAPI"}
{"level":"ERROR","location":"[get_call:165] fyersModel","message":{"API":"/history","Error":{"code":-16,"message":"Could not authenticate the user","s":"error"}},"timestamp":"2026-06-30 07:27:40,532+0530","service":"FyersAPI"}
{"level":"ERROR","location":"[get_call:165] fyersModel","message":{"API":"/history","Error":{"code":-16,"message":"Could not authenticate the user","s":"error"}},"timestamp":"2026-06-30 07:27:43,149+0530","service":"FyersAPI"}
{"level":"ERROR","location":"[get_call:165] fyersModel","message":{"API":"/history","Error":{"code":-16,"message":"Could not authenticate the user","s":"error"}},"timestamp":"2026-06-30 07:27:43,388+0530","service":"FyersAPI"}
{"level":"ERROR","location":"[get_call:165] fyersModel","message":{"API":"/history","Error":{"code":-16,"message":"Could not authenticate the user","s":"error"}},"timestamp":"2026-06-30 07:27:47,410+0530","service":"FyersAPI"}
{"level":"ERROR","location":"[get_call:165] fyersModel","message":{"API":"/history","Error":{"code":-16,"message":"Could not authenticate the user","s":"error"}},"timestamp":"2026-06-30 07:27:47,540+0530","service":"FyersAPI"}
{"level":"ERROR","location":"[get_call:165] fyersModel","message":{"API":"/history","Error":{"code":-16,"message":"Could not authenticate the user","s":"error"}},"timestamp":"2026-06-30 07:27:48,492+0530","service":"FyersAPI"}
{"level":"ERROR","location":"[get_call:165] fyersModel","message":{"API":"/history","Error":{"code":-16,"message":"Could not authenticate the user","s":"error"}},"timestamp":"2026-06-30 07:27:51,340+0530","service":"FyersAPI"}
{"level":"ERROR","location":"[get_call:165] fyersModel","message":{"API":"/history","Error":{"code":-16,"message":"Could not authenticate the user","s":"error"}},"timestamp":"2026-06-30 07:27:51,352+0530","service":"FyersAPI"}
{"level":"ERROR","location":"[get_call:165] fyersModel","message":{"API":"/history","Error":{"code":-16,"message":"Could not authenticate the user","s":"error"}},"timestamp":"2026-06-30 07:27:54,029+0530","service":"FyersAPI"}
{"level":"ERROR","location":"[get_call:165] fyersModel","message":{"API":"/history","Error":{"code":-16,"message":"Could not authenticate the user","s":"error"}},"timestamp":"2026-06-30 07:27:54,947+0530","service":"FyersAPI"}
{"level":"ERROR","location":"[get_call:165] fyersModel","message":{"API":"/history","Error":{"code":-16,"message":"Could not authenticate the user","s":"error"}},"timestamp":"2026-06-30 07:27:56,804+0530","service":"FyersAPI"}
{"level":"ERROR","location":"[get_call:183] fyersModel","message":{"API":"/quotes","error":"Expecting value: line 1 column 1 (char 0)"},"timestamp":"2026-06-30 07:27:57,051+0530","service":"FyersAPI"}
{"level":"ERROR","location":"[get_call:183] fyersModel","message":{"API":"/quotes","error":"Expecting value: line 1 column 1 (char 0)"},"timestamp":"2026-06-30 07:27:57,105+0530","service":"FyersAPI"}
{"level":"ERROR","location":"[get_call:165] fyersModel","message":{"API":"/history","Error":{"code":-16,"message":"Could not authenticate the user","s":"error"}},"timestamp":"2026-06-30 07:27:59,230+0530","service":"FyersAPI"}
{"level":"ERROR","location":"[get_call:165] fyersModel","message":{"API":"/history","Error":{"code":-16,"message":"Could not authenticate the user","s":"error"}},"timestamp":"2026-06-30 07:27:59,920+0530","service":"FyersAPI"}
{"level":"ERROR","location":"[get_call:165] fyersModel","message":{"API":"/history","Error":{"code":-16,"message":"Could not authenticate the user","s":"error"}},"timestamp":"2026-06-30 07:28:01,967+0530","service":"FyersAPI"}
{"level":"ERROR","location":"[get_call:183] fyersModel","message":{"API":"/quotes","error":"Expecting value: line 1 column 1 (char 0)"},"timestamp":"2026-06-30 07:28:02,044+0530","service":"FyersAPI"}
{"level":"ERROR","location":"[get_call:165] fyersModel","message":{"API":"/history","Error":{"code":-16,"message":"Could not authenticate the user","s":"error"}},"timestamp":"2026-06-30 07:28:02,287+0530","service":"FyersAPI"}
{"level":"ERROR","location":"[get_call:165] fyersModel","message":{"API":"/history","Error":{"code":-16,"message":"Could not authenticate the user","s":"error"}},"timestamp":"2026-06-30 07:28:04,353+0530","service":"FyersAPI"}
{"level":"ERROR","location":"[get_call:165] fyersModel","message":{"API":"/history","Error":{"code":-16,"message":"Could not authenticate the user","s":"error"}},"timestamp":"2026-06-30 07:28:04,546+0530","service":"FyersAPI"}
{"level":"ERROR","location":"[get_call:165] fyersModel","message":{"API":"/history","Error":{"code":-16,"message":"Could not authenticate the user","s":"error"}},"timestamp":"2026-06-30 07:28:07,064+0530","service":"FyersAPI"}
{"level":"ERROR","location":"[get_call:165] fyersModel","message":{"API":"/history","Error":{"code":-16,"message":"Could not authenticate the user","s":"error"}},"timestamp":"2026-06-30 07:28:07,466+0530","service":"FyersAPI"}
{"level":"ERROR","location":"[get_call:183] fyersModel","message":{"API":"/quotes","error":"Expecting value: line 1 column 1 (char 0)"},"timestamp":"2026-06-30 07:28:09,487+0530","service":"FyersAPI"}
{"level":"ERROR","location":"[get_call:165] fyersModel","message":{"API":"/history","Error":{"code":-16,"message":"Could not authenticate the user","s":"error"}},"timestamp":"2026-06-30 07:28:10,562+0530","service":"FyersAPI"}
{"level":"ERROR","location":"[get_call:165] fyersModel","message":{"API":"/history","Error":{"code":-16,"message":"Could not authenticate the user","s":"error"}},"timestamp":"2026-06-30 07:28:12,787+0530","service":"FyersAPI"}
{"level":"ERROR","location":"[get_call:165] fyersModel","message":{"API":"/history","Error":{"code":-16,"message":"Could not authenticate the user","s":"error"}},"timestamp":"2026-06-30 07:30:46,735+0530","service":"FyersAPI"}
{"level":"ERROR","location":"[get_call:183] fyersModel","message":{"API":"/quotes","error":"Expecting value: line 1 column 1 (char 0)"},"timestamp":"2026-06-30 07:30:48,668+0530","service":"FyersAPI"}
{"level":"ERROR","location":"[get_call:165] fyersModel","message":{"API":"/history","Error":{"code":-16,"message":"Could not authenticate the user","s":"error"}},"timestamp":"2026-06-30 07:30:50,777+0530","service":"FyersAPI"}
{"level":"ERROR","location":"[get_call:183] fyersModel","message":{"API":"/quotes","error":"Expecting value: line 1 column 1 (char 0)"},"timestamp":"2026-06-30 07:30:52,889+0530","service":"FyersAPI"}
{"level":"ERROR","location":"[get_call:165] fyersModel","message":{"API":"/history","Error":{"code":-16,"message":"Could not authenticate the user","s":"error"}},"timestamp":"2026-06-30 07:30:54,985+0530","service":"FyersAPI"}
{"level":"ERROR","location":"[get_call:183] fyersModel","message":{"API":"/quotes","error":"Expecting value: line 1 column 1 (char 0)"},"timestamp":"2026-06-30 07:30:56,986+0530","service":"FyersAPI"}
{"level":"ERROR","location":"[get_call:165] fyersModel","message":{"API":"/history","Error":{"code":-16,"message":"Could not authenticate the user","s":"error"}},"timestamp":"2026-06-30 07:30:59,249+0530","service":"FyersAPI"}
{"level":"ERROR","location":"[get_call:165] fyersModel","message":{"API":"/history","Error":{"code":-16,"message":"Could not authenticate the user","s":"error"}},"timestamp":"2026-06-30 07:31:02,539+0530","service":"FyersAPI"}
{"level":"ERROR","location":"[get_call:165] fyersModel","message":{"API":"/profile","Error":{"s":"error","code":-8,"message":"Your token has expired. Please generate a token"}},"timestamp":"2026-06-30 07:32:39,199+0530","service":"FyersAPI"}
{"level":"ERROR","location":"[get_call:165] fyersModel","message":{"API":"/history","Error":{"code":-16,"message":"Could not authenticate the user","s":"error"}},"timestamp":"2026-06-30 07:32:48,622+0530","service":"FyersAPI"}
{"level":"ERROR","location":"[get_call:183] fyersModel","message":{"API":"/quotes","error":"Expecting value: line 1 column 1 (char 0)"},"timestamp":"2026-06-30 07:32:52,237+0530","service":"FyersAPI"}
{"level":"ERROR","location":"[get_call:165] fyersModel","message":{"API":"/history","Error":{"code":-16,"message":"Could not authenticate the user","s":"error"}},"timestamp":"2026-06-30 07:32:52,419+0530","service":"FyersAPI"}
{"level":"ERROR","location":"[get_call:183] fyersModel","message":{"API":"/quotes","error":"Expecting value: line 1 column 1 (char 0)"},"timestamp":"2026-06-30 07:32:52,777+0530","service":"FyersAPI"}
{"level":"ERROR","location":"[get_call:165] fyersModel","message":{"API":"/history","Error":{"code":-16,"message":"Could not authenticate the user","s":"error"}},"timestamp":"2026-06-30 07:32:56,071+0530","service":"FyersAPI"}
{"level":"ERROR","location":"[get_call:165] fyersModel","message":{"API":"/history","Error":{"code":-16,"message":"Could not authenticate the user","s":"error"}},"timestamp":"2026-06-30 07:32:56,259+0530","service":"FyersAPI"}
{"level":"ERROR","location":"[get_call:183] fyersModel","message":{"API":"/quotes","error":"Expecting value: line 1 column 1 (char 0)"},"timestamp":"2026-06-30 07:32:56,664+0530","service":"FyersAPI"}
{"level":"ERROR","location":"[get_call:183] fyersModel","message":{"API":"/quotes","error":"Expecting value: line 1 column 1 (char 0)"},"timestamp":"2026-06-30 07:32:59,284+0530","service":"FyersAPI"}
{"level":"ERROR","location":"[get_call:165] fyersModel","message":{"API":"/history","Error":{"code":-16,"message":"Could not authenticate the user","s":"error"}},"timestamp":"2026-06-30 07:32:59,322+0530","service":"FyersAPI"}
{"level":"ERROR","location":"[get_call:165] fyersModel","message":{"API":"/history","Error":{"code":-16,"message":"Could not authenticate the user","s":"error"}},"timestamp":"2026-06-30 07:32:59,332+0530","service":"FyersAPI"}
{"level":"ERROR","location":"[get_call:183] fyersModel","message":{"API":"/quotes","error":"Expecting value: line 1 column 1 (char 0)"},"timestamp":"2026-06-30 07:32:59,634+0530","service":"FyersAPI"}
{"level":"ERROR","location":"[get_call:183] fyersModel","message":{"API":"/quotes","error":"Expecting value: line 1 column 1 (char 0)"},"timestamp":"2026-06-30 07:33:02,110+0530","service":"FyersAPI"}
{"level":"ERROR","location":"[get_call:165] fyersModel","message":{"API":"/history","Error":{"code":-16,"message":"Could not authenticate the user","s":"error"}},"timestamp":"2026-06-30 07:33:02,154+0530","service":"FyersAPI"}
{"level":"ERROR","location":"[get_call:165] fyersModel","message":{"API":"/history","Error":{"code":-16,"message":"Could not authenticate the user","s":"error"}},"timestamp":"2026-06-30 07:33:02,212+0530","service":"FyersAPI"}
{"level":"ERROR","location":"[get_call:165] fyersModel","message":{"API":"/history","Error":{"code":-16,"message":"Could not authenticate the user","s":"error"}},"timestamp":"2026-06-30 07:33:02,674+0530","service":"FyersAPI"}
{"level":"ERROR","location":"[get_call:165] fyersModel","message":{"API":"/history","Error":{"code":-16,"message":"Could not authenticate the user","s":"error"}},"timestamp":"2026-06-30 07:33:04,647+0530","service":"FyersAPI"}
{"level":"ERROR","location":"[get_call:165] fyersModel","message":{"API":"/history","Error":{"code":-16,"message":"Could not authenticate the user","s":"error"}},"timestamp":"2026-06-30 07:33:04,647+0530","service":"FyersAPI"}
{"level":"ERROR","location":"[get_call:165] fyersModel","message":{"API":"/history","Error":{"code":-16,"message":"Could not authenticate the user","s":"error"}},"timestamp":"2026-06-30 07:33:06,511+0530","service":"FyersAPI"}
{"level":"ERROR","location":"[get_call:165] fyersModel","message":{"API":"/history","Error":{"code":-16,"message":"Could not authenticate the user","s":"error"}},"timestamp":"2026-06-30 07:33:06,577+0530","service":"FyersAPI"}
{"level":"ERROR","location":"[get_call:165] fyersModel","message":{"API":"/history","Error":{"code":-16,"message":"Could not authenticate the user","s":"error"}},"timestamp":"2026-06-30 07:33:06,609+0530","service":"FyersAPI"}
{"level":"ERROR","location":"[get_call:165] fyersModel","message":{"API":"/history","Error":{"code":-16,"message":"Could not authenticate the user","s":"error"}},"timestamp":"2026-06-30 07:33:08,511+0530","service":"FyersAPI"}
{"level":"ERROR","location":"[get_call:165] fyersModel","message":{"API":"/history","Error":{"code":-16,"message":"Could not authenticate the user","s":"error"}},"timestamp":"2026-06-30 07:33:08,635+0530","service":"FyersAPI"}
{"level":"ERROR","location":"[get_call:165] fyersModel","message":{"API":"/history","Error":{"code":-16,"message":"Could not authenticate the user","s":"error"}},"timestamp":"2026-06-30 07:33:08,639+0530","service":"FyersAPI"}
{"level":"ERROR","location":"[get_call:165] fyersModel","message":{"API":"/history","Error":{"code":-16,"message":"Could not authenticate the user","s":"error"}},"timestamp":"2026-06-30 07:33:11,271+0530","service":"FyersAPI"}
{"level":"ERROR","location":"[get_call:165] fyersModel","message":{"API":"/history","Error":{"code":-16,"message":"Could not authenticate the user","s":"error"}},"timestamp":"2026-06-30 07:33:11,274+0530","service":"FyersAPI"}
{"level":"ERROR","location":"[get_call:165] fyersModel","message":{"API":"/history","Error":{"code":-16,"message":"Could not authenticate the user","s":"error"}},"timestamp":"2026-06-30 07:33:11,275+0530","service":"FyersAPI"}
{"level":"ERROR","location":"[get_call:183] fyersModel","message":{"API":"/quotes","error":"Expecting value: line 1 column 1 (char 0)"},"timestamp":"2026-06-30 07:33:11,760+0530","service":"FyersAPI"}
{"level":"ERROR","location":"[get_call:165] fyersModel","message":{"API":"/history","Error":{"code":-16,"message":"Could not authenticate the user","s":"error"}},"timestamp":"2026-06-30 07:33:13,649+0530","service":"FyersAPI"}
{"level":"ERROR","location":"[get_call:165] fyersModel","message":{"API":"/history","Error":{"code":-16,"message":"Could not authenticate the user","s":"error"}},"timestamp":"2026-06-30 07:33:13,715+0530","service":"FyersAPI"}
{"level":"ERROR","location":"[get_call:165] fyersModel","message":{"API":"/history","Error":{"code":-16,"message":"Could not authenticate the user","s":"error"}},"timestamp":"2026-06-30 07:33:13,780+0530","service":"FyersAPI"}
{"level":"ERROR","location":"[get_call:165] fyersModel","message":{"API":"/history","Error":{"code":-16,"message":"Could not authenticate the user","s":"error"}},"timestamp":"2026-06-30 07:33:15,700+0530","service":"FyersAPI"}
{"level":"ERROR","location":"[get_call:165] fyersModel","message":{"API":"/history","Error":{"code":-16,"message":"Could not authenticate the user","s":"error"}},"timestamp":"2026-06-30 07:33:15,705+0530","service":"FyersAPI"}
{"level":"ERROR","location":"[get_call:165] fyersModel","message":{"API":"/history","Error":{"code":-16,"message":"Could not authenticate the user","s":"error"}},"timestamp":"2026-06-30 07:33:16,831+0530","service":"FyersAPI"}
{"level":"ERROR","location":"[get_call:165] fyersModel","message":{"API":"/history","Error":{"code":-16,"message":"Could not authenticate the user","s":"error"}},"timestamp":"2026-06-30 07:33:17,563+0530","service":"FyersAPI"}
{"level":"ERROR","location":"[get_call:165] fyersModel","message":{"API":"/history","Error":{"code":-16,"message":"Could not authenticate the user","s":"error"}},"timestamp":"2026-06-30 07:33:17,876+0530","service":"FyersAPI"}
{"level":"ERROR","location":"[get_call:183] fyersModel","message":{"API":"/quotes","error":"Expecting value: line 1 column 1 (char 0)"},"timestamp":"2026-06-30 07:33:17,892+0530","service":"FyersAPI"}
{"level":"ERROR","location":"[get_call:165] fyersModel","message":{"API":"/history","Error":{"code":-16,"message":"Could not authenticate the user","s":"error"}},"timestamp":"2026-06-30 07:33:19,719+0530","service":"FyersAPI"}
{"level":"ERROR","location":"[get_call:165] fyersModel","message":{"API":"/history","Error":{"code":-16,"message":"Could not authenticate the user","s":"error"}},"timestamp":"2026-06-30 07:33:19,742+0530","service":"FyersAPI"}
{"level":"ERROR","location":"[get_call:165] fyersModel","message":{"API":"/history","Error":{"code":-16,"message":"Could not authenticate the user","s":"error"}},"timestamp":"2026-06-30 07:33:19,756+0530","service":"FyersAPI"}
{"level":"ERROR","location":"[get_call:165] fyersModel","message":{"API":"/history","Error":{"code":-16,"message":"Could not authenticate the user","s":"error"}},"timestamp":"2026-06-30 07:33:21,810+0530","service":"FyersAPI"}
{"level":"ERROR","location":"[get_call:165] fyersModel","message":{"API":"/history","Error":{"code":-16,"message":"Could not authenticate the user","s":"error"}},"timestamp":"2026-06-30 07:33:22,094+0530","service":"FyersAPI"}
{"level":"ERROR","location":"[get_call:183] fyersModel","message":{"API":"/quotes","error":"Expecting value: line 1 column 1 (char 0)"},"timestamp":"2026-06-30 07:33:22,165+0530","service":"FyersAPI"}
{"level":"ERROR","location":"[get_call:165] fyersModel","message":{"API":"/history","Error":{"code":-16,"message":"Could not authenticate the user","s":"error"}},"timestamp":"2026-06-30 07:33:22,179+0530","service":"FyersAPI"}
{"level":"ERROR","location":"[get_call:165] fyersModel","message":{"API":"/history","Error":{"code":-16,"message":"Could not authenticate the user","s":"error"}},"timestamp":"2026-06-30 07:33:23,888+0530","service":"FyersAPI"}
{"level":"ERROR","location":"[get_call:183] fyersModel","message":{"API":"/quotes","error":"Expecting value: line 1 column 1 (char 0)"},"timestamp":"2026-06-30 07:33:23,971+0530","service":"FyersAPI"}
{"level":"ERROR","location":"[get_call:165] fyersModel","message":{"API":"/history","Error":{"code":-16,"message":"Could not authenticate the user","s":"error"}},"timestamp":"2026-06-30 07:33:24,013+0530","service":"FyersAPI"}
{"level":"ERROR","location":"[get_call:165] fyersModel","message":{"API":"/history","Error":{"code":-16,"message":"Could not authenticate the user","s":"error"}},"timestamp":"2026-06-30 07:33:24,243+0530","service":"FyersAPI"}
{"level":"ERROR","location":"[get_call:165] fyersModel","message":{"API":"/history","Error":{"code":-16,"message":"Could not authenticate the user","s":"error"}},"timestamp":"2026-06-30 07:33:26,209+0530","service":"FyersAPI"}
{"level":"ERROR","location":"[get_call:165] fyersModel","message":{"API":"/history","Error":{"code":-16,"message":"Could not authenticate the user","s":"error"}},"timestamp":"2026-06-30 07:33:26,210+0530","service":"FyersAPI"}
{"level":"ERROR","location":"[get_call:183] fyersModel","message":{"API":"/quotes","error":"Expecting value: line 1 column 1 (char 0)"},"timestamp":"2026-06-30 07:33:26,212+0530","service":"FyersAPI"}
{"level":"ERROR","location":"[get_call:165] fyersModel","message":{"API":"/history","Error":{"code":-16,"message":"Could not authenticate the user","s":"error"}},"timestamp":"2026-06-30 07:33:26,272+0530","service":"FyersAPI"}
{"level":"ERROR","location":"[get_call:165] fyersModel","message":{"API":"/history","Error":{"code":-16,"message":"Could not authenticate the user","s":"error"}},"timestamp":"2026-06-30 07:33:28,194+0530","service":"FyersAPI"}
{"level":"ERROR","location":"[get_call:165] fyersModel","message":{"API":"/history","Error":{"code":-16,"message":"Could not authenticate the user","s":"error"}},"timestamp":"2026-06-30 07:33:28,215+0530","service":"FyersAPI"}
{"level":"ERROR","location":"[get_call:183] fyersModel","message":{"API":"/quotes","error":"Expecting value: line 1 column 1 (char 0)"},"timestamp":"2026-06-30 07:33:30,026+0530","service":"FyersAPI"}
{"level":"ERROR","location":"[get_call:165] fyersModel","message":{"API":"/history","Error":{"code":-16,"message":"Could not authenticate the user","s":"error"}},"timestamp":"2026-06-30 07:33:30,072+0530","service":"FyersAPI"}
{"level":"ERROR","location":"[get_call:165] fyersModel","message":{"API":"/history","Error":{"code":-16,"message":"Could not authenticate the user","s":"error"}},"timestamp":"2026-06-30 07:33:30,112+0530","service":"FyersAPI"}
{"level":"ERROR","location":"[get_call:165] fyersModel","message":{"API":"/history","Error":{"code":-16,"message":"Could not authenticate the user","s":"error"}},"timestamp":"2026-06-30 07:33:30,253+0530","service":"FyersAPI"}
{"level":"ERROR","location":"[get_call:165] fyersModel","message":{"API":"/history","Error":{"code":-16,"message":"Could not authenticate the user","s":"error"}},"timestamp":"2026-06-30 07:33:31,903+0530","service":"FyersAPI"}
{"level":"ERROR","location":"[get_call:165] fyersModel","message":{"API":"/history","Error":{"code":-16,"message":"Could not authenticate the user","s":"error"}},"timestamp":"2026-06-30 07:33:32,053+0530","service":"FyersAPI"}
{"level":"ERROR","location":"[get_call:165] fyersModel","message":{"API":"/history","Error":{"code":-16,"message":"Could not authenticate the user","s":"error"}},"timestamp":"2026-06-30 07:33:33,155+0530","service":"FyersAPI"}
{"level":"ERROR","location":"[get_call:165] fyersModel","message":{"API":"/history","Error":{"code":-16,"message":"Could not authenticate the user","s":"error"}},"timestamp":"2026-06-30 07:33:33,916+0530","service":"FyersAPI"}
{"level":"ERROR","location":"[get_call:165] fyersModel","message":{"API":"/history","Error":{"code":-16,"message":"Could not authenticate the user","s":"error"}},"timestamp":"2026-06-30 07:33:33,961+0530","service":"FyersAPI"}
{"level":"ERROR","location":"[get_call:165] fyersModel","message":{"API":"/history","Error":{"code":-16,"message":"Could not authenticate the user","s":"error"}},"timestamp":"2026-06-30 07:33:35,801+0530","service":"FyersAPI"}
{"level":"ERROR","location":"[get_call:165] fyersModel","message":{"API":"/history","Error":{"code":-16,"message":"Could not authenticate the user","s":"error"}},"timestamp":"2026-06-30 07:33:35,812+0530","service":"FyersAPI"}
{"level":"ERROR","location":"[get_call:183] fyersModel","message":{"API":"/quotes","error":"Expecting value: line 1 column 1 (char 0)"},"timestamp":"2026-06-30 07:33:35,864+0530","service":"FyersAPI"}
{"level":"ERROR","location":"[get_call:165] fyersModel","message":{"API":"/history","Error":{"code":-16,"message":"Could not authenticate the user","s":"error"}},"timestamp":"2026-06-30 07:33:37,565+0530","service":"FyersAPI"}
{"level":"ERROR","location":"[get_call:165] fyersModel","message":{"API":"/history","Error":{"code":-16,"message":"Could not authenticate the user","s":"error"}},"timestamp":"2026-06-30 07:33:37,591+0530","service":"FyersAPI"}
{"level":"ERROR","location":"[get_call:183] fyersModel","message":{"API":"/history","error":"Expecting value: line 1 column 1 (char 0)"},"timestamp":"2026-06-30 07:33:37,992+0530","service":"FyersAPI"}
{"level":"ERROR","location":"[get_call:183] fyersModel","message":{"API":"/history","error":"Expecting value: line 1 column 1 (char 0)"},"timestamp":"2026-06-30 07:33:39,223+0530","service":"FyersAPI"}
{"level":"ERROR","location":"[get_call:183] fyersModel","message":{"API":"/history","error":"Expecting value: line 1 column 1 (char 0)"},"timestamp":"2026-06-30 07:33:39,247+0530","service":"FyersAPI"}
{"level":"ERROR","location":"[get_call:183] fyersModel","message":{"API":"/history","error":"Expecting value: line 1 column 1 (char 0)"},"timestamp":"2026-06-30 07:33:40,024+0530","service":"FyersAPI"}
{"level":"ERROR","location":"[get_call:183] fyersModel","message":{"API":"/history","error":"Expecting value: line 1 column 1 (char 0)"},"timestamp":"2026-06-30 07:33:41,258+0530","service":"FyersAPI"}
{"level":"ERROR","location":"[get_call:183] fyersModel","message":{"API":"/history","error":"Expecting value: line 1 column 1 (char 0)"},"timestamp":"2026-06-30 07:33:41,277+0530","service":"FyersAPI"}
{"level":"ERROR","location":"[get_call:165] fyersModel","message":{"API":"/history","Error":{"code":-16,"message":"Could not authenticate the user","s":"error"}},"timestamp":"2026-06-30 07:33:44,077+0530","service":"FyersAPI"}
{"level":"ERROR","location":"[get_call:183] fyersModel","message":{"API":"/history","error":"Expecting value: line 1 column 1 (char 0)"},"timestamp":"2026-06-30 07:33:45,288+0530","service":"FyersAPI"}
{"level":"ERROR","location":"[get_call:183] fyersModel","message":{"API":"/history","error":"Expecting value: line 1 column 1 (char 0)"},"timestamp":"2026-06-30 07:33:45,312+0530","service":"FyersAPI"}
{"level":"ERROR","location":"[get_call:183] fyersModel","message":{"API":"/history","error":"Expecting value: line 1 column 1 (char 0)"},"timestamp":"2026-06-30 07:33:45,609+0530","service":"FyersAPI"}
{"level":"ERROR","location":"[get_call:183] fyersModel","message":{"API":"/quotes","error":"Expecting value: line 1 column 1 (char 0)"},"timestamp":"2026-06-30 07:33:45,635+0530","service":"FyersAPI"}
{"level":"ERROR","location":"[get_call:183] fyersModel","message":{"API":"/history","error":"Expecting value: line 1 column 1 (char 0)"},"timestamp":"2026-06-30 07:33:46,676+0530","service":"FyersAPI"}
{"level":"ERROR","location":"[get_call:183] fyersModel","message":{"API":"/history","error":"Expecting value: line 1 column 1 (char 0)"},"timestamp":"2026-06-30 07:33:47,012+0530","service":"FyersAPI"}
{"level":"ERROR","location":"[get_call:183] fyersModel","message":{"API":"/history","error":"Expecting value: line 1 column 1 (char 0)"},"timestamp":"2026-06-30 07:33:47,648+0530","service":"FyersAPI"}
{"level":"ERROR","location":"[get_call:183] fyersModel","message":{"API":"/history","error":"Expecting value: line 1 column 1 (char 0)"},"timestamp":"2026-06-30 07:33:48,724+0530","service":"FyersAPI"}
{"level":"ERROR","location":"[get_call:183] fyersModel","message":{"API":"/history","error":"Expecting value: line 1 column 1 (char 0)"},"timestamp":"2026-06-30 07:33:49,050+0530","service":"FyersAPI"}
{"level":"ERROR","location":"[get_call:183] fyersModel","message":{"API":"/history","error":"Expecting value: line 1 column 1 (char 0)"},"timestamp":"2026-06-30 07:33:51,680+0530","service":"FyersAPI"}
{"level":"ERROR","location":"[get_call:165] fyersModel","message":{"API":"/history","Error":{"code":-16,"message":"Could not authenticate the user","s":"error"}},"timestamp":"2026-06-30 07:33:52,764+0530","service":"FyersAPI"}
{"level":"ERROR","location":"[get_call:183] fyersModel","message":{"API":"/history","error":"Expecting value: line 1 column 1 (char 0)"},"timestamp":"2026-06-30 07:33:52,914+0530","service":"FyersAPI"}
{"level":"ERROR","location":"[get_call:183] fyersModel","message":{"API":"/history","error":"Expecting value: line 1 column 1 (char 0)"},"timestamp":"2026-06-30 07:33:53,084+0530","service":"FyersAPI"}
{"level":"ERROR","location":"[get_call:183] fyersModel","message":{"API":"/history","error":"Expecting value: line 1 column 1 (char 0)"},"timestamp":"2026-06-30 07:33:54,580+0530","service":"FyersAPI"}
{"level":"ERROR","location":"[get_call:183] fyersModel","message":{"API":"/quotes","error":"Expecting value: line 1 column 1 (char 0)"},"timestamp":"2026-06-30 07:33:54,664+0530","service":"FyersAPI"}
{"level":"ERROR","location":"[get_call:183] fyersModel","message":{"API":"/history","error":"Expecting value: line 1 column 1 (char 0)"},"timestamp":"2026-06-30 07:33:54,667+0530","service":"FyersAPI"}
{"level":"ERROR","location":"[get_call:183] fyersModel","message":{"API":"/quotes","error":"Expecting value: line 1 column 1 (char 0)"},"timestamp":"2026-06-30 07:33:54,674+0530","service":"FyersAPI"}
{"level":"ERROR","location":"[get_call:183] fyersModel","message":{"API":"/history","error":"Expecting value: line 1 column 1 (char 0)"},"timestamp":"2026-06-30 07:33:54,945+0530","service":"FyersAPI"}
{"level":"ERROR","location":"[get_call:183] fyersModel","message":{"API":"/history","error":"Expecting value: line 1 column 1 (char 0)"},"timestamp":"2026-06-30 07:33:56,611+0530","service":"FyersAPI"}
{"level":"ERROR","location":"[get_call:183] fyersModel","message":{"API":"/history","error":"Expecting value: line 1 column 1 (char 0)"},"timestamp":"2026-06-30 07:33:56,707+0530","service":"FyersAPI"}
{"level":"ERROR","location":"[get_call:183] fyersModel","message":{"API":"/history","error":"Expecting value: line 1 column 1 (char 0)"},"timestamp":"2026-06-30 07:33:58,976+0530","service":"FyersAPI"}
{"level":"ERROR","location":"[get_call:183] fyersModel","message":{"API":"/history","error":"Expecting value: line 1 column 1 (char 0)"},"timestamp":"2026-06-30 07:34:00,217+0530","service":"FyersAPI"}
{"level":"ERROR","location":"[get_call:183] fyersModel","message":{"API":"/history","error":"Expecting value: line 1 column 1 (char 0)"},"timestamp":"2026-06-30 07:34:00,642+0530","service":"FyersAPI"}
{"level":"ERROR","location":"[get_call:183] fyersModel","message":{"API":"/history","error":"Expecting value: line 1 column 1 (char 0)"},"timestamp":"2026-06-30 07:34:00,741+0530","service":"FyersAPI"}
{"level":"ERROR","location":"[get_call:165] fyersModel","message":{"API":"/history","Error":{"code":-16,"message":"Could not authenticate the user","s":"error"}},"timestamp":"2026-06-30 07:34:02,265+0530","service":"FyersAPI"}
{"level":"ERROR","location":"[get_call:165] fyersModel","message":{"API":"/history","Error":{"code":-16,"message":"Could not authenticate the user","s":"error"}},"timestamp":"2026-06-30 07:34:02,519+0530","service":"FyersAPI"}
{"level":"ERROR","location":"[get_call:183] fyersModel","message":{"API":"/history","error":"Expecting value: line 1 column 1 (char 0)"},"timestamp":"2026-06-30 07:34:02,613+0530","service":"FyersAPI"}
{"level":"ERROR","location":"[get_call:165] fyersModel","message":{"API":"/history","Error":{"code":-16,"message":"Could not authenticate the user","s":"error"}},"timestamp":"2026-06-30 07:34:04,211+0530","service":"FyersAPI"}
{"level":"ERROR","location":"[get_call:183] fyersModel","message":{"API":"/quotes","error":"Expecting value: line 1 column 1 (char 0)"},"timestamp":"2026-06-30 07:34:04,249+0530","service":"FyersAPI"}
{"level":"ERROR","location":"[get_call:165] fyersModel","message":{"API":"/history","Error":{"code":-16,"message":"Could not authenticate the user","s":"error"}},"timestamp":"2026-06-30 07:34:04,290+0530","service":"FyersAPI"}
{"level":"ERROR","location":"[get_call:183] fyersModel","message":{"API":"/history","error":"Expecting value: line 1 column 1 (char 0)"},"timestamp":"2026-06-30 07:34:04,648+0530","service":"FyersAPI"}
{"level":"ERROR","location":"[get_call:165] fyersModel","message":{"API":"/history","Error":{"code":-16,"message":"Could not authenticate the user","s":"error"}},"timestamp":"2026-06-30 07:34:06,228+0530","service":"FyersAPI"}
{"level":"ERROR","location":"[get_call:183] fyersModel","message":{"API":"/quotes","error":"Expecting value: line 1 column 1 (char 0)"},"timestamp":"2026-06-30 07:34:08,186+0530","service":"FyersAPI"}
{"level":"ERROR","location":"[get_call:165] fyersModel","message":{"API":"/history","Error":{"code":-16,"message":"Could not authenticate the user","s":"error"}},"timestamp":"2026-06-30 07:34:08,687+0530","service":"FyersAPI"}
{"level":"ERROR","location":"[get_call:165] fyersModel","message":{"API":"/history","Error":{"code":-16,"message":"Could not authenticate the user","s":"error"}},"timestamp":"2026-06-30 07:34:10,668+0530","service":"FyersAPI"}
{"level":"ERROR","location":"[get_call:165] fyersModel","message":{"API":"/history","Error":{"code":-16,"message":"Could not authenticate the user","s":"error"}},"timestamp":"2026-06-30 07:34:10,959+0530","service":"FyersAPI"}
{"level":"ERROR","location":"[get_call:183] fyersModel","message":{"API":"/quotes","error":"Expecting value: line 1 column 1 (char 0)"},"timestamp":"2026-06-30 07:34:13,117+0530","service":"FyersAPI"}
{"level":"ERROR","location":"[get_call:165] fyersModel","message":{"API":"/history","Error":{"code":-16,"message":"Could not authenticate the user","s":"error"}},"timestamp":"2026-06-30 07:34:13,119+0530","service":"FyersAPI"}
{"level":"ERROR","location":"[get_call:183] fyersModel","message":{"API":"/quotes","error":"Expecting value: line 1 column 1 (char 0)"},"timestamp":"2026-06-30 07:34:13,119+0530","service":"FyersAPI"}
{"level":"ERROR","location":"[get_call:165] fyersModel","message":{"API":"/history","Error":{"code":-16,"message":"Could not authenticate the user","s":"error"}},"timestamp":"2026-06-30 07:34:14,963+0530","service":"FyersAPI"}
{"level":"ERROR","location":"[get_call:165] fyersModel","message":{"API":"/history","Error":{"code":-16,"message":"Could not authenticate the user","s":"error"}},"timestamp":"2026-06-30 07:34:14,989+0530","service":"FyersAPI"}
{"level":"ERROR","location":"[get_call:165] fyersModel","message":{"API":"/history","Error":{"code":-16,"message":"Could not authenticate the user","s":"error"}},"timestamp":"2026-06-30 07:34:16,729+0530","service":"FyersAPI"}
{"level":"ERROR","location":"[get_call:165] fyersModel","message":{"API":"/history","Error":{"code":-16,"message":"Could not authenticate the user","s":"error"}},"timestamp":"2026-06-30 07:34:16,768+0530","service":"FyersAPI"}
{"level":"ERROR","location":"[get_call:165] fyersModel","message":{"API":"/history","Error":{"code":-16,"message":"Could not authenticate the user","s":"error"}},"timestamp":"2026-06-30 07:34:18,466+0530","service":"FyersAPI"}
{"level":"ERROR","location":"[get_call:165] fyersModel","message":{"API":"/history","Error":{"code":-16,"message":"Could not authenticate the user","s":"error"}},"timestamp":"2026-06-30 07:34:18,940+0530","service":"FyersAPI"}
{"level":"ERROR","location":"[get_call:165] fyersModel","message":{"API":"/history","Error":{"code":-16,"message":"Could not authenticate the user","s":"error"}},"timestamp":"2026-06-30 07:34:20,034+0530","service":"FyersAPI"}
{"level":"ERROR","location":"[get_call:165] fyersModel","message":{"API":"/history","Error":{"code":-16,"message":"Could not authenticate the user","s":"error"}},"timestamp":"2026-06-30 07:34:20,091+0530","service":"FyersAPI"}
{"level":"ERROR","location":"[get_call:183] fyersModel","message":{"API":"/history","error":"Expecting value: line 1 column 1 (char 0)"},"timestamp":"2026-06-30 07:34:20,382+0530","service":"FyersAPI"}
{"level":"ERROR","location":"[get_call:165] fyersModel","message":{"API":"/history","Error":{"code":-16,"message":"Could not authenticate the user","s":"error"}},"timestamp":"2026-06-30 07:34:21,641+0530","service":"FyersAPI"}
{"level":"ERROR","location":"[get_call:183] fyersModel","message":{"API":"/history","error":"Expecting value: line 1 column 1 (char 0)"},"timestamp":"2026-06-30 07:34:21,722+0530","service":"FyersAPI"}
{"level":"ERROR","location":"[get_call:165] fyersModel","message":{"API":"/history","Error":{"code":-16,"message":"Could not authenticate the user","s":"error"}},"timestamp":"2026-06-30 07:34:21,976+0530","service":"FyersAPI"}
{"level":"ERROR","location":"[get_call:183] fyersModel","message":{"API":"/history","error":"Expecting value: line 1 column 1 (char 0)"},"timestamp":"2026-06-30 07:34:22,414+0530","service":"FyersAPI"}
{"level":"ERROR","location":"[get_call:165] fyersModel","message":{"API":"/history","Error":{"code":-16,"message":"Could not authenticate the user","s":"error"}},"timestamp":"2026-06-30 07:34:24,276+0530","service":"FyersAPI"}
{"level":"ERROR","location":"[get_call:183] fyersModel","message":{"API":"/quotes","error":"Expecting value: line 1 column 1 (char 0)"},"timestamp":"2026-06-30 07:34:24,276+0530","service":"FyersAPI"}
{"level":"ERROR","location":"[get_call:183] fyersModel","message":{"API":"/history","error":"Expecting value: line 1 column 1 (char 0)"},"timestamp":"2026-06-30 07:34:24,309+0530","service":"FyersAPI"}
{"level":"ERROR","location":"[get_call:165] fyersModel","message":{"API":"/history","Error":{"code":-16,"message":"Could not authenticate the user","s":"error"}},"timestamp":"2026-06-30 07:34:26,456+0530","service":"FyersAPI"}
{"level":"ERROR","location":"[get_call:183] fyersModel","message":{"API":"/quotes","error":"Expecting value: line 1 column 1 (char 0)"},"timestamp":"2026-06-30 07:34:28,004+0530","service":"FyersAPI"}
{"level":"ERROR","location":"[get_call:165] fyersModel","message":{"API":"/history","Error":{"code":-16,"message":"Could not authenticate the user","s":"error"}},"timestamp":"2026-06-30 07:34:28,009+0530","service":"FyersAPI"}
{"level":"ERROR","location":"[get_call:165] fyersModel","message":{"API":"/history","Error":{"code":-16,"message":"Could not authenticate the user","s":"error"}},"timestamp":"2026-06-30 07:34:28,361+0530","service":"FyersAPI"}
{"level":"ERROR","location":"[get_call:165] fyersModel","message":{"API":"/history","Error":{"code":-16,"message":"Could not authenticate the user","s":"error"}},"timestamp":"2026-06-30 07:34:30,878+0530","service":"FyersAPI"}
{"level":"ERROR","location":"[get_call:183] fyersModel","message":{"API":"/quotes","error":"Expecting value: line 1 column 1 (char 0)"},"timestamp":"2026-06-30 07:34:30,880+0530","service":"FyersAPI"}
{"level":"ERROR","location":"[get_call:165] fyersModel","message":{"API":"/history","Error":{"code":-16,"message":"Could not authenticate the user","s":"error"}},"timestamp":"2026-06-30 07:34:33,091+0530","service":"FyersAPI"}
{"level":"ERROR","location":"[get_call:165] fyersModel","message":{"API":"/history","Error":{"code":-16,"message":"Could not authenticate the user","s":"error"}},"timestamp":"2026-06-30 07:34:33,154+0530","service":"FyersAPI"}
{"level":"ERROR","location":"[get_call:165] fyersModel","message":{"API":"/history","Error":{"code":-16,"message":"Could not authenticate the user","s":"error"}},"timestamp":"2026-06-30 07:34:36,645+0530","service":"FyersAPI"}
{"level":"ERROR","location":"[get_call:165] fyersModel","message":{"API":"/history","Error":{"code":-16,"message":"Could not authenticate the user","s":"error"}},"timestamp":"2026-06-30 07:34:36,649+0530","service":"FyersAPI"}
{"level":"ERROR","location":"[get_call:183] fyersModel","message":{"API":"/quotes","error":"Expecting value: line 1 column 1 (char 0)"},"timestamp":"2026-06-30 07:34:36,651+0530","service":"FyersAPI"}
{"level":"ERROR","location":"[get_call:165] fyersModel","message":{"API":"/history","Error":{"code":-16,"message":"Could not authenticate the user","s":"error"}},"timestamp":"2026-06-30 07:34:38,865+0530","service":"FyersAPI"}
{"level":"ERROR","location":"[get_call:165] fyersModel","message":{"API":"/history","Error":{"code":-16,"message":"Could not authenticate the user","s":"error"}},"timestamp":"2026-06-30 07:34:38,908+0530","service":"FyersAPI"}
{"level":"ERROR","location":"[get_call:165] fyersModel","message":{"API":"/history","Error":{"code":-16,"message":"Could not authenticate the user","s":"error"}},"timestamp":"2026-06-30 07:34:41,736+0530","service":"FyersAPI"}
{"level":"ERROR","location":"[get_call:165] fyersModel","message":{"API":"/history","Error":{"code":-16,"message":"Could not authenticate the user","s":"error"}},"timestamp":"2026-06-30 07:34:42,336+0530","service":"FyersAPI"}
{"level":"ERROR","location":"[get_call:165] fyersModel","message":{"API":"/history","Error":{"code":-16,"message":"Could not authenticate the user","s":"error"}},"timestamp":"2026-06-30 07:34:42,338+0530","service":"FyersAPI"}
{"level":"ERROR","location":"[get_call:165] fyersModel","message":{"API":"/history","Error":{"code":-16,"message":"Could not authenticate the user","s":"error"}},"timestamp":"2026-06-30 07:34:45,878+0530","service":"FyersAPI"}
{"level":"ERROR","location":"[get_call:165] fyersModel","message":{"API":"/history","Error":{"code":-16,"message":"Could not authenticate the user","s":"error"}},"timestamp":"2026-06-30 07:34:46,033+0530","service":"FyersAPI"}
{"level":"ERROR","location":"[get_call:165] fyersModel","message":{"API":"/history","Error":{"code":-16,"message":"Could not authenticate the user","s":"error"}},"timestamp":"2026-06-30 07:34:46,183+0530","service":"FyersAPI"}
{"level":"ERROR","location":"[get_call:183] fyersModel","message":{"API":"/quotes","error":"Expecting value: line 1 column 1 (char 0)"},"timestamp":"2026-06-30 07:34:46,551+0530","service":"FyersAPI"}
{"level":"ERROR","location":"[get_call:165] fyersModel","message":{"API":"/history","Error":{"code":-16,"message":"Could not authenticate the user","s":"error"}},"timestamp":"2026-06-30 07:34:51,332+0530","service":"FyersAPI"}
{"level":"ERROR","location":"[get_call:183] fyersModel","message":{"API":"/quotes","error":"Expecting value: line 1 column 1 (char 0)"},"timestamp":"2026-06-30 07:34:51,423+0530","service":"FyersAPI"}
{"level":"ERROR","location":"[get_call:165] fyersModel","message":{"API":"/history","Error":{"code":-16,"message":"Could not authenticate the user","s":"error"}},"timestamp":"2026-06-30 07:34:51,676+0530","service":"FyersAPI"}
{"level":"ERROR","location":"[get_call:165] fyersModel","message":{"API":"/history","Error":{"code":-16,"message":"Could not authenticate the user","s":"error"}},"timestamp":"2026-06-30 07:34:51,903+0530","service":"FyersAPI"}
{"level":"ERROR","location":"[get_call:165] fyersModel","message":{"API":"/history","Error":{"code":-16,"message":"Could not authenticate the user","s":"error"}},"timestamp":"2026-06-30 07:34:52,857+0530","service":"FyersAPI"}
{"level":"ERROR","location":"[get_call:165] fyersModel","message":{"API":"/history","Error":{"code":-16,"message":"Could not authenticate the user","s":"error"}},"timestamp":"2026-06-30 07:34:58,802+0530","service":"FyersAPI"}
{"level":"ERROR","location":"[get_call:183] fyersModel","message":{"API":"/quotes","error":"Expecting value: line 1 column 1 (char 0)"},"timestamp":"2026-06-30 07:34:58,844+0530","service":"FyersAPI"}
{"level":"ERROR","location":"[get_call:183] fyersModel","message":{"API":"/quotes","error":"Expecting value: line 1 column 1 (char 0)"},"timestamp":"2026-06-30 07:34:58,951+0530","service":"FyersAPI"}
{"level":"ERROR","location":"[get_call:165] fyersModel","message":{"API":"/history","Error":{"code":-16,"message":"Could not authenticate the user","s":"error"}},"timestamp":"2026-06-30 07:34:59,157+0530","service":"FyersAPI"}
{"level":"ERROR","location":"[get_call:165] fyersModel","message":{"API":"/history","Error":{"code":-16,"message":"Could not authenticate the user","s":"error"}},"timestamp":"2026-06-30 07:34:59,638+0530","service":"FyersAPI"}
{"level":"ERROR","location":"[get_call:165] fyersModel","message":{"API":"/history","Error":{"code":-16,"message":"Could not authenticate the user","s":"error"}},"timestamp":"2026-06-30 07:35:06,807+0530","service":"FyersAPI"}
{"level":"ERROR","location":"[get_call:165] fyersModel","message":{"API":"/history","Error":{"code":-16,"message":"Could not authenticate the user","s":"error"}},"timestamp":"2026-06-30 07:35:06,955+0530","service":"FyersAPI"}
{"level":"ERROR","location":"[get_call:183] fyersModel","message":{"API":"/quotes","error":"Expecting value: line 1 column 1 (char 0)"},"timestamp":"2026-06-30 07:35:12,474+0530","service":"FyersAPI"}
{"level":"ERROR","location":"[get_call:165] fyersModel","message":{"API":"/history","Error":{"code":-16,"message":"Could not authenticate the user","s":"error"}},"timestamp":"2026-06-30 07:35:12,649+0530","service":"FyersAPI"}
{"level":"ERROR","location":"[get_call:183] fyersModel","message":{"API":"/quotes","error":"Expecting value: line 1 column 1 (char 0)"},"timestamp":"2026-06-30 07:35:13,276+0530","service":"FyersAPI"}
{"level":"ERROR","location":"[get_call:165] fyersModel","message":{"API":"/history","Error":{"code":-16,"message":"Could not authenticate the user","s":"error"}},"timestamp":"2026-06-30 07:35:18,568+0530","service":"FyersAPI"}
{"level":"ERROR","location":"[get_call:165] fyersModel","message":{"API":"/history","Error":{"code":-16,"message":"Could not authenticate the user","s":"error"}},"timestamp":"2026-06-30 07:35:18,572+0530","service":"FyersAPI"}
{"level":"ERROR","location":"[get_call:165] fyersModel","message":{"API":"/history","Error":{"code":-16,"message":"Could not authenticate the user","s":"error"}},"timestamp":"2026-06-30 07:35:18,581+0530","service":"FyersAPI"}
{"level":"ERROR","location":"[get_call:165] fyersModel","message":{"API":"/history","Error":{"code":-16,"message":"Could not authenticate the user","s":"error"}},"timestamp":"2026-06-30 07:35:23,751+0530","service":"FyersAPI"}
{"level":"ERROR","location":"[get_call:183] fyersModel","message":{"API":"/quotes","error":"Expecting value: line 1 column 1 (char 0)"},"timestamp":"2026-06-30 07:35:24,091+0530","service":"FyersAPI"}
{"level":"ERROR","location":"[get_call:183] fyersModel","message":{"API":"/quotes","error":"Expecting value: line 1 column 1 (char 0)"},"timestamp":"2026-06-30 07:35:24,482+0530","service":"FyersAPI"}
{"level":"ERROR","location":"[get_call:165] fyersModel","message":{"API":"/history","Error":{"code":-16,"message":"Could not authenticate the user","s":"error"}},"timestamp":"2026-06-30 07:35:29,484+0530","service":"FyersAPI"}
{"level":"ERROR","location":"[get_call:165] fyersModel","message":{"API":"/history","Error":{"code":-16,"message":"Could not authenticate the user","s":"error"}},"timestamp":"2026-06-30 07:35:29,610+0530","service":"FyersAPI"}
{"level":"ERROR","location":"[get_call:165] fyersModel","message":{"API":"/history","Error":{"code":-16,"message":"Could not authenticate the user","s":"error"}},"timestamp":"2026-06-30 07:35:29,738+0530","service":"FyersAPI"}
{"level":"ERROR","location":"[get_call:165] fyersModel","message":{"API":"/history","Error":{"code":-16,"message":"Could not authenticate the user","s":"error"}},"timestamp":"2026-06-30 07:35:34,506+0530","service":"FyersAPI"}
{"level":"ERROR","location":"[get_call:183] fyersModel","message":{"API":"/quotes","error":"Expecting value: line 1 column 1 (char 0)"},"timestamp":"2026-06-30 07:35:34,739+0530","service":"FyersAPI"}
{"level":"ERROR","location":"[get_call:183] fyersModel","message":{"API":"/quotes","error":"Expecting value: line 1 column 1 (char 0)"},"timestamp":"2026-06-30 07:35:35,117+0530","service":"FyersAPI"}
{"level":"ERROR","location":"[get_call:165] fyersModel","message":{"API":"/history","Error":{"code":-16,"message":"Could not authenticate the user","s":"error"}},"timestamp":"2026-06-30 07:35:35,550+0530","service":"FyersAPI"}
{"level":"ERROR","location":"[get_call:165] fyersModel","message":{"API":"/history","Error":{"code":-16,"message":"Could not authenticate the user","s":"error"}},"timestamp":"2026-06-30 07:35:39,501+0530","service":"FyersAPI"}
{"level":"ERROR","location":"[get_call:165] fyersModel","message":{"API":"/history","Error":{"code":-16,"message":"Could not authenticate the user","s":"error"}},"timestamp":"2026-06-30 07:35:40,002+0530","service":"FyersAPI"}
{"level":"ERROR","location":"[get_call:165] fyersModel","message":{"API":"/history","Error":{"code":-16,"message":"Could not authenticate the user","s":"error"}},"timestamp":"2026-06-30 07:35:42,932+0530","service":"FyersAPI"}
{"level":"ERROR","location":"[get_call:165] fyersModel","message":{"API":"/history","Error":{"code":-16,"message":"Could not authenticate the user","s":"error"}},"timestamp":"2026-06-30 07:35:43,623+0530","service":"FyersAPI"}
{"level":"ERROR","location":"[get_call:165] fyersModel","message":{"API":"/history","Error":{"code":-16,"message":"Could not authenticate the user","s":"error"}},"timestamp":"2026-06-30 07:35:46,523+0530","service":"FyersAPI"}
{"level":"ERROR","location":"[get_call:183] fyersModel","message":{"API":"/quotes","error":"Expecting value: line 1 column 1 (char 0)"},"timestamp":"2026-06-30 07:35:46,819+0530","service":"FyersAPI"}
{"level":"ERROR","location":"[get_call:165] fyersModel","message":{"API":"/history","Error":{"code":-16,"message":"Could not authenticate the user","s":"error"}},"timestamp":"2026-06-30 07:35:49,622+0530","service":"FyersAPI"}
{"level":"ERROR","location":"[get_call:165] fyersModel","message":{"API":"/history","Error":{"code":-16,"message":"Could not authenticate the user","s":"error"}},"timestamp":"2026-06-30 07:35:49,882+0530","service":"FyersAPI"}
{"level":"ERROR","location":"[get_call:165] fyersModel","message":{"API":"/history","Error":{"code":-16,"message":"Could not authenticate the user","s":"error"}},"timestamp":"2026-06-30 07:35:54,658+0530","service":"FyersAPI"}
{"level":"ERROR","location":"[get_call:183] fyersModel","message":{"API":"/quotes","error":"Expecting value: line 1 column 1 (char 0)"},"timestamp":"2026-06-30 07:35:54,955+0530","service":"FyersAPI"}
{"level":"ERROR","location":"[get_call:183] fyersModel","message":{"API":"/quotes","error":"Expecting value: line 1 column 1 (char 0)"},"timestamp":"2026-06-30 07:35:55,420+0530","service":"FyersAPI"}
{"level":"ERROR","location":"[get_call:165] fyersModel","message":{"API":"/history","Error":{"code":-16,"message":"Could not authenticate the user","s":"error"}},"timestamp":"2026-06-30 07:35:58,387+0530","service":"FyersAPI"}
{"level":"ERROR","location":"[get_call:165] fyersModel","message":{"API":"/history","Error":{"code":-16,"message":"Could not authenticate the user","s":"error"}},"timestamp":"2026-06-30 07:35:58,450+0530","service":"FyersAPI"}
{"level":"ERROR","location":"[get_call:165] fyersModel","message":{"API":"/history","Error":{"code":-16,"message":"Could not authenticate the user","s":"error"}},"timestamp":"2026-06-30 07:36:03,032+0530","service":"FyersAPI"}
{"level":"ERROR","location":"[get_call:183] fyersModel","message":{"API":"/quotes","error":"Expecting value: line 1 column 1 (char 0)"},"timestamp":"2026-06-30 07:36:03,682+0530","service":"FyersAPI"}
{"level":"ERROR","location":"[get_call:165] fyersModel","message":{"API":"/history","Error":{"code":-16,"message":"Could not authenticate the user","s":"error"}},"timestamp":"2026-06-30 07:36:06,851+0530","service":"FyersAPI"}
{"level":"ERROR","location":"[get_call:165] fyersModel","message":{"API":"/history","Error":{"code":-16,"message":"Could not authenticate the user","s":"error"}},"timestamp":"2026-06-30 07:36:11,838+0530","service":"FyersAPI"}
{"level":"ERROR","location":"[get_call:165] fyersModel","message":{"API":"/history","Error":{"code":-16,"message":"Could not authenticate the user","s":"error"}},"timestamp":"2026-06-30 07:36:12,233+0530","service":"FyersAPI"}
{"level":"ERROR","location":"[get_call:165] fyersModel","message":{"API":"/history","Error":{"code":-16,"message":"Could not authenticate the user","s":"error"}},"timestamp":"2026-06-30 07:36:15,661+0530","service":"FyersAPI"}
{"level":"ERROR","location":"[get_call:183] fyersModel","message":{"API":"/quotes","error":"Expecting value: line 1 column 1 (char 0)"},"timestamp":"2026-06-30 07:36:15,689+0530","service":"FyersAPI"}
{"level":"ERROR","location":"[get_call:183] fyersModel","message":{"API":"/quotes","error":"Expecting value: line 1 column 1 (char 0)"},"timestamp":"2026-06-30 07:36:15,844+0530","service":"FyersAPI"}
{"level":"ERROR","location":"[get_call:165] fyersModel","message":{"API":"/history","Error":{"code":-16,"message":"Could not authenticate the user","s":"error"}},"timestamp":"2026-06-30 07:36:18,827+0530","service":"FyersAPI"}
{"level":"ERROR","location":"[get_call:165] fyersModel","message":{"API":"/history","Error":{"code":-16,"message":"Could not authenticate the user","s":"error"}},"timestamp":"2026-06-30 07:36:18,829+0530","service":"FyersAPI"}
{"level":"ERROR","location":"[get_call:183] fyersModel","message":{"API":"/quotes","error":"Expecting value: line 1 column 1 (char 0)"},"timestamp":"2026-06-30 07:36:24,198+0530","service":"FyersAPI"}
{"level":"ERROR","location":"[get_call:165] fyersModel","message":{"API":"/history","Error":{"code":-16,"message":"Could not authenticate the user","s":"error"}},"timestamp":"2026-06-30 07:36:24,426+0530","service":"FyersAPI"}
{"level":"ERROR","location":"[get_call:165] fyersModel","message":{"API":"/history","Error":{"code":-16,"message":"Could not authenticate the user","s":"error"}},"timestamp":"2026-06-30 07:36:24,767+0530","service":"FyersAPI"}
{"level":"ERROR","location":"[get_call:165] fyersModel","message":{"API":"/history","Error":{"code":-16,"message":"Could not authenticate the user","s":"error"}},"timestamp":"2026-06-30 07:36:24,911+0530","service":"FyersAPI"}
{"level":"ERROR","location":"[get_call:165] fyersModel","message":{"API":"/history","Error":{"code":-16,"message":"Could not authenticate the user","s":"error"}},"timestamp":"2026-06-30 07:36:30,292+0530","service":"FyersAPI"}
{"level":"ERROR","location":"[get_call:183] fyersModel","message":{"API":"/quotes","error":"Expecting value: line 1 column 1 (char 0)"},"timestamp":"2026-06-30 07:36:30,528+0530","service":"FyersAPI"}
{"level":"ERROR","location":"[get_call:165] fyersModel","message":{"API":"/history","Error":{"code":-16,"message":"Could not authenticate the user","s":"error"}},"timestamp":"2026-06-30 07:36:31,038+0530","service":"FyersAPI"}
{"level":"ERROR","location":"[get_call:165] fyersModel","message":{"API":"/history","Error":{"code":-16,"message":"Could not authenticate the user","s":"error"}},"timestamp":"2026-06-30 07:36:37,323+0530","service":"FyersAPI"}
{"level":"ERROR","location":"[get_call:165] fyersModel","message":{"API":"/history","Error":{"code":-16,"message":"Could not authenticate the user","s":"error"}},"timestamp":"2026-06-30 07:36:37,468+0530","service":"FyersAPI"}
{"level":"ERROR","location":"[get_call:183] fyersModel","message":{"API":"/quotes","error":"Expecting value: line 1 column 1 (char 0)"},"timestamp":"2026-06-30 07:36:37,679+0530","service":"FyersAPI"}
{"level":"ERROR","location":"[get_call:183] fyersModel","message":{"API":"/quotes","error":"Expecting value: line 1 column 1 (char 0)"},"timestamp":"2026-06-30 07:36:40,040+0530","service":"FyersAPI"}
{"level":"ERROR","location":"[get_call:165] fyersModel","message":{"API":"/history","Error":{"code":-16,"message":"Could not authenticate the user","s":"error"}},"timestamp":"2026-06-30 07:36:40,669+0530","service":"FyersAPI"}
{"level":"ERROR","location":"[get_call:165] fyersModel","message":{"API":"/history","Error":{"code":-16,"message":"Could not authenticate the user","s":"error"}},"timestamp":"2026-06-30 07:36:40,738+0530","service":"FyersAPI"}
{"level":"ERROR","location":"[get_call:165] fyersModel","message":{"API":"/history","Error":{"code":-16,"message":"Could not authenticate the user","s":"error"}},"timestamp":"2026-06-30 07:36:45,499+0530","service":"FyersAPI"}
{"level":"ERROR","location":"[get_call:165] fyersModel","message":{"API":"/history","Error":{"code":-16,"message":"Could not authenticate the user","s":"error"}},"timestamp":"2026-06-30 07:36:45,997+0530","service":"FyersAPI"}
{"level":"ERROR","location":"[get_call:165] fyersModel","message":{"API":"/history","Error":{"code":-16,"message":"Could not authenticate the user","s":"error"}},"timestamp":"2026-06-30 07:36:49,124+0530","service":"FyersAPI"}
{"level":"ERROR","location":"[get_call:165] fyersModel","message":{"API":"/history","Error":{"code":-16,"message":"Could not authenticate the user","s":"error"}},"timestamp":"2026-06-30 07:36:49,528+0530","service":"FyersAPI"}
{"level":"ERROR","location":"[get_call:165] fyersModel","message":{"API":"/history","Error":{"code":-16,"message":"Could not authenticate the user","s":"error"}},"timestamp":"2026-06-30 07:36:52,655+0530","service":"FyersAPI"}
{"level":"ERROR","location":"[get_call:183] fyersModel","message":{"API":"/quotes","error":"Expecting value: line 1 column 1 (char 0)"},"timestamp":"2026-06-30 07:36:52,756+0530","service":"FyersAPI"}
{"level":"ERROR","location":"[get_call:165] fyersModel","message":{"API":"/history","Error":{"code":-16,"message":"Could not authenticate the user","s":"error"}},"timestamp":"2026-06-30 07:36:55,751+0530","service":"FyersAPI"}
{"level":"ERROR","location":"[get_call:165] fyersModel","message":{"API":"/history","Error":{"code":-16,"message":"Could not authenticate the user","s":"error"}},"timestamp":"2026-06-30 07:36:59,178+0530","service":"FyersAPI"}
{"level":"ERROR","location":"[get_call:183] fyersModel","message":{"API":"/quotes","error":"Expecting value: line 1 column 1 (char 0)"},"timestamp":"2026-06-30 07:36:59,458+0530","service":"FyersAPI"}
{"level":"ERROR","location":"[get_call:165] fyersModel","message":{"API":"/history","Error":{"code":-16,"message":"Could not authenticate the user","s":"error"}},"timestamp":"2026-06-30 07:37:02,691+0530","service":"FyersAPI"}
{"level":"ERROR","location":"[get_call:165] fyersModel","message":{"API":"/history","Error":{"code":-16,"message":"Could not authenticate the user","s":"error"}},"timestamp":"2026-06-30 07:37:03,175+0530","service":"FyersAPI"}
{"level":"ERROR","location":"[get_call:165] fyersModel","message":{"API":"/history","Error":{"code":-16,"message":"Could not authenticate the user","s":"error"}},"timestamp":"2026-06-30 07:37:06,317+0530","service":"FyersAPI"}
{"level":"ERROR","location":"[get_call:183] fyersModel","message":{"API":"/quotes","error":"Expecting value: line 1 column 1 (char 0)"},"timestamp":"2026-06-30 07:37:06,495+0530","service":"FyersAPI"}
{"level":"ERROR","location":"[get_call:165] fyersModel","message":{"API":"/history","Error":{"code":-16,"message":"Could not authenticate the user","s":"error"}},"timestamp":"2026-06-30 07:37:10,667+0530","service":"FyersAPI"}
{"level":"ERROR","location":"[get_call:165] fyersModel","message":{"API":"/history","Error":{"code":-16,"message":"Could not authenticate the user","s":"error"}},"timestamp":"2026-06-30 07:37:10,722+0530","service":"FyersAPI"}
{"level":"ERROR","location":"[get_call:165] fyersModel","message":{"API":"/history","Error":{"code":-16,"message":"Could not authenticate the user","s":"error"}},"timestamp":"2026-06-30 07:37:11,038+0530","service":"FyersAPI"}
{"level":"ERROR","location":"[get_call:183] fyersModel","message":{"API":"/quotes","error":"Expecting value: line 1 column 1 (char 0)"},"timestamp":"2026-06-30 07:37:16,149+0530","service":"FyersAPI"}
{"level":"ERROR","location":"[get_call:165] fyersModel","message":{"API":"/history","Error":{"code":-16,"message":"Could not authenticate the user","s":"error"}},"timestamp":"2026-06-30 07:37:16,262+0530","service":"FyersAPI"}
{"level":"ERROR","location":"[get_call:165] fyersModel","message":{"API":"/history","Error":{"code":-16,"message":"Could not authenticate the user","s":"error"}},"timestamp":"2026-06-30 07:37:16,291+0530","service":"FyersAPI"}
{"level":"ERROR","location":"[get_call:165] fyersModel","message":{"API":"/history","Error":{"code":-16,"message":"Could not authenticate the user","s":"error"}},"timestamp":"2026-06-30 07:37:16,522+0530","service":"FyersAPI"}
{"level":"ERROR","location":"[get_call:165] fyersModel","message":{"API":"/history","Error":{"code":-16,"message":"Could not authenticate the user","s":"error"}},"timestamp":"2026-06-30 07:37:20,496+0530","service":"FyersAPI"}
{"level":"ERROR","location":"[get_call:183] fyersModel","message":{"API":"/quotes","error":"Expecting value: line 1 column 1 (char 0)"},"timestamp":"2026-06-30 07:37:21,161+0530","service":"FyersAPI"}
{"level":"ERROR","location":"[get_call:165] fyersModel","message":{"API":"/history","Error":{"code":-16,"message":"Could not authenticate the user","s":"error"}},"timestamp":"2026-06-30 07:37:21,849+0530","service":"FyersAPI"}
{"level":"ERROR","location":"[get_call:183] fyersModel","message":{"API":"/quotes","error":"Expecting value: line 1 column 1 (char 0)"},"timestamp":"2026-06-30 07:37:24,683+0530","service":"FyersAPI"}
{"level":"ERROR","location":"[get_call:165] fyersModel","message":{"API":"/history","Error":{"code":-16,"message":"Could not authenticate the user","s":"error"}},"timestamp":"2026-06-30 07:37:25,456+0530","service":"FyersAPI"}
{"level":"ERROR","location":"[get_call:165] fyersModel","message":{"API":"/history","Error":{"code":-16,"message":"Could not authenticate the user","s":"error"}},"timestamp":"2026-06-30 07:37:25,528+0530","service":"FyersAPI"}
{"level":"ERROR","location":"[get_call:165] fyersModel","message":{"API":"/history","Error":{"code":-16,"message":"Could not authenticate the user","s":"error"}},"timestamp":"2026-06-30 07:37:29,931+0530","service":"FyersAPI"}
{"level":"ERROR","location":"[get_call:165] fyersModel","message":{"API":"/history","Error":{"code":-16,"message":"Could not authenticate the user","s":"error"}},"timestamp":"2026-06-30 07:37:29,935+0530","service":"FyersAPI"}
{"level":"ERROR","location":"[get_call:183] fyersModel","message":{"API":"/quotes","error":"Expecting value: line 1 column 1 (char 0)"},"timestamp":"2026-06-30 07:37:30,048+0530","service":"FyersAPI"}
{"level":"ERROR","location":"[get_call:165] fyersModel","message":{"API":"/history","Error":{"code":-16,"message":"Could not authenticate the user","s":"error"}},"timestamp":"2026-06-30 07:37:34,553+0530","service":"FyersAPI"}
{"level":"ERROR","location":"[get_call:165] fyersModel","message":{"API":"/history","Error":{"code":-16,"message":"Could not authenticate the user","s":"error"}},"timestamp":"2026-06-30 07:37:34,663+0530","service":"FyersAPI"}
{"level":"ERROR","location":"[get_call:165] fyersModel","message":{"API":"/history","Error":{"code":-16,"message":"Could not authenticate the user","s":"error"}},"timestamp":"2026-06-30 07:37:39,277+0530","service":"FyersAPI"}
{"level":"ERROR","location":"[get_call:165] fyersModel","message":{"API":"/history","Error":{"code":-16,"message":"Could not authenticate the user","s":"error"}},"timestamp":"2026-06-30 07:37:39,637+0530","service":"FyersAPI"}
{"level":"ERROR","location":"[get_call:183] fyersModel","message":{"API":"/quotes","error":"Expecting value: line 1 column 1 (char 0)"},"timestamp":"2026-06-30 07:37:40,107+0530","service":"FyersAPI"}
{"level":"ERROR","location":"[get_call:165] fyersModel","message":{"API":"/history","Error":{"code":-16,"message":"Could not authenticate the user","s":"error"}},"timestamp":"2026-06-30 07:37:43,179+0530","service":"FyersAPI"}
{"level":"ERROR","location":"[get_call:183] fyersModel","message":{"API":"/quotes","error":"Expecting value: line 1 column 1 (char 0)"},"timestamp":"2026-06-30 07:37:43,528+0530","service":"FyersAPI"}
{"level":"ERROR","location":"[get_call:165] fyersModel","message":{"API":"/history","Error":{"code":-16,"message":"Could not authenticate the user","s":"error"}},"timestamp":"2026-06-30 07:37:46,703+0530","service":"FyersAPI"}
{"level":"ERROR","location":"[get_call:165] fyersModel","message":{"API":"/history","Error":{"code":-16,"message":"Could not authenticate the user","s":"error"}},"timestamp":"2026-06-30 07:37:47,224+0530","service":"FyersAPI"}
{"level":"ERROR","location":"[get_call:183] fyersModel","message":{"API":"/quotes","error":"Expecting value: line 1 column 1 (char 0)"},"timestamp":"2026-06-30 07:37:51,584+0530","service":"FyersAPI"}
{"level":"ERROR","location":"[get_call:165] fyersModel","message":{"API":"/history","Error":{"code":-16,"message":"Could not authenticate the user","s":"error"}},"timestamp":"2026-06-30 07:37:51,878+0530","service":"FyersAPI"}
{"level":"ERROR","location":"[get_call:165] fyersModel","message":{"API":"/history","Error":{"code":-16,"message":"Could not authenticate the user","s":"error"}},"timestamp":"2026-06-30 07:37:54,802+0530","service":"FyersAPI"}
{"level":"ERROR","location":"[get_call:165] fyersModel","message":{"API":"/history","Error":{"code":-16,"message":"Could not authenticate the user","s":"error"}},"timestamp":"2026-06-30 07:37:55,045+0530","service":"FyersAPI"}
{"level":"ERROR","location":"[get_call:165] fyersModel","message":{"API":"/history","Error":{"code":-16,"message":"Could not authenticate the user","s":"error"}},"timestamp":"2026-06-30 07:38:00,021+0530","service":"FyersAPI"}
{"level":"ERROR","location":"[get_call:183] fyersModel","message":{"API":"/quotes","error":"Expecting value: line 1 column 1 (char 0)"},"timestamp":"2026-06-30 07:38:00,265+0530","service":"FyersAPI"}
{"level":"ERROR","location":"[get_call:165] fyersModel","message":{"API":"/history","Error":{"code":-16,"message":"Could not authenticate the user","s":"error"}},"timestamp":"2026-06-30 07:38:00,575+0530","service":"FyersAPI"}
{"level":"ERROR","location":"[get_call:165] fyersModel","message":{"API":"/history","Error":{"code":-16,"message":"Could not authenticate the user","s":"error"}},"timestamp":"2026-06-30 07:38:00,589+0530","service":"FyersAPI"}
{"level":"ERROR","location":"[get_call:165] fyersModel","message":{"API":"/history","Error":{"code":-16,"message":"Could not authenticate the user","s":"error"}},"timestamp":"2026-06-30 07:38:06,366+0530","service":"FyersAPI"}
{"level":"ERROR","location":"[get_call:183] fyersModel","message":{"API":"/quotes","error":"Expecting value: line 1 column 1 (char 0)"},"timestamp":"2026-06-30 07:38:06,483+0530","service":"FyersAPI"}
{"level":"ERROR","location":"[get_call:183] fyersModel","message":{"API":"/quotes","error":"Expecting value: line 1 column 1 (char 0)"},"timestamp":"2026-06-30 07:38:06,767+0530","service":"FyersAPI"}
{"level":"ERROR","location":"[get_call:165] fyersModel","message":{"API":"/history","Error":{"code":-16,"message":"Could not authenticate the user","s":"error"}},"timestamp":"2026-06-30 07:38:07,070+0530","service":"FyersAPI"}
{"level":"ERROR","location":"[get_call:165] fyersModel","message":{"API":"/history","Error":{"code":-16,"message":"Could not authenticate the user","s":"error"}},"timestamp":"2026-06-30 07:38:11,046+0530","service":"FyersAPI"}
{"level":"ERROR","location":"[get_call:165] fyersModel","message":{"API":"/history","Error":{"code":-16,"message":"Could not authenticate the user","s":"error"}},"timestamp":"2026-06-30 07:38:11,086+0530","service":"FyersAPI"}
{"level":"ERROR","location":"[get_call:165] fyersModel","message":{"API":"/history","Error":{"code":-16,"message":"Could not authenticate the user","s":"error"}},"timestamp":"2026-06-30 07:38:12,160+0530","service":"FyersAPI"}
{"level":"ERROR","location":"[get_call:165] fyersModel","message":{"API":"/history","Error":{"code":-16,"message":"Could not authenticate the user","s":"error"}},"timestamp":"2026-06-30 07:38:16,874+0530","service":"FyersAPI"}
{"level":"ERROR","location":"[get_call:183] fyersModel","message":{"API":"/quotes","error":"Expecting value: line 1 column 1 (char 0)"},"timestamp":"2026-06-30 07:38:17,054+0530","service":"FyersAPI"}
{"level":"ERROR","location":"[get_call:165] fyersModel","message":{"API":"/history","Error":{"code":-16,"message":"Could not authenticate the user","s":"error"}},"timestamp":"2026-06-30 07:38:17,449+0530","service":"FyersAPI"}
{"level":"ERROR","location":"[get_call:165] fyersModel","message":{"API":"/history","Error":{"code":-16,"message":"Could not authenticate the user","s":"error"}},"timestamp":"2026-06-30 07:38:22,346+0530","service":"FyersAPI"}
{"level":"ERROR","location":"[get_call:165] fyersModel","message":{"API":"/history","Error":{"code":-16,"message":"Could not authenticate the user","s":"error"}},"timestamp":"2026-06-30 07:38:22,679+0530","service":"FyersAPI"}
{"level":"ERROR","location":"[get_call:165] fyersModel","message":{"API":"/history","Error":{"code":-16,"message":"Could not authenticate the user","s":"error"}},"timestamp":"2026-06-30 07:38:27,559+0530","service":"FyersAPI"}
{"level":"ERROR","location":"[get_call:165] fyersModel","message":{"API":"/history","Error":{"code":-16,"message":"Could not authenticate the user","s":"error"}},"timestamp":"2026-06-30 07:38:27,561+0530","service":"FyersAPI"}
{"level":"ERROR","location":"[get_call:183] fyersModel","message":{"API":"/quotes","error":"Expecting value: line 1 column 1 (char 0)"},"timestamp":"2026-06-30 07:38:27,704+0530","service":"FyersAPI"}
{"level":"ERROR","location":"[get_call:183] fyersModel","message":{"API":"/quotes","error":"Expecting value: line 1 column 1 (char 0)"},"timestamp":"2026-06-30 07:38:27,980+0530","service":"FyersAPI"}
{"level":"ERROR","location":"[get_call:165] fyersModel","message":{"API":"/history","Error":{"code":-16,"message":"Could not authenticate the user","s":"error"}},"timestamp":"2026-06-30 07:38:32,458+0530","service":"FyersAPI"}
{"level":"ERROR","location":"[get_call:165] fyersModel","message":{"API":"/history","Error":{"code":-16,"message":"Could not authenticate the user","s":"error"}},"timestamp":"2026-06-30 07:38:35,688+0530","service":"FyersAPI"}
{"level":"ERROR","location":"[get_call:165] fyersModel","message":{"API":"/history","Error":{"code":-16,"message":"Could not authenticate the user","s":"error"}},"timestamp":"2026-06-30 07:38:36,169+0530","service":"FyersAPI"}
{"level":"ERROR","location":"[get_call:165] fyersModel","message":{"API":"/history","Error":{"code":-16,"message":"Could not authenticate the user","s":"error"}},"timestamp":"2026-06-30 07:38:38,914+0530","service":"FyersAPI"}
{"level":"ERROR","location":"[get_call:183] fyersModel","message":{"API":"/quotes","error":"Expecting value: line 1 column 1 (char 0)"},"timestamp":"2026-06-30 07:38:39,072+0530","service":"FyersAPI"}
{"level":"ERROR","location":"[get_call:165] fyersModel","message":{"API":"/history","Error":{"code":-16,"message":"Could not authenticate the user","s":"error"}},"timestamp":"2026-06-30 07:38:42,878+0530","service":"FyersAPI"}
{"level":"ERROR","location":"[get_call:165] fyersModel","message":{"API":"/history","Error":{"code":-16,"message":"Could not authenticate the user","s":"error"}},"timestamp":"2026-06-30 07:38:43,119+0530","service":"FyersAPI"}
{"level":"ERROR","location":"[get_call:165] fyersModel","message":{"API":"/history","Error":{"code":-16,"message":"Could not authenticate the user","s":"error"}},"timestamp":"2026-06-30 07:38:46,737+0530","service":"FyersAPI"}
{"level":"ERROR","location":"[get_call:165] fyersModel","message":{"API":"/history","Error":{"code":-16,"message":"Could not authenticate the user","s":"error"}},"timestamp":"2026-06-30 07:38:47,738+0530","service":"FyersAPI"}
{"level":"ERROR","location":"[get_call:165] fyersModel","message":{"API":"/history","Error":{"code":-16,"message":"Could not authenticate the user","s":"error"}},"timestamp":"2026-06-30 07:38:50,807+0530","service":"FyersAPI"}
{"level":"ERROR","location":"[get_call:183] fyersModel","message":{"API":"/quotes","error":"Expecting value: line 1 column 1 (char 0)"},"timestamp":"2026-06-30 07:38:50,927+0530","service":"FyersAPI"}
{"level":"ERROR","location":"[get_call:165] fyersModel","message":{"API":"/history","Error":{"code":-16,"message":"Could not authenticate the user","s":"error"}},"timestamp":"2026-06-30 07:38:51,629+0530","service":"FyersAPI"}
{"level":"ERROR","location":"[get_call:165] fyersModel","message":{"API":"/history","Error":{"code":-16,"message":"Could not authenticate the user","s":"error"}},"timestamp":"2026-06-30 07:38:56,684+0530","service":"FyersAPI"}
{"level":"ERROR","location":"[get_call:165] fyersModel","message":{"API":"/history","Error":{"code":-16,"message":"Could not authenticate the user","s":"error"}},"timestamp":"2026-06-30 07:38:56,908+0530","service":"FyersAPI"}
{"level":"ERROR","location":"[get_call:183] fyersModel","message":{"API":"/quotes","error":"Expecting value: line 1 column 1 (char 0)"},"timestamp":"2026-06-30 07:38:57,471+0530","service":"FyersAPI"}
{"level":"ERROR","location":"[get_call:165] fyersModel","message":{"API":"/history","Error":{"code":-16,"message":"Could not authenticate the user","s":"error"}},"timestamp":"2026-06-30 07:38:57,667+0530","service":"FyersAPI"}
{"level":"ERROR","location":"[get_call:165] fyersModel","message":{"API":"/history","Error":{"code":-16,"message":"Could not authenticate the user","s":"error"}},"timestamp":"2026-06-30 07:39:02,608+0530","service":"FyersAPI"}
{"level":"ERROR","location":"[get_call:183] fyersModel","message":{"API":"/quotes","error":"Expecting value: line 1 column 1 (char 0)"},"timestamp":"2026-06-30 07:39:02,907+0530","service":"FyersAPI"}
{"level":"ERROR","location":"[get_call:183] fyersModel","message":{"API":"/quotes","error":"Expecting value: line 1 column 1 (char 0)"},"timestamp":"2026-06-30 07:39:03,210+0530","service":"FyersAPI"}
{"level":"ERROR","location":"[get_call:165] fyersModel","message":{"API":"/history","Error":{"code":-16,"message":"Could not authenticate the user","s":"error"}},"timestamp":"2026-06-30 07:39:06,030+0530","service":"FyersAPI"}
{"level":"ERROR","location":"[get_call:165] fyersModel","message":{"API":"/history","Error":{"code":-16,"message":"Could not authenticate the user","s":"error"}},"timestamp":"2026-06-30 07:39:06,203+0530","service":"FyersAPI"}
{"level":"ERROR","location":"[get_call:165] fyersModel","message":{"API":"/history","Error":{"code":-16,"message":"Could not authenticate the user","s":"error"}},"timestamp":"2026-06-30 07:39:06,416+0530","service":"FyersAPI"}
{"level":"ERROR","location":"[get_call:165] fyersModel","message":{"API":"/history","Error":{"code":-16,"message":"Could not authenticate the user","s":"error"}},"timestamp":"2026-06-30 07:39:11,653+0530","service":"FyersAPI"}
{"level":"ERROR","location":"[get_call:165] fyersModel","message":{"API":"/history","Error":{"code":-16,"message":"Could not authenticate the user","s":"error"}},"timestamp":"2026-06-30 07:39:11,982+0530","service":"FyersAPI"}
{"level":"ERROR","location":"[get_call:165] fyersModel","message":{"API":"/history","Error":{"code":-16,"message":"Could not authenticate the user","s":"error"}},"timestamp":"2026-06-30 07:39:15,596+0530","service":"FyersAPI"}
{"level":"ERROR","location":"[get_call:165] fyersModel","message":{"API":"/history","Error":{"code":-16,"message":"Could not authenticate the user","s":"error"}},"timestamp":"2026-06-30 07:39:16,414+0530","service":"FyersAPI"}
{"level":"ERROR","location":"[get_call:165] fyersModel","message":{"API":"/history","Error":{"code":-16,"message":"Could not authenticate the user","s":"error"}},"timestamp":"2026-06-30 07:39:19,703+0530","service":"FyersAPI"}
{"level":"ERROR","location":"[get_call:183] fyersModel","message":{"API":"/quotes","error":"Expecting value: line 1 column 1 (char 0)"},"timestamp":"2026-06-30 07:39:20,035+0530","service":"FyersAPI"}
{"level":"ERROR","location":"[get_call:165] fyersModel","message":{"API":"/history","Error":{"code":-16,"message":"Could not authenticate the user","s":"error"}},"timestamp":"2026-06-30 07:39:22,843+0530","service":"FyersAPI"}
{"level":"ERROR","location":"[get_call:165] fyersModel","message":{"API":"/history","Error":{"code":-16,"message":"Could not authenticate the user","s":"error"}},"timestamp":"2026-06-30 07:39:26,758+0530","service":"FyersAPI"}
{"level":"ERROR","location":"[get_call:165] fyersModel","message":{"API":"/history","Error":{"code":-16,"message":"Could not authenticate the user","s":"error"}},"timestamp":"2026-06-30 07:39:27,131+0530","service":"FyersAPI"}
{"level":"ERROR","location":"[get_call:183] fyersModel","message":{"API":"/quotes","error":"Expecting value: line 1 column 1 (char 0)"},"timestamp":"2026-06-30 07:39:31,294+0530","service":"FyersAPI"}
{"level":"ERROR","location":"[get_call:165] fyersModel","message":{"API":"/history","Error":{"code":-16,"message":"Could not authenticate the user","s":"error"}},"timestamp":"2026-06-30 07:39:31,746+0530","service":"FyersAPI"}
{"level":"ERROR","location":"[get_call:165] fyersModel","message":{"API":"/history","Error":{"code":-16,"message":"Could not authenticate the user","s":"error"}},"timestamp":"2026-06-30 07:39:32,355+0530","service":"FyersAPI"}
{"level":"ERROR","location":"[get_call:165] fyersModel","message":{"API":"/history","Error":{"code":-16,"message":"Could not authenticate the user","s":"error"}},"timestamp":"2026-06-30 07:39:35,867+0530","service":"FyersAPI"}
{"level":"ERROR","location":"[get_call:165] fyersModel","message":{"API":"/history","Error":{"code":-16,"message":"Could not authenticate the user","s":"error"}},"timestamp":"2026-06-30 07:39:35,974+0530","service":"FyersAPI"}
{"level":"ERROR","location":"[get_call:165] fyersModel","message":{"API":"/history","Error":{"code":-16,"message":"Could not authenticate the user","s":"error"}},"timestamp":"2026-06-30 07:39:39,410+0530","service":"FyersAPI"}
{"level":"ERROR","location":"[get_call:183] fyersModel","message":{"API":"/quotes","error":"Expecting value: line 1 column 1 (char 0)"},"timestamp":"2026-06-30 07:39:39,578+0530","service":"FyersAPI"}
{"level":"ERROR","location":"[get_call:165] fyersModel","message":{"API":"/history","Error":{"code":-16,"message":"Could not authenticate the user","s":"error"}},"timestamp":"2026-06-30 07:39:39,600+0530","service":"FyersAPI"}
{"level":"ERROR","location":"[get_call:183] fyersModel","message":{"API":"/quotes","error":"Expecting value: line 1 column 1 (char 0)"},"timestamp":"2026-06-30 07:39:39,718+0530","service":"FyersAPI"}
{"level":"ERROR","location":"[get_call:165] fyersModel","message":{"API":"/history","Error":{"code":-16,"message":"Could not authenticate the user","s":"error"}},"timestamp":"2026-06-30 07:39:43,206+0530","service":"FyersAPI"}
{"level":"ERROR","location":"[get_call:165] fyersModel","message":{"API":"/history","Error":{"code":-16,"message":"Could not authenticate the user","s":"error"}},"timestamp":"2026-06-30 07:39:43,289+0530","service":"FyersAPI"}
{"level":"ERROR","location":"[get_call:165] fyersModel","message":{"API":"/history","Error":{"code":-16,"message":"Could not authenticate the user","s":"error"}},"timestamp":"2026-06-30 07:39:46,435+0530","service":"FyersAPI"}
{"level":"ERROR","location":"[get_call:183] fyersModel","message":{"API":"/quotes","error":"Expecting value: line 1 column 1 (char 0)"},"timestamp":"2026-06-30 07:39:46,666+0530","service":"FyersAPI"}
{"level":"ERROR","location":"[get_call:165] fyersModel","message":{"API":"/history","Error":{"code":-16,"message":"Could not authenticate the user","s":"error"}},"timestamp":"2026-06-30 07:39:46,728+0530","service":"FyersAPI"}
{"level":"ERROR","location":"[get_call:165] fyersModel","message":{"API":"/history","Error":{"code":-16,"message":"Could not authenticate the user","s":"error"}},"timestamp":"2026-06-30 07:39:49,898+0530","service":"FyersAPI"}
{"level":"ERROR","location":"[get_call:165] fyersModel","message":{"API":"/history","Error":{"code":-16,"message":"Could not authenticate the user","s":"error"}},"timestamp":"2026-06-30 07:39:49,969+0530","service":"FyersAPI"}
{"level":"ERROR","location":"[get_call:165] fyersModel","message":{"API":"/history","Error":{"code":-16,"message":"Could not authenticate the user","s":"error"}},"timestamp":"2026-06-30 07:39:53,346+0530","service":"FyersAPI"}
{"level":"ERROR","location":"[get_call:165] fyersModel","message":{"API":"/history","Error":{"code":-16,"message":"Could not authenticate the user","s":"error"}},"timestamp":"2026-06-30 07:39:53,600+0530","service":"FyersAPI"}
{"level":"ERROR","location":"[get_call:183] fyersModel","message":{"API":"/quotes","error":"Expecting value: line 1 column 1 (char 0)"},"timestamp":"2026-06-30 07:39:53,736+0530","service":"FyersAPI"}
{"level":"ERROR","location":"[get_call:165] fyersModel","message":{"API":"/history","Error":{"code":-16,"message":"Could not authenticate the user","s":"error"}},"timestamp":"2026-06-30 07:39:57,253+0530","service":"FyersAPI"}
{"level":"ERROR","location":"[get_call:165] fyersModel","message":{"API":"/history","Error":{"code":-16,"message":"Could not authenticate the user","s":"error"}},"timestamp":"2026-06-30 07:39:57,477+0530","service":"FyersAPI"}
{"level":"ERROR","location":"[get_call:165] fyersModel","message":{"API":"/history","Error":{"code":-16,"message":"Could not authenticate the user","s":"error"}},"timestamp":"2026-06-30 07:39:57,509+0530","service":"FyersAPI"}
{"level":"ERROR","location":"[get_call:165] fyersModel","message":{"API":"/history","Error":{"code":-16,"message":"Could not authenticate the user","s":"error"}},"timestamp":"2026-06-30 07:40:00,834+0530","service":"FyersAPI"}
{"level":"ERROR","location":"[get_call:183] fyersModel","message":{"API":"/quotes","error":"Expecting value: line 1 column 1 (char 0)"},"timestamp":"2026-06-30 07:40:01,146+0530","service":"FyersAPI"}
{"level":"ERROR","location":"[get_call:165] fyersModel","message":{"API":"/history","Error":{"code":-16,"message":"Could not authenticate the user","s":"error"}},"timestamp":"2026-06-30 07:40:01,325+0530","service":"FyersAPI"}
{"level":"ERROR","location":"[get_call:165] fyersModel","message":{"API":"/history","Error":{"code":-16,"message":"Could not authenticate the user","s":"error"}},"timestamp":"2026-06-30 07:40:01,383+0530","service":"FyersAPI"}
{"level":"ERROR","location":"[get_call:183] fyersModel","message":{"API":"/quotes","error":"Expecting value: line 1 column 1 (char 0)"},"timestamp":"2026-06-30 07:40:01,748+0530","service":"FyersAPI"}
{"level":"ERROR","location":"[get_call:165] fyersModel","message":{"API":"/history","Error":{"code":-16,"message":"Could not authenticate the user","s":"error"}},"timestamp":"2026-06-30 07:40:05,631+0530","service":"FyersAPI"}
{"level":"ERROR","location":"[get_call:165] fyersModel","message":{"API":"/history","Error":{"code":-16,"message":"Could not authenticate the user","s":"error"}},"timestamp":"2026-06-30 07:40:06,218+0530","service":"FyersAPI"}
{"level":"ERROR","location":"[get_call:165] fyersModel","message":{"API":"/history","Error":{"code":-16,"message":"Could not authenticate the user","s":"error"}},"timestamp":"2026-06-30 07:40:06,222+0530","service":"FyersAPI"}
{"level":"ERROR","location":"[get_call:165] fyersModel","message":{"API":"/history","Error":{"code":-16,"message":"Could not authenticate the user","s":"error"}},"timestamp":"2026-06-30 07:40:06,566+0530","service":"FyersAPI"}
{"level":"ERROR","location":"[get_call:165] fyersModel","message":{"API":"/history","Error":{"code":-16,"message":"Could not authenticate the user","s":"error"}},"timestamp":"2026-06-30 07:40:09,781+0530","service":"FyersAPI"}
{"level":"ERROR","location":"[get_call:165] fyersModel","message":{"API":"/history","Error":{"code":-16,"message":"Could not authenticate the user","s":"error"}},"timestamp":"2026-06-30 07:40:09,801+0530","service":"FyersAPI"}
{"level":"ERROR","location":"[get_call:183] fyersModel","message":{"API":"/quotes","error":"Expecting value: line 1 column 1 (char 0)"},"timestamp":"2026-06-30 07:40:09,986+0530","service":"FyersAPI"}
{"level":"ERROR","location":"[get_call:165] fyersModel","message":{"API":"/history","Error":{"code":-16,"message":"Could not authenticate the user","s":"error"}},"timestamp":"2026-06-30 07:40:14,035+0530","service":"FyersAPI"}
{"level":"ERROR","location":"[get_call:165] fyersModel","message":{"API":"/history","Error":{"code":-16,"message":"Could not authenticate the user","s":"error"}},"timestamp":"2026-06-30 07:40:14,130+0530","service":"FyersAPI"}
{"level":"ERROR","location":"[get_call:165] fyersModel","message":{"API":"/history","Error":{"code":-16,"message":"Could not authenticate the user","s":"error"}},"timestamp":"2026-06-30 07:40:14,556+0530","service":"FyersAPI"}
{"level":"ERROR","location":"[get_call:165] fyersModel","message":{"API":"/history","Error":{"code":-16,"message":"Could not authenticate the user","s":"error"}},"timestamp":"2026-06-30 07:40:15,298+0530","service":"FyersAPI"}
{"level":"ERROR","location":"[get_call:165] fyersModel","message":{"API":"/history","Error":{"code":-16,"message":"Could not authenticate the user","s":"error"}},"timestamp":"2026-06-30 07:40:17,548+0530","service":"FyersAPI"}
{"level":"ERROR","location":"[get_call:183] fyersModel","message":{"API":"/quotes","error":"Expecting value: line 1 column 1 (char 0)"},"timestamp":"2026-06-30 07:40:17,820+0530","service":"FyersAPI"}
{"level":"ERROR","location":"[get_call:165] fyersModel","message":{"API":"/history","Error":{"code":-16,"message":"Could not authenticate the user","s":"error"}},"timestamp":"2026-06-30 07:40:17,831+0530","service":"FyersAPI"}
{"level":"ERROR","location":"[get_call:165] fyersModel","message":{"API":"/history","Error":{"code":-16,"message":"Could not authenticate the user","s":"error"}},"timestamp":"2026-06-30 07:40:18,285+0530","service":"FyersAPI"}
{"level":"ERROR","location":"[get_call:165] fyersModel","message":{"API":"/history","Error":{"code":-16,"message":"Could not authenticate the user","s":"error"}},"timestamp":"2026-06-30 07:40:22,639+0530","service":"FyersAPI"}
{"level":"ERROR","location":"[get_call:165] fyersModel","message":{"API":"/history","Error":{"code":-16,"message":"Could not authenticate the user","s":"error"}},"timestamp":"2026-06-30 07:40:22,688+0530","service":"FyersAPI"}
{"level":"ERROR","location":"[get_call:165] fyersModel","message":{"API":"/history","Error":{"code":-16,"message":"Could not authenticate the user","s":"error"}},"timestamp":"2026-06-30 07:40:22,836+0530","service":"FyersAPI"}
{"level":"ERROR","location":"[get_call:183] fyersModel","message":{"API":"/quotes","error":"Expecting value: line 1 column 1 (char 0)"},"timestamp":"2026-06-30 07:40:23,504+0530","service":"FyersAPI"}
{"level":"ERROR","location":"[get_call:165] fyersModel","message":{"API":"/history","Error":{"code":-16,"message":"Could not authenticate the user","s":"error"}},"timestamp":"2026-06-30 07:40:27,611+0530","service":"FyersAPI"}
{"level":"ERROR","location":"[get_call:183] fyersModel","message":{"API":"/quotes","error":"Expecting value: line 1 column 1 (char 0)"},"timestamp":"2026-06-30 07:40:27,766+0530","service":"FyersAPI"}
{"level":"ERROR","location":"[get_call:165] fyersModel","message":{"API":"/history","Error":{"code":-16,"message":"Could not authenticate the user","s":"error"}},"timestamp":"2026-06-30 07:40:27,781+0530","service":"FyersAPI"}
{"level":"ERROR","location":"[get_call:165] fyersModel","message":{"API":"/history","Error":{"code":-16,"message":"Could not authenticate the user","s":"error"}},"timestamp":"2026-06-30 07:40:28,060+0530","service":"FyersAPI"}
{"level":"ERROR","location":"[get_call:165] fyersModel","message":{"API":"/history","Error":{"code":-16,"message":"Could not authenticate the user","s":"error"}},"timestamp":"2026-06-30 07:40:32,698+0530","service":"FyersAPI"}
{"level":"ERROR","location":"[get_call:165] fyersModel","message":{"API":"/history","Error":{"code":-16,"message":"Could not authenticate the user","s":"error"}},"timestamp":"2026-06-30 07:40:32,798+0530","service":"FyersAPI"}
{"level":"ERROR","location":"[get_call:165] fyersModel","message":{"API":"/history","Error":{"code":-16,"message":"Could not authenticate the user","s":"error"}},"timestamp":"2026-06-30 07:40:33,356+0530","service":"FyersAPI"}
{"level":"ERROR","location":"[get_call:165] fyersModel","message":{"API":"/history","Error":{"code":-16,"message":"Could not authenticate the user","s":"error"}},"timestamp":"2026-06-30 07:40:36,590+0530","service":"FyersAPI"}
{"level":"ERROR","location":"[get_call:165] fyersModel","message":{"API":"/history","Error":{"code":-16,"message":"Could not authenticate the user","s":"error"}},"timestamp":"2026-06-30 07:40:36,607+0530","service":"FyersAPI"}
{"level":"ERROR","location":"[get_call:183] fyersModel","message":{"API":"/quotes","error":"Expecting value: line 1 column 1 (char 0)"},"timestamp":"2026-06-30 07:40:36,654+0530","service":"FyersAPI"}
{"level":"ERROR","location":"[get_call:165] fyersModel","message":{"API":"/history","Error":{"code":-16,"message":"Could not authenticate the user","s":"error"}},"timestamp":"2026-06-30 07:40:42,668+0530","service":"FyersAPI"}
{"level":"ERROR","location":"[get_call:165] fyersModel","message":{"API":"/history","Error":{"code":-16,"message":"Could not authenticate the user","s":"error"}},"timestamp":"2026-06-30 07:40:42,691+0530","service":"FyersAPI"}
{"level":"ERROR","location":"[get_call:165] fyersModel","message":{"API":"/history","Error":{"code":-16,"message":"Could not authenticate the user","s":"error"}},"timestamp":"2026-06-30 07:40:52,060+0530","service":"FyersAPI"}
{"level":"ERROR","location":"[get_call:183] fyersModel","message":{"API":"/quotes","error":"Expecting value: line 1 column 1 (char 0)"},"timestamp":"2026-06-30 07:40:52,451+0530","service":"FyersAPI"}
{"level":"ERROR","location":"[get_call:183] fyersModel","message":{"API":"/quotes","error":"Expecting value: line 1 column 1 (char 0)"},"timestamp":"2026-06-30 07:40:52,899+0530","service":"FyersAPI"}
{"level":"ERROR","location":"[get_call:165] fyersModel","message":{"API":"/history","Error":{"code":-16,"message":"Could not authenticate the user","s":"error"}},"timestamp":"2026-06-30 07:40:53,222+0530","service":"FyersAPI"}
{"level":"ERROR","location":"[get_call:165] fyersModel","message":{"API":"/history","Error":{"code":-16,"message":"Could not authenticate the user","s":"error"}},"timestamp":"2026-06-30 07:40:55,795+0530","service":"FyersAPI"}
{"level":"ERROR","location":"[get_call:165] fyersModel","message":{"API":"/history","Error":{"code":-16,"message":"Could not authenticate the user","s":"error"}},"timestamp":"2026-06-30 07:40:56,580+0530","service":"FyersAPI"}
{"level":"ERROR","location":"[get_call:165] fyersModel","message":{"API":"/history","Error":{"code":-16,"message":"Could not authenticate the user","s":"error"}},"timestamp":"2026-06-30 07:40:58,296+0530","service":"FyersAPI"}
{"level":"ERROR","location":"[get_call:183] fyersModel","message":{"API":"/quotes","error":"Expecting value: line 1 column 1 (char 0)"},"timestamp":"2026-06-30 07:40:58,809+0530","service":"FyersAPI"}
{"level":"ERROR","location":"[get_call:165] fyersModel","message":{"API":"/history","Error":{"code":-16,"message":"Could not authenticate the user","s":"error"}},"timestamp":"2026-06-30 07:40:58,864+0530","service":"FyersAPI"}
{"level":"ERROR","location":"[get_call:165] fyersModel","message":{"API":"/history","Error":{"code":-16,"message":"Could not authenticate the user","s":"error"}},"timestamp":"2026-06-30 07:40:58,866+0530","service":"FyersAPI"}
{"level":"ERROR","location":"[get_call:165] fyersModel","message":{"API":"/history","Error":{"code":-16,"message":"Could not authenticate the user","s":"error"}},"timestamp":"2026-06-30 07:41:04,749+0530","service":"FyersAPI"}
{"level":"ERROR","location":"[get_call:165] fyersModel","message":{"API":"/history","Error":{"code":-16,"message":"Could not authenticate the user","s":"error"}},"timestamp":"2026-06-30 07:41:04,938+0530","service":"FyersAPI"}
{"level":"ERROR","location":"[get_call:165] fyersModel","message":{"API":"/history","Error":{"code":-16,"message":"Could not authenticate the user","s":"error"}},"timestamp":"2026-06-30 07:41:05,243+0530","service":"FyersAPI"}
{"level":"ERROR","location":"[get_call:165] fyersModel","message":{"API":"/history","Error":{"code":-16,"message":"Could not authenticate the user","s":"error"}},"timestamp":"2026-06-30 07:41:09,426+0530","service":"FyersAPI"}
{"level":"ERROR","location":"[get_call:183] fyersModel","message":{"API":"/quotes","error":"Expecting value: line 1 column 1 (char 0)"},"timestamp":"2026-06-30 07:41:09,588+0530","service":"FyersAPI"}
{"level":"ERROR","location":"[get_call:165] fyersModel","message":{"API":"/history","Error":{"code":-16,"message":"Could not authenticate the user","s":"error"}},"timestamp":"2026-06-30 07:41:10,211+0530","service":"FyersAPI"}
{"level":"ERROR","location":"[get_call:165] fyersModel","message":{"API":"/history","Error":{"code":-16,"message":"Could not authenticate the user","s":"error"}},"timestamp":"2026-06-30 07:41:12,743+0530","service":"FyersAPI"}
{"level":"ERROR","location":"[get_call:165] fyersModel","message":{"API":"/history","Error":{"code":-16,"message":"Could not authenticate the user","s":"error"}},"timestamp":"2026-06-30 07:41:12,836+0530","service":"FyersAPI"}
{"level":"ERROR","location":"[get_call:183] fyersModel","message":{"API":"/quotes","error":"Expecting value: line 1 column 1 (char 0)"},"timestamp":"2026-06-30 07:41:13,480+0530","service":"FyersAPI"}
{"level":"ERROR","location":"[get_call:165] fyersModel","message":{"API":"/history","Error":{"code":-16,"message":"Could not authenticate the user","s":"error"}},"timestamp":"2026-06-30 07:41:13,553+0530","service":"FyersAPI"}
{"level":"ERROR","location":"[get_call:165] fyersModel","message":{"API":"/history","Error":{"code":-16,"message":"Could not authenticate the user","s":"error"}},"timestamp":"2026-06-30 07:41:18,126+0530","service":"FyersAPI"}
{"level":"ERROR","location":"[get_call:165] fyersModel","message":{"API":"/history","Error":{"code":-16,"message":"Could not authenticate the user","s":"error"}},"timestamp":"2026-06-30 07:41:18,198+0530","service":"FyersAPI"}
{"level":"ERROR","location":"[get_call:165] fyersModel","message":{"API":"/history","Error":{"code":-16,"message":"Could not authenticate the user","s":"error"}},"timestamp":"2026-06-30 07:41:18,316+0530","service":"FyersAPI"}
{"level":"ERROR","location":"[get_call:183] fyersModel","message":{"API":"/quotes","error":"Expecting value: line 1 column 1 (char 0)"},"timestamp":"2026-06-30 07:41:18,370+0530","service":"FyersAPI"}
{"level":"ERROR","location":"[get_call:165] fyersModel","message":{"API":"/history","Error":{"code":-16,"message":"Could not authenticate the user","s":"error"}},"timestamp":"2026-06-30 07:41:23,567+0530","service":"FyersAPI"}
{"level":"ERROR","location":"[get_call:165] fyersModel","message":{"API":"/history","Error":{"code":-16,"message":"Could not authenticate the user","s":"error"}},"timestamp":"2026-06-30 07:41:23,616+0530","service":"FyersAPI"}
{"level":"ERROR","location":"[get_call:183] fyersModel","message":{"API":"/quotes","error":"Expecting value: line 1 column 1 (char 0)"},"timestamp":"2026-06-30 07:41:23,736+0530","service":"FyersAPI"}
{"level":"ERROR","location":"[get_call:165] fyersModel","message":{"API":"/history","Error":{"code":-16,"message":"Could not authenticate the user","s":"error"}},"timestamp":"2026-06-30 07:41:24,281+0530","service":"FyersAPI"}
{"level":"ERROR","location":"[get_call:165] fyersModel","message":{"API":"/history","Error":{"code":-16,"message":"Could not authenticate the user","s":"error"}},"timestamp":"2026-06-30 07:41:26,348+0530","service":"FyersAPI"}
{"level":"ERROR","location":"[get_call:165] fyersModel","message":{"API":"/history","Error":{"code":-16,"message":"Could not authenticate the user","s":"error"}},"timestamp":"2026-06-30 07:41:31,364+0530","service":"FyersAPI"}
{"level":"ERROR","location":"[get_call:165] fyersModel","message":{"API":"/history","Error":{"code":-16,"message":"Could not authenticate the user","s":"error"}},"timestamp":"2026-06-30 07:41:31,388+0530","service":"FyersAPI"}
{"level":"ERROR","location":"[get_call:183] fyersModel","message":{"API":"/quotes","error":"Expecting value: line 1 column 1 (char 0)"},"timestamp":"2026-06-30 07:41:31,521+0530","service":"FyersAPI"}
{"level":"ERROR","location":"[get_call:165] fyersModel","message":{"API":"/history","Error":{"code":-16,"message":"Could not authenticate the user","s":"error"}},"timestamp":"2026-06-30 07:41:31,938+0530","service":"FyersAPI"}
{"level":"ERROR","location":"[get_call:165] fyersModel","message":{"API":"/history","Error":{"code":-16,"message":"Could not authenticate the user","s":"error"}},"timestamp":"2026-06-30 07:41:36,159+0530","service":"FyersAPI"}
{"level":"ERROR","location":"[get_call:183] fyersModel","message":{"API":"/quotes","error":"Expecting value: line 1 column 1 (char 0)"},"timestamp":"2026-06-30 07:41:36,570+0530","service":"FyersAPI"}
{"level":"ERROR","location":"[get_call:165] fyersModel","message":{"API":"/history","Error":{"code":-16,"message":"Could not authenticate the user","s":"error"}},"timestamp":"2026-06-30 07:41:36,630+0530","service":"FyersAPI"}
{"level":"ERROR","location":"[get_call:165] fyersModel","message":{"API":"/history","Error":{"code":-16,"message":"Could not authenticate the user","s":"error"}},"timestamp":"2026-06-30 07:41:37,187+0530","service":"FyersAPI"}
{"level":"ERROR","location":"[get_call:165] fyersModel","message":{"API":"/history","Error":{"code":-16,"message":"Could not authenticate the user","s":"error"}},"timestamp":"2026-06-30 07:41:37,309+0530","service":"FyersAPI"}
{"level":"ERROR","location":"[get_call:165] fyersModel","message":{"API":"/history","Error":{"code":-16,"message":"Could not authenticate the user","s":"error"}},"timestamp":"2026-06-30 07:41:41,410+0530","service":"FyersAPI"}
{"level":"ERROR","location":"[get_call:165] fyersModel","message":{"API":"/history","Error":{"code":-16,"message":"Could not authenticate the user","s":"error"}},"timestamp":"2026-06-30 07:41:41,684+0530","service":"FyersAPI"}
{"level":"ERROR","location":"[get_call:165] fyersModel","message":{"API":"/history","Error":{"code":-16,"message":"Could not authenticate the user","s":"error"}},"timestamp":"2026-06-30 07:41:41,795+0530","service":"FyersAPI"}
{"level":"ERROR","location":"[get_call:183] fyersModel","message":{"API":"/quotes","error":"Expecting value: line 1 column 1 (char 0)"},"timestamp":"2026-06-30 07:41:42,183+0530","service":"FyersAPI"}
{"level":"ERROR","location":"[get_call:165] fyersModel","message":{"API":"/history","Error":{"code":-16,"message":"Could not authenticate the user","s":"error"}},"timestamp":"2026-06-30 07:41:47,004+0530","service":"FyersAPI"}
{"level":"ERROR","location":"[get_call:165] fyersModel","message":{"API":"/history","Error":{"code":-16,"message":"Could not authenticate the user","s":"error"}},"timestamp":"2026-06-30 07:41:47,097+0530","service":"FyersAPI"}
{"level":"ERROR","location":"[get_call:183] fyersModel","message":{"API":"/quotes","error":"Expecting value: line 1 column 1 (char 0)"},"timestamp":"2026-06-30 07:41:47,283+0530","service":"FyersAPI"}
{"level":"ERROR","location":"[get_call:165] fyersModel","message":{"API":"/history","Error":{"code":-16,"message":"Could not authenticate the user","s":"error"}},"timestamp":"2026-06-30 07:41:47,400+0530","service":"FyersAPI"}
{"level":"ERROR","location":"[get_call:165] fyersModel","message":{"API":"/history","Error":{"code":-16,"message":"Could not authenticate the user","s":"error"}},"timestamp":"2026-06-30 07:41:51,796+0530","service":"FyersAPI"}
{"level":"ERROR","location":"[get_call:165] fyersModel","message":{"API":"/history","Error":{"code":-16,"message":"Could not authenticate the user","s":"error"}},"timestamp":"2026-06-30 07:41:51,975+0530","service":"FyersAPI"}
{"level":"ERROR","location":"[get_call:165] fyersModel","message":{"API":"/history","Error":{"code":-16,"message":"Could not authenticate the user","s":"error"}},"timestamp":"2026-06-30 07:41:52,910+0530","service":"FyersAPI"}
{"level":"ERROR","location":"[get_call:165] fyersModel","message":{"API":"/history","Error":{"code":-16,"message":"Could not authenticate the user","s":"error"}},"timestamp":"2026-06-30 07:41:56,553+0530","service":"FyersAPI"}
{"level":"ERROR","location":"[get_call:165] fyersModel","message":{"API":"/history","Error":{"code":-16,"message":"Could not authenticate the user","s":"error"}},"timestamp":"2026-06-30 07:41:56,758+0530","service":"FyersAPI"}
{"level":"ERROR","location":"[get_call:183] fyersModel","message":{"API":"/quotes","error":"Expecting value: line 1 column 1 (char 0)"},"timestamp":"2026-06-30 07:41:57,480+0530","service":"FyersAPI"}
{"level":"ERROR","location":"[get_call:165] fyersModel","message":{"API":"/history","Error":{"code":-16,"message":"Could not authenticate the user","s":"error"}},"timestamp":"2026-06-30 07:42:00,630+0530","service":"FyersAPI"}
{"level":"ERROR","location":"[get_call:165] fyersModel","message":{"API":"/history","Error":{"code":-16,"message":"Could not authenticate the user","s":"error"}},"timestamp":"2026-06-30 07:42:00,634+0530","service":"FyersAPI"}
{"level":"ERROR","location":"[get_call:165] fyersModel","message":{"API":"/history","Error":{"code":-16,"message":"Could not authenticate the user","s":"error"}},"timestamp":"2026-06-30 07:42:04,799+0530","service":"FyersAPI"}
{"level":"ERROR","location":"[get_call:183] fyersModel","message":{"API":"/quotes","error":"Expecting value: line 1 column 1 (char 0)"},"timestamp":"2026-06-30 07:42:04,828+0530","service":"FyersAPI"}
{"level":"ERROR","location":"[get_call:165] fyersModel","message":{"API":"/history","Error":{"code":-16,"message":"Could not authenticate the user","s":"error"}},"timestamp":"2026-06-30 07:42:04,840+0530","service":"FyersAPI"}
{"level":"ERROR","location":"[get_call:165] fyersModel","message":{"API":"/history","Error":{"code":-16,"message":"Could not authenticate the user","s":"error"}},"timestamp":"2026-06-30 07:42:06,899+0530","service":"FyersAPI"}
{"level":"ERROR","location":"[get_call:165] fyersModel","message":{"API":"/history","Error":{"code":-16,"message":"Could not authenticate the user","s":"error"}},"timestamp":"2026-06-30 07:42:06,935+0530","service":"FyersAPI"}
{"level":"ERROR","location":"[get_call:165] fyersModel","message":{"API":"/history","Error":{"code":-16,"message":"Could not authenticate the user","s":"error"}},"timestamp":"2026-06-30 07:42:06,970+0530","service":"FyersAPI"}
{"level":"ERROR","location":"[get_call:183] fyersModel","message":{"API":"/quotes","error":"Expecting value: line 1 column 1 (char 0)"},"timestamp":"2026-06-30 07:42:06,974+0530","service":"FyersAPI"}
{"level":"ERROR","location":"[get_call:165] fyersModel","message":{"API":"/history","Error":{"code":-16,"message":"Could not authenticate the user","s":"error"}},"timestamp":"2026-06-30 07:42:09,119+0530","service":"FyersAPI"}
{"level":"ERROR","location":"[get_call:183] fyersModel","message":{"API":"/quotes","error":"Expecting value: line 1 column 1 (char 0)"},"timestamp":"2026-06-30 07:42:09,179+0530","service":"FyersAPI"}
{"level":"ERROR","location":"[get_call:165] fyersModel","message":{"API":"/history","Error":{"code":-16,"message":"Could not authenticate the user","s":"error"}},"timestamp":"2026-06-30 07:42:09,186+0530","service":"FyersAPI"}
{"level":"ERROR","location":"[get_call:165] fyersModel","message":{"API":"/history","Error":{"code":-16,"message":"Could not authenticate the user","s":"error"}},"timestamp":"2026-06-30 07:42:10,395+0530","service":"FyersAPI"}
{"level":"ERROR","location":"[get_call:165] fyersModel","message":{"API":"/history","Error":{"code":-16,"message":"Could not authenticate the user","s":"error"}},"timestamp":"2026-06-30 07:42:10,959+0530","service":"FyersAPI"}
{"level":"ERROR","location":"[get_call:165] fyersModel","message":{"API":"/history","Error":{"code":-16,"message":"Could not authenticate the user","s":"error"}},"timestamp":"2026-06-30 07:42:10,987+0530","service":"FyersAPI"}
{"level":"ERROR","location":"[get_call:165] fyersModel","message":{"API":"/history","Error":{"code":-16,"message":"Could not authenticate the user","s":"error"}},"timestamp":"2026-06-30 07:42:12,639+0530","service":"FyersAPI"}
{"level":"ERROR","location":"[get_call:165] fyersModel","message":{"API":"/history","Error":{"code":-16,"message":"Could not authenticate the user","s":"error"}},"timestamp":"2026-06-30 07:42:12,698+0530","service":"FyersAPI"}
{"level":"ERROR","location":"[get_call:165] fyersModel","message":{"API":"/history","Error":{"code":-16,"message":"Could not authenticate the user","s":"error"}},"timestamp":"2026-06-30 07:42:12,733+0530","service":"FyersAPI"}
{"level":"ERROR","location":"[get_call:165] fyersModel","message":{"API":"/history","Error":{"code":-16,"message":"Could not authenticate the user","s":"error"}},"timestamp":"2026-06-30 07:42:13,144+0530","service":"FyersAPI"}
{"level":"ERROR","location":"[get_call:165] fyersModel","message":{"API":"/history","Error":{"code":-16,"message":"Could not authenticate the user","s":"error"}},"timestamp":"2026-06-30 07:42:15,981+0530","service":"FyersAPI"}
{"level":"ERROR","location":"[get_call:165] fyersModel","message":{"API":"/history","Error":{"code":-16,"message":"Could not authenticate the user","s":"error"}},"timestamp":"2026-06-30 07:42:16,132+0530","service":"FyersAPI"}
{"level":"ERROR","location":"[get_call:183] fyersModel","message":{"API":"/quotes","error":"Expecting value: line 1 column 1 (char 0)"},"timestamp":"2026-06-30 07:42:16,432+0530","service":"FyersAPI"}
{"level":"ERROR","location":"[get_call:165] fyersModel","message":{"API":"/history","Error":{"code":-16,"message":"Could not authenticate the user","s":"error"}},"timestamp":"2026-06-30 07:42:16,748+0530","service":"FyersAPI"}
{"level":"ERROR","location":"[get_call:165] fyersModel","message":{"API":"/history","Error":{"code":-16,"message":"Could not authenticate the user","s":"error"}},"timestamp":"2026-06-30 07:42:21,205+0530","service":"FyersAPI"}
{"level":"ERROR","location":"[get_call:165] fyersModel","message":{"API":"/history","Error":{"code":-16,"message":"Could not authenticate the user","s":"error"}},"timestamp":"2026-06-30 07:42:22,198+0530","service":"FyersAPI"}
{"level":"ERROR","location":"[get_call:165] fyersModel","message":{"API":"/history","Error":{"code":-16,"message":"Could not authenticate the user","s":"error"}},"timestamp":"2026-06-30 07:42:22,201+0530","service":"FyersAPI"}
{"level":"ERROR","location":"[get_call:165] fyersModel","message":{"API":"/history","Error":{"code":-16,"message":"Could not authenticate the user","s":"error"}},"timestamp":"2026-06-30 07:42:25,789+0530","service":"FyersAPI"}
{"level":"ERROR","location":"[get_call:165] fyersModel","message":{"API":"/history","Error":{"code":-16,"message":"Could not authenticate the user","s":"error"}},"timestamp":"2026-06-30 07:42:25,944+0530","service":"FyersAPI"}
{"level":"ERROR","location":"[get_call:183] fyersModel","message":{"API":"/quotes","error":"Expecting value: line 1 column 1 (char 0)"},"timestamp":"2026-06-30 07:42:25,956+0530","service":"FyersAPI"}
{"level":"ERROR","location":"[get_call:165] fyersModel","message":{"API":"/history","Error":{"code":-16,"message":"Could not authenticate the user","s":"error"}},"timestamp":"2026-06-30 07:42:25,997+0530","service":"FyersAPI"}
{"level":"ERROR","location":"[get_call:183] fyersModel","message":{"API":"/quotes","error":"Expecting value: line 1 column 1 (char 0)"},"timestamp":"2026-06-30 07:42:26,115+0530","service":"FyersAPI"}
{"level":"ERROR","location":"[get_call:165] fyersModel","message":{"API":"/history","Error":{"code":-16,"message":"Could not authenticate the user","s":"error"}},"timestamp":"2026-06-30 07:42:26,548+0530","service":"FyersAPI"}
{"level":"ERROR","location":"[get_call:165] fyersModel","message":{"API":"/history","Error":{"code":-16,"message":"Could not authenticate the user","s":"error"}},"timestamp":"2026-06-30 07:42:30,594+0530","service":"FyersAPI"}
{"level":"ERROR","location":"[get_call:183] fyersModel","message":{"API":"/quotes","error":"Expecting value: line 1 column 1 (char 0)"},"timestamp":"2026-06-30 07:42:30,838+0530","service":"FyersAPI"}
{"level":"ERROR","location":"[get_call:165] fyersModel","message":{"API":"/history","Error":{"code":-16,"message":"Could not authenticate the user","s":"error"}},"timestamp":"2026-06-30 07:42:31,067+0530","service":"FyersAPI"}
{"level":"ERROR","location":"[get_call:165] fyersModel","message":{"API":"/history","Error":{"code":-16,"message":"Could not authenticate the user","s":"error"}},"timestamp":"2026-06-30 07:42:31,354+0530","service":"FyersAPI"}
{"level":"ERROR","location":"[get_call:165] fyersModel","message":{"API":"/history","Error":{"code":-16,"message":"Could not authenticate the user","s":"error"}},"timestamp":"2026-06-30 07:42:36,279+0530","service":"FyersAPI"}
{"level":"ERROR","location":"[get_call:165] fyersModel","message":{"API":"/history","Error":{"code":-16,"message":"Could not authenticate the user","s":"error"}},"timestamp":"2026-06-30 07:42:36,412+0530","service":"FyersAPI"}
{"level":"ERROR","location":"[get_call:165] fyersModel","message":{"API":"/history","Error":{"code":-16,"message":"Could not authenticate the user","s":"error"}},"timestamp":"2026-06-30 07:42:36,557+0530","service":"FyersAPI"}
{"level":"ERROR","location":"[get_call:165] fyersModel","message":{"API":"/history","Error":{"code":-16,"message":"Could not authenticate the user","s":"error"}},"timestamp":"2026-06-30 07:42:41,979+0530","service":"FyersAPI"}
{"level":"ERROR","location":"[get_call:165] fyersModel","message":{"API":"/history","Error":{"code":-16,"message":"Could not authenticate the user","s":"error"}},"timestamp":"2026-06-30 07:42:42,607+0530","service":"FyersAPI"}
{"level":"ERROR","location":"[get_call:165] fyersModel","message":{"API":"/history","Error":{"code":-16,"message":"Could not authenticate the user","s":"error"}},"timestamp":"2026-06-30 07:42:45,711+0530","service":"FyersAPI"}
{"level":"ERROR","location":"[get_call:165] fyersModel","message":{"API":"/history","Error":{"code":-16,"message":"Could not authenticate the user","s":"error"}},"timestamp":"2026-06-30 07:42:45,902+0530","service":"FyersAPI"}
{"level":"ERROR","location":"[get_call:165] fyersModel","message":{"API":"/history","Error":{"code":-16,"message":"Could not authenticate the user","s":"error"}},"timestamp":"2026-06-30 07:42:48,859+0530","service":"FyersAPI"}
{"level":"ERROR","location":"[get_call:183] fyersModel","message":{"API":"/quotes","error":"Expecting value: line 1 column 1 (char 0)"},"timestamp":"2026-06-30 07:42:49,184+0530","service":"FyersAPI"}
{"level":"ERROR","location":"[get_call:165] fyersModel","message":{"API":"/history","Error":{"code":-16,"message":"Could not authenticate the user","s":"error"}},"timestamp":"2026-06-30 07:42:51,755+0530","service":"FyersAPI"}
{"level":"ERROR","location":"[get_call:165] fyersModel","message":{"API":"/history","Error":{"code":-16,"message":"Could not authenticate the user","s":"error"}},"timestamp":"2026-06-30 07:42:52,308+0530","service":"FyersAPI"}
{"level":"ERROR","location":"[get_call:165] fyersModel","message":{"API":"/history","Error":{"code":-16,"message":"Could not authenticate the user","s":"error"}},"timestamp":"2026-06-30 07:42:52,488+0530","service":"FyersAPI"}
{"level":"ERROR","location":"[get_call:165] fyersModel","message":{"API":"/history","Error":{"code":-16,"message":"Could not authenticate the user","s":"error"}},"timestamp":"2026-06-30 07:42:56,752+0530","service":"FyersAPI"}
{"level":"ERROR","location":"[get_call:183] fyersModel","message":{"API":"/quotes","error":"Expecting value: line 1 column 1 (char 0)"},"timestamp":"2026-06-30 07:42:57,075+0530","service":"FyersAPI"}
{"level":"ERROR","location":"[get_call:165] fyersModel","message":{"API":"/history","Error":{"code":-16,"message":"Could not authenticate the user","s":"error"}},"timestamp":"2026-06-30 07:42:57,667+0530","service":"FyersAPI"}
{"level":"ERROR","location":"[get_call:165] fyersModel","message":{"API":"/history","Error":{"code":-16,"message":"Could not authenticate the user","s":"error"}},"timestamp":"2026-06-30 07:43:00,848+0530","service":"FyersAPI"}
{"level":"ERROR","location":"[get_call:165] fyersModel","message":{"API":"/history","Error":{"code":-16,"message":"Could not authenticate the user","s":"error"}},"timestamp":"2026-06-30 07:43:01,017+0530","service":"FyersAPI"}
{"level":"ERROR","location":"[get_call:183] fyersModel","message":{"API":"/quotes","error":"Expecting value: line 1 column 1 (char 0)"},"timestamp":"2026-06-30 07:43:05,020+0530","service":"FyersAPI"}
{"level":"ERROR","location":"[get_call:165] fyersModel","message":{"API":"/history","Error":{"code":-16,"message":"Could not authenticate the user","s":"error"}},"timestamp":"2026-06-30 07:43:05,236+0530","service":"FyersAPI"}
{"level":"ERROR","location":"[get_call:183] fyersModel","message":{"API":"/quotes","error":"Expecting value: line 1 column 1 (char 0)"},"timestamp":"2026-06-30 07:43:05,560+0530","service":"FyersAPI"}
{"level":"ERROR","location":"[get_call:165] fyersModel","message":{"API":"/history","Error":{"code":-16,"message":"Could not authenticate the user","s":"error"}},"timestamp":"2026-06-30 07:43:05,682+0530","service":"FyersAPI"}
{"level":"ERROR","location":"[get_call:165] fyersModel","message":{"API":"/history","Error":{"code":-16,"message":"Could not authenticate the user","s":"error"}},"timestamp":"2026-06-30 07:43:05,821+0530","service":"FyersAPI"}
{"level":"ERROR","location":"[get_call:165] fyersModel","message":{"API":"/history","Error":{"code":-16,"message":"Could not authenticate the user","s":"error"}},"timestamp":"2026-06-30 07:43:08,133+0530","service":"FyersAPI"}
{"level":"ERROR","location":"[get_call:165] fyersModel","message":{"API":"/history","Error":{"code":-16,"message":"Could not authenticate the user","s":"error"}},"timestamp":"2026-06-30 07:43:08,177+0530","service":"FyersAPI"}
{"level":"ERROR","location":"[get_call:183] fyersModel","message":{"API":"/quotes","error":"Expecting value: line 1 column 1 (char 0)"},"timestamp":"2026-06-30 07:43:08,374+0530","service":"FyersAPI"}
{"level":"ERROR","location":"[get_call:165] fyersModel","message":{"API":"/history","Error":{"code":-16,"message":"Could not authenticate the user","s":"error"}},"timestamp":"2026-06-30 07:43:14,981+0530","service":"FyersAPI"}
{"level":"ERROR","location":"[get_call:165] fyersModel","message":{"API":"/history","Error":{"code":-16,"message":"Could not authenticate the user","s":"error"}},"timestamp":"2026-06-30 07:43:15,336+0530","service":"FyersAPI"}
{"level":"ERROR","location":"[get_call:165] fyersModel","message":{"API":"/history","Error":{"code":-16,"message":"Could not authenticate the user","s":"error"}},"timestamp":"2026-06-30 07:43:15,636+0530","service":"FyersAPI"}
{"level":"ERROR","location":"[get_call:165] fyersModel","message":{"API":"/history","Error":{"code":-16,"message":"Could not authenticate the user","s":"error"}},"timestamp":"2026-06-30 07:43:20,119+0530","service":"FyersAPI"}
{"level":"ERROR","location":"[get_call:165] fyersModel","message":{"API":"/history","Error":{"code":-16,"message":"Could not authenticate the user","s":"error"}},"timestamp":"2026-06-30 07:43:20,856+0530","service":"FyersAPI"}
{"level":"ERROR","location":"[get_call:165] fyersModel","message":{"API":"/history","Error":{"code":-16,"message":"Could not authenticate the user","s":"error"}},"timestamp":"2026-06-30 07:43:23,325+0530","service":"FyersAPI"}
{"level":"ERROR","location":"[get_call:165] fyersModel","message":{"API":"/history","Error":{"code":-16,"message":"Could not authenticate the user","s":"error"}},"timestamp":"2026-06-30 07:43:23,817+0530","service":"FyersAPI"}
{"level":"ERROR","location":"[get_call:165] fyersModel","message":{"API":"/history","Error":{"code":-16,"message":"Could not authenticate the user","s":"error"}},"timestamp":"2026-06-30 07:43:23,836+0530","service":"FyersAPI"}
{"level":"ERROR","location":"[get_call:183] fyersModel","message":{"API":"/quotes","error":"Expecting value: line 1 column 1 (char 0)"},"timestamp":"2026-06-30 07:43:23,848+0530","service":"FyersAPI"}
{"level":"ERROR","location":"[get_call:165] fyersModel","message":{"API":"/history","Error":{"code":-16,"message":"Could not authenticate the user","s":"error"}},"timestamp":"2026-06-30 07:43:24,177+0530","service":"FyersAPI"}
{"level":"ERROR","location":"[get_call:165] fyersModel","message":{"API":"/history","Error":{"code":-16,"message":"Could not authenticate the user","s":"error"}},"timestamp":"2026-06-30 07:43:27,896+0530","service":"FyersAPI"}
{"level":"ERROR","location":"[get_call:183] fyersModel","message":{"API":"/quotes","error":"Expecting value: line 1 column 1 (char 0)"},"timestamp":"2026-06-30 07:43:28,435+0530","service":"FyersAPI"}
{"level":"ERROR","location":"[get_call:165] fyersModel","message":{"API":"/history","Error":{"code":-16,"message":"Could not authenticate the user","s":"error"}},"timestamp":"2026-06-30 07:43:28,528+0530","service":"FyersAPI"}
{"level":"ERROR","location":"[get_call:165] fyersModel","message":{"API":"/history","Error":{"code":-16,"message":"Could not authenticate the user","s":"error"}},"timestamp":"2026-06-30 07:43:28,870+0530","service":"FyersAPI"}
{"level":"ERROR","location":"[get_call:183] fyersModel","message":{"API":"/quotes","error":"Expecting value: line 1 column 1 (char 0)"},"timestamp":"2026-06-30 07:43:32,411+0530","service":"FyersAPI"}
{"level":"ERROR","location":"[get_call:165] fyersModel","message":{"API":"/history","Error":{"code":-16,"message":"Could not authenticate the user","s":"error"}},"timestamp":"2026-06-30 07:43:32,467+0530","service":"FyersAPI"}
{"level":"ERROR","location":"[get_call:165] fyersModel","message":{"API":"/history","Error":{"code":-16,"message":"Could not authenticate the user","s":"error"}},"timestamp":"2026-06-30 07:43:33,147+0530","service":"FyersAPI"}
{"level":"ERROR","location":"[get_call:165] fyersModel","message":{"API":"/history","Error":{"code":-16,"message":"Could not authenticate the user","s":"error"}},"timestamp":"2026-06-30 07:43:36,603+0530","service":"FyersAPI"}
{"level":"ERROR","location":"[get_call:165] fyersModel","message":{"API":"/history","Error":{"code":-16,"message":"Could not authenticate the user","s":"error"}},"timestamp":"2026-06-30 07:43:36,717+0530","service":"FyersAPI"}
{"level":"ERROR","location":"[get_call:165] fyersModel","message":{"API":"/history","Error":{"code":-16,"message":"Could not authenticate the user","s":"error"}},"timestamp":"2026-06-30 07:43:39,720+0530","service":"FyersAPI"}
{"level":"ERROR","location":"[get_call:165] fyersModel","message":{"API":"/history","Error":{"code":-16,"message":"Could not authenticate the user","s":"error"}},"timestamp":"2026-06-30 07:43:39,768+0530","service":"FyersAPI"}
{"level":"ERROR","location":"[get_call:165] fyersModel","message":{"API":"/history","Error":{"code":-16,"message":"Could not authenticate the user","s":"error"}},"timestamp":"2026-06-30 07:43:39,789+0530","service":"FyersAPI"}
{"level":"ERROR","location":"[get_call:165] fyersModel","message":{"API":"/history","Error":{"code":-16,"message":"Could not authenticate the user","s":"error"}},"timestamp":"2026-06-30 07:43:40,949+0530","service":"FyersAPI"}
{"level":"ERROR","location":"[get_call:183] fyersModel","message":{"API":"/quotes","error":"Expecting value: line 1 column 1 (char 0)"},"timestamp":"2026-06-30 07:43:46,615+0530","service":"FyersAPI"}
{"level":"ERROR","location":"[get_call:165] fyersModel","message":{"API":"/history","Error":{"code":-16,"message":"Could not authenticate the user","s":"error"}},"timestamp":"2026-06-30 07:43:47,007+0530","service":"FyersAPI"}
{"level":"ERROR","location":"[get_call:165] fyersModel","message":{"API":"/history","Error":{"code":-16,"message":"Could not authenticate the user","s":"error"}},"timestamp":"2026-06-30 07:43:47,012+0530","service":"FyersAPI"}
{"level":"ERROR","location":"[get_call:183] fyersModel","message":{"API":"/quotes","error":"Expecting value: line 1 column 1 (char 0)"},"timestamp":"2026-06-30 07:43:47,394+0530","service":"FyersAPI"}
{"level":"ERROR","location":"[get_call:165] fyersModel","message":{"API":"/history","Error":{"code":-16,"message":"Could not authenticate the user","s":"error"}},"timestamp":"2026-06-30 07:43:47,706+0530","service":"FyersAPI"}
{"level":"ERROR","location":"[get_call:165] fyersModel","message":{"API":"/history","Error":{"code":-16,"message":"Could not authenticate the user","s":"error"}},"timestamp":"2026-06-30 07:43:55,145+0530","service":"FyersAPI"}
{"level":"ERROR","location":"[get_call:165] fyersModel","message":{"API":"/history","Error":{"code":-16,"message":"Could not authenticate the user","s":"error"}},"timestamp":"2026-06-30 07:43:55,199+0530","service":"FyersAPI"}
{"level":"ERROR","location":"[get_call:183] fyersModel","message":{"API":"/quotes","error":"Expecting value: line 1 column 1 (char 0)"},"timestamp":"2026-06-30 07:43:55,329+0530","service":"FyersAPI"}
{"level":"ERROR","location":"[get_call:165] fyersModel","message":{"API":"/history","Error":{"code":-16,"message":"Could not authenticate the user","s":"error"}},"timestamp":"2026-06-30 07:43:56,294+0530","service":"FyersAPI"}
{"level":"ERROR","location":"[get_call:165] fyersModel","message":{"API":"/history","Error":{"code":-16,"message":"Could not authenticate the user","s":"error"}},"timestamp":"2026-06-30 07:43:56,486+0530","service":"FyersAPI"}
{"level":"ERROR","location":"[get_call:165] fyersModel","message":{"API":"/history","Error":{"code":-16,"message":"Could not authenticate the user","s":"error"}},"timestamp":"2026-06-30 07:44:02,035+0530","service":"FyersAPI"}
{"level":"ERROR","location":"[get_call:183] fyersModel","message":{"API":"/quotes","error":"Expecting value: line 1 column 1 (char 0)"},"timestamp":"2026-06-30 07:44:02,297+0530","service":"FyersAPI"}
{"level":"ERROR","location":"[get_call:165] fyersModel","message":{"API":"/history","Error":{"code":-16,"message":"Could not authenticate the user","s":"error"}},"timestamp":"2026-06-30 07:44:02,400+0530","service":"FyersAPI"}
{"level":"ERROR","location":"[get_call:165] fyersModel","message":{"API":"/history","Error":{"code":-16,"message":"Could not authenticate the user","s":"error"}},"timestamp":"2026-06-30 07:44:06,842+0530","service":"FyersAPI"}
{"level":"ERROR","location":"[get_call:165] fyersModel","message":{"API":"/history","Error":{"code":-16,"message":"Could not authenticate the user","s":"error"}},"timestamp":"2026-06-30 07:44:06,999+0530","service":"FyersAPI"}
{"level":"ERROR","location":"[get_call:183] fyersModel","message":{"API":"/quotes","error":"Expecting value: line 1 column 1 (char 0)"},"timestamp":"2026-06-30 07:44:07,272+0530","service":"FyersAPI"}
{"level":"ERROR","location":"[get_call:165] fyersModel","message":{"API":"/history","Error":{"code":-16,"message":"Could not authenticate the user","s":"error"}},"timestamp":"2026-06-30 07:44:10,327+0530","service":"FyersAPI"}
{"level":"ERROR","location":"[get_call:183] fyersModel","message":{"API":"/quotes","error":"Expecting value: line 1 column 1 (char 0)"},"timestamp":"2026-06-30 07:44:10,423+0530","service":"FyersAPI"}
{"level":"ERROR","location":"[get_call:165] fyersModel","message":{"API":"/history","Error":{"code":-16,"message":"Could not authenticate the user","s":"error"}},"timestamp":"2026-06-30 07:44:10,661+0530","service":"FyersAPI"}
{"level":"ERROR","location":"[get_call:165] fyersModel","message":{"API":"/history","Error":{"code":-16,"message":"Could not authenticate the user","s":"error"}},"timestamp":"2026-06-30 07:44:13,690+0530","service":"FyersAPI"}
{"level":"ERROR","location":"[get_call:165] fyersModel","message":{"API":"/history","Error":{"code":-16,"message":"Could not authenticate the user","s":"error"}},"timestamp":"2026-06-30 07:44:15,955+0530","service":"FyersAPI"}
{"level":"ERROR","location":"[get_call:165] fyersModel","message":{"API":"/history","Error":{"code":-16,"message":"Could not authenticate the user","s":"error"}},"timestamp":"2026-06-30 07:44:16,262+0530","service":"FyersAPI"}
{"level":"ERROR","location":"[get_call:183] fyersModel","message":{"API":"/quotes","error":"Expecting value: line 1 column 1 (char 0)"},"timestamp":"2026-06-30 07:44:20,085+0530","service":"FyersAPI"}
{"level":"ERROR","location":"[get_call:165] fyersModel","message":{"API":"/history","Error":{"code":-16,"message":"Could not authenticate the user","s":"error"}},"timestamp":"2026-06-30 07:44:20,170+0530","service":"FyersAPI"}
{"level":"ERROR","location":"[get_call:165] fyersModel","message":{"API":"/history","Error":{"code":-16,"message":"Could not authenticate the user","s":"error"}},"timestamp":"2026-06-30 07:44:20,603+0530","service":"FyersAPI"}
{"level":"ERROR","location":"[get_call:165] fyersModel","message":{"API":"/history","Error":{"code":-16,"message":"Could not authenticate the user","s":"error"}},"timestamp":"2026-06-30 07:44:23,862+0530","service":"FyersAPI"}
{"level":"ERROR","location":"[get_call:165] fyersModel","message":{"API":"/history","Error":{"code":-16,"message":"Could not authenticate the user","s":"error"}},"timestamp":"2026-06-30 07:44:24,261+0530","service":"FyersAPI"}
{"level":"ERROR","location":"[get_call:165] fyersModel","message":{"API":"/history","Error":{"code":-16,"message":"Could not authenticate the user","s":"error"}},"timestamp":"2026-06-30 07:44:24,384+0530","service":"FyersAPI"}
{"level":"ERROR","location":"[get_call:165] fyersModel","message":{"API":"/history","Error":{"code":-16,"message":"Could not authenticate the user","s":"error"}},"timestamp":"2026-06-30 07:44:27,832+0530","service":"FyersAPI"}
{"level":"ERROR","location":"[get_call:183] fyersModel","message":{"API":"/quotes","error":"Expecting value: line 1 column 1 (char 0)"},"timestamp":"2026-06-30 07:44:28,122+0530","service":"FyersAPI"}
{"level":"ERROR","location":"[get_call:165] fyersModel","message":{"API":"/history","Error":{"code":-16,"message":"Could not authenticate the user","s":"error"}},"timestamp":"2026-06-30 07:44:28,519+0530","service":"FyersAPI"}
{"level":"ERROR","location":"[get_call:165] fyersModel","message":{"API":"/history","Error":{"code":-16,"message":"Could not authenticate the user","s":"error"}},"timestamp":"2026-06-30 07:44:32,587+0530","service":"FyersAPI"}
{"level":"ERROR","location":"[get_call:165] fyersModel","message":{"API":"/history","Error":{"code":-16,"message":"Could not authenticate the user","s":"error"}},"timestamp":"2026-06-30 07:44:32,752+0530","service":"FyersAPI"}
{"level":"ERROR","location":"[get_call:183] fyersModel","message":{"API":"/quotes","error":"Expecting value: line 1 column 1 (char 0)"},"timestamp":"2026-06-30 07:44:33,200+0530","service":"FyersAPI"}
{"level":"ERROR","location":"[get_call:183] fyersModel","message":{"API":"/quotes","error":"Expecting value: line 1 column 1 (char 0)"},"timestamp":"2026-06-30 07:44:33,291+0530","service":"FyersAPI"}
{"level":"ERROR","location":"[get_call:165] fyersModel","message":{"API":"/history","Error":{"code":-16,"message":"Could not authenticate the user","s":"error"}},"timestamp":"2026-06-30 07:44:36,724+0530","service":"FyersAPI"}
{"level":"ERROR","location":"[get_call:165] fyersModel","message":{"API":"/history","Error":{"code":-16,"message":"Could not authenticate the user","s":"error"}},"timestamp":"2026-06-30 07:44:36,881+0530","service":"FyersAPI"}
{"level":"ERROR","location":"[get_call:165] fyersModel","message":{"API":"/history","Error":{"code":-16,"message":"Could not authenticate the user","s":"error"}},"timestamp":"2026-06-30 07:44:37,250+0530","service":"FyersAPI"}
{"level":"ERROR","location":"[get_call:165] fyersModel","message":{"API":"/history","Error":{"code":-16,"message":"Could not authenticate the user","s":"error"}},"timestamp":"2026-06-30 07:44:40,815+0530","service":"FyersAPI"}
{"level":"ERROR","location":"[get_call:165] fyersModel","message":{"API":"/history","Error":{"code":-16,"message":"Could not authenticate the user","s":"error"}},"timestamp":"2026-06-30 07:44:41,240+0530","service":"FyersAPI"}
{"level":"ERROR","location":"[get_call:165] fyersModel","message":{"API":"/history","Error":{"code":-16,"message":"Could not authenticate the user","s":"error"}},"timestamp":"2026-06-30 07:44:44,781+0530","service":"FyersAPI"}
{"level":"ERROR","location":"[get_call:183] fyersModel","message":{"API":"/quotes","error":"Expecting value: line 1 column 1 (char 0)"},"timestamp":"2026-06-30 07:44:45,001+0530","service":"FyersAPI"}
{"level":"ERROR","location":"[get_call:165] fyersModel","message":{"API":"/history","Error":{"code":-16,"message":"Could not authenticate the user","s":"error"}},"timestamp":"2026-06-30 07:44:48,599+0530","service":"FyersAPI"}
{"level":"ERROR","location":"[get_call:165] fyersModel","message":{"API":"/history","Error":{"code":-16,"message":"Could not authenticate the user","s":"error"}},"timestamp":"2026-06-30 07:44:48,895+0530","service":"FyersAPI"}
{"level":"ERROR","location":"[get_call:165] fyersModel","message":{"API":"/history","Error":{"code":-16,"message":"Could not authenticate the user","s":"error"}},"timestamp":"2026-06-30 07:44:49,106+0530","service":"FyersAPI"}
{"level":"ERROR","location":"[get_call:165] fyersModel","message":{"API":"/history","Error":{"code":-16,"message":"Could not authenticate the user","s":"error"}},"timestamp":"2026-06-30 07:44:51,255+0530","service":"FyersAPI"}
{"level":"ERROR","location":"[get_call:165] fyersModel","message":{"API":"/history","Error":{"code":-16,"message":"Could not authenticate the user","s":"error"}},"timestamp":"2026-06-30 07:44:51,686+0530","service":"FyersAPI"}
{"level":"ERROR","location":"[get_call:183] fyersModel","message":{"API":"/quotes","error":"Expecting value: line 1 column 1 (char 0)"},"timestamp":"2026-06-30 07:44:52,081+0530","service":"FyersAPI"}
{"level":"ERROR","location":"[get_call:165] fyersModel","message":{"API":"/history","Error":{"code":-16,"message":"Could not authenticate the user","s":"error"}},"timestamp":"2026-06-30 07:44:54,390+0530","service":"FyersAPI"}
{"level":"ERROR","location":"[get_call:183] fyersModel","message":{"API":"/quotes","error":"Expecting value: line 1 column 1 (char 0)"},"timestamp":"2026-06-30 07:44:54,539+0530","service":"FyersAPI"}
{"level":"ERROR","location":"[get_call:165] fyersModel","message":{"API":"/history","Error":{"code":-16,"message":"Could not authenticate the user","s":"error"}},"timestamp":"2026-06-30 07:44:58,507+0530","service":"FyersAPI"}
{"level":"ERROR","location":"[get_call:165] fyersModel","message":{"API":"/history","Error":{"code":-16,"message":"Could not authenticate the user","s":"error"}},"timestamp":"2026-06-30 07:44:58,509+0530","service":"FyersAPI"}
{"level":"ERROR","location":"[get_call:165] fyersModel","message":{"API":"/history","Error":{"code":-16,"message":"Could not authenticate the user","s":"error"}},"timestamp":"2026-06-30 07:45:02,239+0530","service":"FyersAPI"}
{"level":"ERROR","location":"[get_call:165] fyersModel","message":{"API":"/history","Error":{"code":-16,"message":"Could not authenticate the user","s":"error"}},"timestamp":"2026-06-30 07:45:02,903+0530","service":"FyersAPI"}
{"level":"ERROR","location":"[get_call:183] fyersModel","message":{"API":"/quotes","error":"Expecting value: line 1 column 1 (char 0)"},"timestamp":"2026-06-30 07:45:03,041+0530","service":"FyersAPI"}
{"level":"ERROR","location":"[get_call:183] fyersModel","message":{"API":"/quotes","error":"Expecting value: line 1 column 1 (char 0)"},"timestamp":"2026-06-30 07:45:06,133+0530","service":"FyersAPI"}
{"level":"ERROR","location":"[get_call:165] fyersModel","message":{"API":"/history","Error":{"code":-16,"message":"Could not authenticate the user","s":"error"}},"timestamp":"2026-06-30 07:45:06,391+0530","service":"FyersAPI"}
{"level":"ERROR","location":"[get_call:165] fyersModel","message":{"API":"/history","Error":{"code":-16,"message":"Could not authenticate the user","s":"error"}},"timestamp":"2026-06-30 07:45:06,405+0530","service":"FyersAPI"}
{"level":"ERROR","location":"[get_call:165] fyersModel","message":{"API":"/history","Error":{"code":-16,"message":"Could not authenticate the user","s":"error"}},"timestamp":"2026-06-30 07:45:10,036+0530","service":"FyersAPI"}
{"level":"ERROR","location":"[get_call:165] fyersModel","message":{"API":"/history","Error":{"code":-16,"message":"Could not authenticate the user","s":"error"}},"timestamp":"2026-06-30 07:45:10,505+0530","service":"FyersAPI"}
{"level":"ERROR","location":"[get_call:165] fyersModel","message":{"API":"/history","Error":{"code":-16,"message":"Could not authenticate the user","s":"error"}},"timestamp":"2026-06-30 07:45:11,556+0530","service":"FyersAPI"}
{"level":"ERROR","location":"[get_call:183] fyersModel","message":{"API":"/quotes","error":"Expecting value: line 1 column 1 (char 0)"},"timestamp":"2026-06-30 07:45:15,467+0530","service":"FyersAPI"}
{"level":"ERROR","location":"[get_call:165] fyersModel","message":{"API":"/history","Error":{"code":-16,"message":"Could not authenticate the user","s":"error"}},"timestamp":"2026-06-30 07:45:15,506+0530","service":"FyersAPI"}
{"level":"ERROR","location":"[get_call:165] fyersModel","message":{"API":"/history","Error":{"code":-16,"message":"Could not authenticate the user","s":"error"}},"timestamp":"2026-06-30 07:45:16,106+0530","service":"FyersAPI"}
{"level":"ERROR","location":"[get_call:183] fyersModel","message":{"API":"/quotes","error":"Expecting value: line 1 column 1 (char 0)"},"timestamp":"2026-06-30 07:45:18,394+0530","service":"FyersAPI"}
{"level":"ERROR","location":"[get_call:165] fyersModel","message":{"API":"/history","Error":{"code":-16,"message":"Could not authenticate the user","s":"error"}},"timestamp":"2026-06-30 07:45:18,476+0530","service":"FyersAPI"}
{"level":"ERROR","location":"[get_call:165] fyersModel","message":{"API":"/history","Error":{"code":-16,"message":"Could not authenticate the user","s":"error"}},"timestamp":"2026-06-30 07:45:18,640+0530","service":"FyersAPI"}
{"level":"ERROR","location":"[get_call:165] fyersModel","message":{"API":"/history","Error":{"code":-16,"message":"Could not authenticate the user","s":"error"}},"timestamp":"2026-06-30 07:45:21,409+0530","service":"FyersAPI"}
{"level":"ERROR","location":"[get_call:183] fyersModel","message":{"API":"/quotes","error":"Expecting value: line 1 column 1 (char 0)"},"timestamp":"2026-06-30 07:45:21,505+0530","service":"FyersAPI"}
{"level":"ERROR","location":"[get_call:165] fyersModel","message":{"API":"/history","Error":{"code":-16,"message":"Could not authenticate the user","s":"error"}},"timestamp":"2026-06-30 07:45:21,614+0530","service":"FyersAPI"}
{"level":"ERROR","location":"[get_call:165] fyersModel","message":{"API":"/history","Error":{"code":-16,"message":"Could not authenticate the user","s":"error"}},"timestamp":"2026-06-30 07:45:21,687+0530","service":"FyersAPI"}
{"level":"ERROR","location":"[get_call:165] fyersModel","message":{"API":"/history","Error":{"code":-16,"message":"Could not authenticate the user","s":"error"}},"timestamp":"2026-06-30 07:45:24,730+0530","service":"FyersAPI"}
{"level":"ERROR","location":"[get_call:165] fyersModel","message":{"API":"/history","Error":{"code":-16,"message":"Could not authenticate the user","s":"error"}},"timestamp":"2026-06-30 07:45:27,413+0530","service":"FyersAPI"}
{"level":"ERROR","location":"[get_call:183] fyersModel","message":{"API":"/quotes","error":"Expecting value: line 1 column 1 (char 0)"},"timestamp":"2026-06-30 07:45:28,180+0530","service":"FyersAPI"}
{"level":"ERROR","location":"[get_call:165] fyersModel","message":{"API":"/history","Error":{"code":-16,"message":"Could not authenticate the user","s":"error"}},"timestamp":"2026-06-30 07:45:28,491+0530","service":"FyersAPI"}
{"level":"ERROR","location":"[get_call:165] fyersModel","message":{"API":"/history","Error":{"code":-16,"message":"Could not authenticate the user","s":"error"}},"timestamp":"2026-06-30 07:45:31,599+0530","service":"FyersAPI"}
{"level":"ERROR","location":"[get_call:165] fyersModel","message":{"API":"/history","Error":{"code":-16,"message":"Could not authenticate the user","s":"error"}},"timestamp":"2026-06-30 07:45:32,047+0530","service":"FyersAPI"}
{"level":"ERROR","location":"[get_call:165] fyersModel","message":{"API":"/history","Error":{"code":-16,"message":"Could not authenticate the user","s":"error"}},"timestamp":"2026-06-30 07:45:35,089+0530","service":"FyersAPI"}
{"level":"ERROR","location":"[get_call:183] fyersModel","message":{"API":"/quotes","error":"Expecting value: line 1 column 1 (char 0)"},"timestamp":"2026-06-30 07:45:35,306+0530","service":"FyersAPI"}
{"level":"ERROR","location":"[get_call:165] fyersModel","message":{"API":"/history","Error":{"code":-16,"message":"Could not authenticate the user","s":"error"}},"timestamp":"2026-06-30 07:45:38,808+0530","service":"FyersAPI"}
{"level":"ERROR","location":"[get_call:165] fyersModel","message":{"API":"/history","Error":{"code":-16,"message":"Could not authenticate the user","s":"error"}},"timestamp":"2026-06-30 07:45:38,947+0530","service":"FyersAPI"}
{"level":"ERROR","location":"[get_call:165] fyersModel","message":{"API":"/history","Error":{"code":-16,"message":"Could not authenticate the user","s":"error"}},"timestamp":"2026-06-30 07:45:42,814+0530","service":"FyersAPI"}
{"level":"ERROR","location":"[get_call:183] fyersModel","message":{"API":"/quotes","error":"Expecting value: line 1 column 1 (char 0)"},"timestamp":"2026-06-30 07:45:43,182+0530","service":"FyersAPI"}
{"level":"ERROR","location":"[get_call:165] fyersModel","message":{"API":"/profile","Error":{"s":"error","code":-8,"message":"Your token has expired. Please generate a token"}},"timestamp":"2026-06-30 07:48:11,234+0530","service":"FyersAPI"}
{"level":"ERROR","location":"[get_call:165] fyersModel","message":{"API":"/profile","Error":{"s":"error","code":-8,"message":"Your token has expired. Please generate a token"}},"timestamp":"2026-06-30 07:49:31,674+0530","service":"FyersAPI"}
{"level":"ERROR","location":"[get_call:165] fyersModel","message":{"API":"/history","Error":{"code":-16,"message":"Could not authenticate the user","s":"error"}},"timestamp":"2026-06-30 07:49:34,720+0530","service":"FyersAPI"}
{"level":"ERROR","location":"[get_call:165] fyersModel","message":{"API":"/history","Error":{"code":-16,"message":"Could not authenticate the user","s":"error"}},"timestamp":"2026-06-30 07:49:36,932+0530","service":"FyersAPI"}
{"level":"ERROR","location":"[get_call:165] fyersModel","message":{"API":"/history","Error":{"code":-16,"message":"Could not authenticate the user","s":"error"}},"timestamp":"2026-06-30 07:49:38,872+0530","service":"FyersAPI"}
