,NIFTY_50,NIFTY_BANK,NIFTY_500,NIFTY_IT,NIFTY_AUTO,NIFTY_FMCG,NIFTY_METAL,NIFTY_PHARMA,NIFTY_ENERGY,NIFTY_REALTY
2021-07-12,15692.599609375,35198.8984375,13549.0,28532.349609375,10438.2001953125,36176.6484375,5262.5498046875,14372.2001953125,19467.30078125,379.3500061035156
2021-07-13,15812.349609375,35673.3984375,13628.849609375,28439.75,10497.7998046875,36110.30078125,5295.60009765625,14460.0498046875,19570.599609375,380.79998779296875
2021-07-14,15853.9501953125,35668.25,13661.099609375,29339.849609375,10467.900390625,36073.19921875,5299.9501953125,14507.0,19524.75,377.20001220703125
2021-07-15,15924.2001953125,35907.6484375,13720.349609375,29718.05078125,10426.0,36182.94921875,5335.39990234375,14467.4501953125,19436.5,393.04998779296875
2021-07-16,15923.400390625,35751.80078125,13742.349609375,29400.25,10428.4501953125,36253.55078125,5391.2998046875,14635.0498046875,19567.900390625,397.54998779296875
2021-07-19,15752.400390625,35079.19921875,13619.849609375,29264.0,10310.900390625,36180.3984375,5317.85009765625,14669.900390625,19517.30078125,399.25
2021-07-20,15632.099609375,34415.44921875,13495.599609375,29252.5,10222.2001953125,36230.25,5193.64990234375,14479.2001953125,19309.94921875,389.1499938964844
2021-07-22,15824.0498046875,34677.30078125,13670.2001953125,29779.94921875,10235.7998046875,36263.6015625,5348.9501953125,14575.400390625,19600.05078125,395.95001220703125
2021-07-23,15856.0498046875,35034.3984375,13687.0,29894.30078125,10201.349609375,36558.6484375,5353.7998046875,14597.849609375,19503.80078125,401.04998779296875
2021-07-26,15824.4501953125,34949.69921875,13675.099609375,29940.400390625,10137.9501953125,36486.75,5387.39990234375,14652.5498046875,19300.099609375,397.20001220703125
2021-07-27,15746.4501953125,34797.44921875,13610.2998046875,29892.55078125,10094.349609375,36360.80078125,5465.89990234375,14018.650390625,19116.150390625,394.29998779296875
2021-07-28,15709.400390625,34532.8984375,13579.150390625,29954.150390625,10000.400390625,36360.3515625,5532.7998046875,13964.75,19011.75,391.20001220703125
2021-07-29,15778.4501953125,34691.5,13643.75,30371.400390625,9956.650390625,35990.05078125,5810.75,13920.349609375,18975.349609375,397.5
2021-07-30,15763.0498046875,34584.3515625,13664.25,30480.05078125,10048.5,36051.8984375,5770.35009765625,14425.2998046875,18934.150390625,398.6499938964844
2021-08-02,15885.150390625,34710.0,13783.7001953125,30803.05078125,10183.4501953125,36199.94921875,5781.2998046875,14474.9501953125,19229.150390625,417.75
2021-08-03,16130.75,35207.44921875,13939.2001953125,31165.849609375,10342.599609375,36826.05078125,5778.2001953125,14647.849609375,19385.30078125,418.8500061035156
2021-08-04,16258.7998046875,36028.05078125,13969.349609375,30977.150390625,10246.7998046875,36482.44921875,5759.89990234375,14594.349609375,19405.19921875,411.8500061035156
2021-08-05,16294.599609375,35834.75,13981.5498046875,31211.19921875,10224.900390625,36701.44921875,5834.39990234375,14579.849609375,19432.44921875,407.3500061035156
2021-08-06,16238.2001953125,35809.25,13954.650390625,31303.30078125,10249.5,36669.80078125,5841.35009765625,14517.5,19411.80078125,403.45001220703125
2021-08-09,16258.25,36028.94921875,13935.0498046875,31441.0,10239.0,36691.8984375,5732.0,14533.4501953125,19272.75,400.5
2021-08-10,16280.099609375,36034.1015625,13892.75,31713.400390625,10158.75,36537.25,5573.2998046875,14502.900390625,19135.75,392.3999938964844
2021-08-11,16282.25,35806.3984375,13876.5498046875,31670.0,10140.400390625,36425.8515625,5748.2998046875,14291.150390625,19400.75,393.45001220703125
2021-08-12,16364.400390625,35937.05078125,13971.9501953125,32245.099609375,10180.5498046875,36521.8515625,5769.25,14133.0498046875,19599.05078125,398.20001220703125
2021-08-13,16529.099609375,36169.3515625,14065.2998046875,32678.80078125,10178.2998046875,36842.05078125,5799.2998046875,14049.0498046875,19677.05078125,394.54998779296875
2021-08-16,16563.05078125,36094.5,14070.7998046875,32577.94921875,10088.7998046875,36954.25,5884.89990234375,13965.400390625,19786.05078125,393.0
2021-08-17,16614.599609375,35867.44921875,14113.099609375,33414.75,10088.2998046875,37478.55078125,5749.39990234375,14041.25,19722.44921875,390.25
2021-08-18,16568.849609375,35554.5,14095.5498046875,33448.8984375,10067.9501953125,37738.30078125,5702.60009765625,14071.349609375,19685.0,387.25
2021-08-20,16450.5,35033.8515625,13943.9501953125,33351.3515625,9904.7001953125,38596.05078125,5335.9501953125,13711.150390625,19348.69921875,373.3999938964844
2021-08-23,16496.44921875,35124.3984375,13930.5498046875,33919.80078125,9759.150390625,38489.5,5291.25,13700.599609375,19332.150390625,369.70001220703125
2021-08-24,16624.599609375,35712.1015625,14063.25,33838.3984375,9832.7998046875,38232.80078125,5444.7998046875,13876.0498046875,19562.5,376.45001220703125
2021-08-25,16634.650390625,35586.25,14093.599609375,34083.94921875,9808.650390625,38448.1015625,5474.0498046875,13830.5,19757.25,373.5
2021-08-26,16636.900390625,35617.55078125,14106.9501953125,34041.1015625,9763.099609375,38670.69921875,5404.7001953125,13758.599609375,19865.05078125,374.5
2021-08-27,16705.19921875,35627.80078125,14192.5,34309.80078125,9793.849609375,38819.5,5492.7001953125,13948.7001953125,19942.44921875,377.25
2021-08-30,16931.05078125,36347.6484375,14397.900390625,34109.25,9957.900390625,39150.19921875,5628.10009765625,14222.5,20243.650390625,384.54998779296875
2021-08-31,17132.19921875,36424.6015625,14555.900390625,34570.25,10034.4501953125,39529.69921875,5714.60009765625,14344.75,20289.69921875,386.79998779296875
2021-09-01,17076.25,36574.30078125,14551.349609375,34110.5,10043.900390625,39644.69921875,5612.4501953125,14319.849609375,20356.55078125,408.3500061035156
2021-09-02,17234.150390625,36831.30078125,14684.349609375,34680.30078125,10022.4501953125,40296.3984375,5653.2998046875,14458.5,20466.0,413.45001220703125
2021-09-03,17323.599609375,36761.1484375,14759.2998046875,34891.19921875,10124.75,40226.25,5719.35009765625,14485.650390625,20934.0,417.8500061035156
2021-09-06,17377.80078125,36592.3515625,14805.849609375,35415.1015625,10167.25,40169.05078125,5742.7001953125,14481.5498046875,21008.55078125,431.04998779296875
2021-09-07,17362.099609375,36468.80078125,14784.25,34951.30078125,10152.7001953125,40289.8515625,5708.35009765625,14387.349609375,20934.5,421.0
2021-09-08,17353.5,36768.19921875,14803.599609375,34678.19921875,10100.400390625,40263.44921875,5720.75,14349.4501953125,21004.69921875,420.70001220703125
2021-09-09,17369.25,36683.19921875,14836.4501953125,34802.30078125,10112.599609375,40577.94921875,5765.14990234375,14329.849609375,21148.349609375,417.6000061035156
2021-09-13,17355.30078125,36471.80078125,14852.2001953125,35129.6015625,10120.150390625,40592.3515625,5839.2998046875,14377.0498046875,20988.599609375,420.29998779296875
2021-09-14,17380.0,36613.05078125,14904.349609375,35431.5,10209.599609375,40469.55078125,5810.35009765625,14410.9501953125,21034.900390625,422.04998779296875
2021-09-15,17519.44921875,36852.25,15020.5498046875,36075.19921875,10297.0,40504.5,5859.0498046875,14487.900390625,21350.650390625,422.70001220703125
2021-09-16,17629.5,37668.6015625,15104.900390625,35852.44921875,10351.4501953125,41007.6015625,5822.5,14491.349609375,21665.25,423.5
2021-09-17,17585.150390625,37811.94921875,15027.25,35646.5,10351.4501953125,40798.8984375,5683.85009765625,14355.150390625,21444.650390625,413.54998779296875
2021-09-20,17396.900390625,37145.69921875,14826.75,35400.05078125,10202.650390625,41169.69921875,5309.0,14097.25,21213.44921875,404.70001220703125
2021-09-21,17562.0,37235.8515625,14946.2998046875,36086.05078125,10155.9501953125,41619.94921875,5444.4501953125,14278.9501953125,21324.5,419.1499938964844
2021-09-22,17546.650390625,36944.6484375,14990.5498046875,36422.44921875,10284.599609375,41507.25,5524.64990234375,14334.25,21499.25,454.54998779296875
2021-09-23,17822.94921875,37771.69921875,15205.4501953125,36816.8984375,10372.9501953125,41548.80078125,5616.0498046875,14380.5,21893.25,493.8999938964844
2021-09-24,17853.19921875,37830.30078125,15191.9501953125,37103.25,10429.0498046875,41090.8984375,5498.2001953125,14289.150390625,21716.44921875,501.29998779296875
2021-09-27,17855.099609375,38171.25,15189.0498046875,36034.3984375,10765.150390625,40720.6015625,5504.4501953125,14156.7001953125,22006.05078125,516.2999877929688
2021-09-28,17748.599609375,37945.0,15095.599609375,35239.94921875,10695.9501953125,40682.94921875,5534.60009765625,14171.599609375,22449.349609375,500.70001220703125
2021-09-29,17711.30078125,37743.0,15086.9501953125,35282.6484375,10655.5,40472.1484375,5661.25,14404.9501953125,22864.55078125,506.3500061035156
2021-09-30,17618.150390625,37425.1015625,15052.650390625,35028.0,10598.4501953125,40426.55078125,5611.25,14466.5,22858.55078125,513.7999877929688
2021-10-01,17532.05078125,37225.8984375,15013.9501953125,34780.6015625,10596.9501953125,40399.0,5638.7998046875,14587.650390625,23000.19921875,506.04998779296875
2021-10-04,17691.25,37579.6484375,15181.150390625,35126.1484375,10641.150390625,40445.44921875,5807.35009765625,14812.400390625,23334.599609375,517.0499877929688
2021-10-05,17822.30078125,37741.0,15280.099609375,35544.30078125,10692.0,40427.5,5800.2998046875,14738.25,24006.150390625,510.0
2021-10-06,17646.0,37521.55078125,15134.5498046875,35075.80078125,10567.5498046875,40167.44921875,5627.35009765625,14461.9501953125,23898.0,501.75
2021-10-07,17790.349609375,37753.19921875,15290.150390625,35703.8515625,11031.7998046875,40226.3984375,5659.9501953125,14562.2001953125,23804.400390625,532.6500244140625
2021-10-08,17895.19921875,37775.25,15365.2001953125,36402.0,11079.349609375,39993.3515625,5681.4501953125,14514.7998046875,23902.30078125,520.9000244140625
2021-10-11,17945.94921875,38293.80078125,15428.0,35179.94921875,11375.5498046875,40318.05078125,5766.39990234375,14615.349609375,24161.55078125,529.9000244140625
2021-10-12,17991.94921875,38521.5,15481.900390625,34869.75,11476.099609375,40808.75,5829.35009765625,14629.2001953125,24265.94921875,533.75
2021-10-13,18161.75,38635.75,15631.400390625,35285.6015625,11870.0,41149.3984375,5914.64990234375,14679.400390625,24604.400390625,532.4500122070312
2021-10-14,18338.55078125,39340.8984375,15769.25,35744.8515625,11800.2998046875,41377.19921875,6019.2001953125,14728.650390625,24766.349609375,539.25
2021-10-18,18477.05078125,39684.80078125,15886.150390625,36306.3515625,11814.7998046875,41564.1484375,6253.10009765625,14598.2001953125,25148.69921875,541.7999877929688
2021-10-19,18418.75,39540.5,15757.849609375,37106.3515625,11626.849609375,40237.30078125,6099.35009765625,14384.349609375,24785.650390625,516.0999755859375
2021-10-20,18266.599609375,39518.19921875,15568.650390625,36846.80078125,11493.2998046875,39696.3515625,5974.0,14177.349609375,24381.849609375,504.95001220703125
2021-10-21,18178.099609375,40030.19921875,15487.650390625,35913.6015625,11557.400390625,39354.44921875,5868.39990234375,14169.9501953125,24306.400390625,497.8500061035156
2021-10-22,18114.900390625,40323.6484375,15399.7001953125,35394.6484375,11433.9501953125,38874.80078125,5690.10009765625,13949.650390625,24280.5,510.6000061035156
2021-10-25,18125.400390625,41192.3984375,15334.349609375,35005.3984375,11228.2001953125,38491.0,5679.64990234375,13943.849609375,24160.19921875,496.45001220703125
2021-10-26,18268.400390625,41238.30078125,15499.650390625,35162.3515625,11452.25,38826.8515625,5830.64990234375,13970.650390625,24372.44921875,514.4000244140625
2021-10-27,18210.94921875,40874.3515625,15484.349609375,35503.8984375,11395.150390625,38946.1015625,5741.89990234375,14094.25,24184.849609375,515.9500122070312
2021-10-28,17857.25,39508.94921875,15190.849609375,34913.6015625,11260.900390625,38208.55078125,5544.5498046875,13780.599609375,23580.849609375,496.5
2021-10-29,17671.650390625,39115.6015625,15086.900390625,34408.75,11297.4501953125,38222.1015625,5563.39990234375,13879.349609375,23236.099609375,498.70001220703125
2021-11-01,17929.650390625,39763.75,15302.7001953125,35290.0,11421.0,38663.6484375,5733.75,14049.4501953125,23504.5,518.7999877929688
2021-11-02,17888.94921875,39938.44921875,15314.650390625,35177.3515625,11521.25,38616.19921875,5643.14990234375,13993.2001953125,23421.69921875,536.3499755859375
2021-11-03,17829.19921875,39402.05078125,15282.75,35177.1015625,11401.2001953125,38370.1015625,5695.4501953125,13888.2998046875,23489.44921875,546.75
2021-11-04,17916.80078125,39573.69921875,15376.900390625,35334.25,11569.7998046875,38710.1015625,5697.9501953125,13948.2001953125,23584.05078125,548.0499877929688
2021-11-08,18068.55078125,39438.25,15520.150390625,35782.3515625,11645.75,39094.75,5780.4501953125,13851.25,23938.80078125,555.5999755859375
2021-11-09,18044.25,39368.80078125,15541.9501953125,35815.1015625,11766.25,38964.25,5761.60009765625,13878.7001953125,24004.30078125,556.1500244140625
2021-11-10,18017.19921875,39023.25,15521.099609375,35722.94921875,11829.150390625,38917.3515625,5660.4501953125,13911.2998046875,24041.30078125,548.5999755859375
2021-11-11,17873.599609375,38560.19921875,15411.099609375,35583.6484375,11690.150390625,38542.55078125,5681.0,13717.7998046875,23894.75,535.7999877929688
2021-11-12,18102.75,38733.3515625,15579.0,36332.30078125,11706.5,38912.75,5728.7001953125,13774.650390625,24209.30078125,544.6500244140625
2021-11-15,18109.44921875,38702.3515625,15592.599609375,36465.30078125,11687.650390625,39278.30078125,5624.2998046875,13974.349609375,24268.849609375,545.8499755859375
2021-11-16,17999.19921875,38307.1015625,15525.400390625,36643.8984375,11977.2998046875,39014.6484375,5586.35009765625,13798.7998046875,23944.650390625,545.0999755859375
2021-11-17,17898.650390625,38041.55078125,15454.9501953125,36660.8984375,12061.7998046875,39013.44921875,5568.10009765625,13621.900390625,23837.900390625,536.1500244140625
2021-11-18,17764.80078125,37976.25,15302.5498046875,36007.0,11747.4501953125,38866.5,5423.89990234375,13481.400390625,23794.349609375,526.9000244140625
2021-11-22,17416.55078125,37128.80078125,14976.7001953125,35478.94921875,11379.75,38351.6484375,5421.60009765625,13245.349609375,23118.30078125,505.1000061035156
2021-11-23,17503.349609375,37272.80078125,15107.7998046875,35504.3984375,11455.7001953125,38560.1015625,5600.39990234375,13489.9501953125,23586.94921875,516.0
2021-11-24,17415.05078125,37441.94921875,15046.5,34966.25,11308.849609375,38178.19921875,5602.60009765625,13408.099609375,23650.05078125,515.6500244140625
2021-11-25,17536.25,37364.75,15150.599609375,35300.25,11247.75,38259.75,5624.0,13566.5,24218.25,525.7000122070312
2021-11-26,17026.44921875,36025.5,14707.2001953125,34606.1484375,10759.599609375,37547.1484375,5323.75,13797.099609375,23349.400390625,492.79998779296875
2021-11-29,17053.94921875,35976.44921875,14656.4501953125,34870.75,10704.150390625,37324.8515625,5304.7001953125,13648.7998046875,23052.150390625,484.6000061035156
2021-11-30,16983.19921875,35695.30078125,14648.349609375,35043.75,10603.5498046875,37386.94921875,5201.7001953125,13662.7998046875,22823.44921875,487.6000061035156
2021-12-01,17166.900390625,36364.8984375,14784.7001953125,35429.0,10758.150390625,37457.8515625,5322.2001953125,13442.099609375,23110.80078125,494.6499938964844
2021-12-02,17401.650390625,36508.25,14973.9501953125,36157.8515625,10873.150390625,37892.6015625,5405.0498046875,13557.0,23491.599609375,497.3500061035156
2021-12-03,17196.69921875,36197.1484375,14856.2998046875,35848.05078125,10788.75,37498.1015625,5392.39990234375,13443.849609375,23258.349609375,496.29998779296875
2021-12-06,16912.25,35735.8984375,14618.349609375,34879.3984375,10589.7998046875,36821.8515625,5327.89990234375,13192.25,22900.5,489.5
2021-12-07,17176.69921875,36618.3984375,14834.5,35272.30078125,10759.0,37175.8515625,5494.4501953125,13234.349609375,23172.5,500.45001220703125
2021-12-08,17469.75,37284.69921875,15073.25,35959.05078125,11007.7001953125,37659.94921875,5594.89990234375,13433.849609375,23362.80078125,509.04998779296875
2021-12-09,17516.849609375,37082.44921875,15126.599609375,35946.3515625,11058.75,38201.6484375,5629.7998046875,13449.400390625,23408.30078125,507.6499938964844
2021-12-10,17511.30078125,37105.6484375,15155.0,35939.6015625,11080.0498046875,38189.55078125,5658.89990234375,13446.099609375,23429.94921875,519.4000244140625
2021-12-13,17368.25,36925.25,15064.25,36050.55078125,11047.150390625,37823.55078125,5642.7998046875,13432.900390625,23177.349609375,512.4000244140625
2021-12-14,17324.900390625,36893.94921875,15043.25,36102.55078125,10972.150390625,37642.6015625,5666.7998046875,13575.900390625,23361.400390625,509.20001220703125
2021-12-15,17221.400390625,36789.55078125,14953.099609375,35737.19921875,11026.0,37424.6484375,5604.10009765625,13512.0498046875,23185.69921875,499.6000061035156
2021-12-16,17248.400390625,36548.6484375,14936.4501953125,36160.30078125,10945.75,37244.3515625,5597.14990234375,13393.650390625,23175.150390625,495.3999938964844
2021-12-17,16985.19921875,35618.6484375,14673.150390625,36647.8984375,10678.650390625,36438.0,5476.7998046875,13230.7001953125,22755.75,475.95001220703125
2021-12-20,16614.19921875,34439.8515625,14300.7001953125,35916.44921875,10405.2998046875,36084.6484375,5269.60009765625,13184.4501953125,22070.44921875,452.6499938964844
2021-12-21,16770.849609375,34607.8515625,14461.400390625,36627.1484375,10483.900390625,36336.80078125,5424.60009765625,13282.849609375,22325.69921875,459.95001220703125
2021-12-22,16955.44921875,35029.5,14639.75,36989.1484375,10652.5498046875,36505.55078125,5521.10009765625,13547.7001953125,22580.30078125,473.5
2021-12-23,17072.599609375,35191.1484375,14751.4501953125,37362.8515625,10731.0498046875,36995.1015625,5519.89990234375,13644.5,22869.650390625,484.45001220703125
2021-12-24,17003.75,34857.05078125,14664.7998046875,37727.80078125,10620.75,36913.75,5492.7001953125,13491.25,22588.849609375,477.29998779296875
2021-12-27,17086.25,35057.8984375,14727.599609375,37988.5,10641.650390625,36883.3984375,5489.4501953125,13710.150390625,22561.44921875,479.6000061035156
2021-12-28,17233.25,35183.80078125,14867.849609375,38357.80078125,10783.849609375,37162.69921875,5538.7001953125,13836.150390625,22816.599609375,483.3999938964844
2021-12-29,17213.599609375,35045.3984375,14863.400390625,38274.6484375,10829.5498046875,37028.69921875,5480.5498046875,14072.900390625,22745.349609375,483.04998779296875
2021-12-30,17203.94921875,35063.6015625,14842.0498046875,38658.80078125,10755.650390625,37075.6484375,5416.64990234375,14135.5,22485.400390625,478.3500061035156
2021-12-31,17354.05078125,35481.69921875,14996.2001953125,38701.05078125,10936.900390625,37579.94921875,5521.75,14223.0,22631.94921875,484.1499938964844
2022-01-03,17625.69921875,36421.8984375,15204.599609375,39123.80078125,11114.5498046875,37606.05078125,5628.10009765625,14156.400390625,22849.25,489.6499938964844
2022-01-04,17805.25,36840.1484375,15318.75,39370.69921875,11139.400390625,37800.3515625,5606.85009765625,14040.650390625,23370.349609375,487.04998779296875
2022-01-05,17925.25,37695.8984375,15396.400390625,38609.1484375,11256.849609375,37910.94921875,5684.14990234375,13999.849609375,23518.0,492.8999938964844
2022-01-06,17745.900390625,37490.25,15290.099609375,38009.0,11316.599609375,37622.5,5656.0,13912.25,23370.599609375,485.6499938964844
2022-01-07,17812.69921875,37739.6015625,15348.5498046875,38139.8515625,11290.900390625,37864.44921875,5684.85009765625,13857.9501953125,23577.69921875,485.79998779296875
2022-01-10,18003.30078125,38347.8984375,15495.5498046875,38212.19921875,11501.7001953125,37984.05078125,5718.7998046875,13858.9501953125,23712.349609375,495.1499938964844
2022-01-11,18055.75,38442.19921875,15530.5498046875,38605.44921875,11479.7001953125,37849.8984375,5610.35009765625,13854.25,24003.30078125,497.95001220703125
2022-01-12,18212.349609375,38727.55078125,15667.900390625,38604.75,11645.900390625,37992.94921875,5685.0,13833.7001953125,24515.80078125,507.45001220703125
2022-01-13,18257.80078125,38469.94921875,15721.0498046875,38607.0,11686.150390625,38087.25,5882.75,14051.150390625,24817.55078125,503.79998779296875
2022-01-14,18255.75,38370.3984375,15730.400390625,38826.8515625,11643.0498046875,37816.0,5871.39990234375,13964.150390625,24867.849609375,509.6000061035156
2022-01-17,18308.099609375,38216.1484375,15781.25,38804.94921875,11881.25,37988.8984375,5888.39990234375,13862.4501953125,25184.5,516.0999755859375
2022-01-18,18113.05078125,38210.30078125,15573.099609375,38091.75,11598.75,37503.1484375,5755.14990234375,13697.599609375,25054.94921875,502.6499938964844
2022-01-19,17938.400390625,38041.3515625,15472.5,37281.69921875,11681.400390625,37106.3984375,5801.10009765625,13682.7001953125,25293.94921875,501.8999938964844
2022-01-20,17757.0,37850.8515625,15361.099609375,36662.19921875,11583.2001953125,36681.3984375,5831.14990234375,13454.900390625,25270.099609375,503.04998779296875
2022-01-21,17617.150390625,37574.30078125,15180.7998046875,36054.6015625,11561.75,36812.8984375,5719.5498046875,13243.0498046875,25055.849609375,491.20001220703125
2022-01-24,17149.099609375,36947.55078125,14712.0498046875,34821.6015625,11261.2001953125,35941.3515625,5420.4501953125,12998.599609375,24425.25,462.20001220703125
2022-01-25,17277.94921875,37706.75,14832.2001953125,34707.44921875,11522.75,36382.8515625,5485.14990234375,13092.099609375,24716.400390625,470.6000061035156
2022-01-27,17110.150390625,37982.1015625,14679.7001953125,33475.05078125,11561.599609375,35966.80078125,5445.89990234375,12847.900390625,24557.0,462.1000061035156
2022-01-28,17101.94921875,37689.3984375,14723.25,33851.94921875,11493.400390625,36188.30078125,5466.0498046875,12983.0498046875,24677.0,465.6499938964844
2022-01-31,17339.849609375,37975.3515625,14921.4501953125,34824.55078125,11703.5,36467.25,5473.4501953125,13179.900390625,24983.94921875,480.25
2022-02-01,17576.849609375,38505.5,15116.2001953125,35371.6484375,11616.099609375,37183.80078125,5719.39990234375,13477.5,24888.44921875,488.6499938964844
2022-02-02,17780.0,39330.5,15293.349609375,35788.75,11632.400390625,37581.5,5779.7001953125,13643.650390625,24998.94921875,495.5
2022-02-03,17560.19921875,39010.0,15135.900390625,35056.80078125,11683.400390625,37467.19921875,5761.60009765625,13617.599609375,24728.94921875,486.8999938964844
2022-02-04,17516.30078125,38789.3515625,15085.4501953125,35080.1015625,11560.599609375,37508.3984375,5829.5,13580.2998046875,24699.150390625,473.45001220703125
2022-02-07,17213.599609375,37995.44921875,14870.599609375,34621.25,11407.25,36764.94921875,5829.0,13381.7001953125,24825.0,468.20001220703125
2022-02-08,17266.75,38028.44921875,14857.0498046875,34521.55078125,11429.7998046875,36765.94921875,5875.60009765625,13444.7001953125,24500.900390625,464.25
2022-02-09,17463.80078125,38610.25,15016.349609375,34983.30078125,11680.150390625,36852.8515625,5985.0,13570.2998046875,24514.349609375,467.0
2022-02-10,17605.849609375,39010.94921875,15112.2001953125,35341.8515625,11674.0498046875,36982.55078125,6059.4501953125,13613.0498046875,24685.55078125,471.20001220703125
2022-02-11,17374.75,38517.25,14891.2998046875,34379.05078125,11552.900390625,36671.6484375,6023.7998046875,13510.2998046875,24549.69921875,461.8500061035156
2022-02-14,16842.80078125,36908.55078125,14400.400390625,33880.6484375,11107.150390625,35661.25,5719.0,13252.150390625,23899.80078125,437.3999938964844
2022-02-15,17352.44921875,38170.1015625,14805.5498046875,34913.30078125,11552.2998046875,36438.69921875,5845.5,13356.900390625,24363.80078125,450.70001220703125
2022-02-16,17322.19921875,37953.80078125,14789.900390625,34801.94921875,11509.7001953125,36460.75,5812.14990234375,13425.099609375,24392.94921875,455.79998779296875
2022-02-17,17304.599609375,37531.6484375,14772.0498046875,34634.1015625,11492.849609375,36571.69921875,5793.39990234375,13324.400390625,24757.94921875,454.70001220703125
2022-02-18,17276.30078125,37599.1484375,14710.7001953125,34483.1015625,11420.4501953125,36498.69921875,5778.39990234375,13208.7998046875,24540.69921875,449.0
2022-02-21,17206.650390625,37685.6015625,14597.099609375,34472.05078125,11361.599609375,36200.30078125,5658.9501953125,13029.900390625,24174.400390625,442.8999938964844
2022-02-22,17092.19921875,37371.6484375,14489.0498046875,34129.55078125,11343.0498046875,35879.8515625,5595.89990234375,12954.5,24166.349609375,430.0
2022-02-23,17063.25,37392.05078125,14506.9501953125,34114.30078125,11318.7001953125,35933.1015625,5608.89990234375,12976.2998046875,24164.75,443.54998779296875
2022-02-24,16247.9501953125,35228.1015625,13775.7001953125,32547.900390625,10609.7998046875,34735.1484375,5313.64990234375,12500.099609375,22928.099609375,411.75
2022-02-25,16658.400390625,36430.75,14187.400390625,33476.94921875,10895.2998046875,35292.55078125,5618.7001953125,12899.849609375,23590.599609375,433.75
2022-02-28,16793.900390625,36205.30078125,14307.9501953125,33847.8515625,10820.5498046875,35515.3984375,5896.85009765625,12927.599609375,24212.099609375,436.3999938964844
2022-03-02,16605.94921875,35372.80078125,14199.7998046875,33720.0,10500.4501953125,35364.44921875,6136.7001953125,12689.5498046875,24520.650390625,431.25
2022-03-03,16498.05078125,34944.30078125,14135.9501953125,34130.30078125,10261.099609375,35019.6015625,6210.25,12643.75,24968.25,429.0
2022-03-04,16245.349609375,34407.80078125,13893.150390625,34177.69921875,9896.650390625,34627.8515625,6010.14990234375,12600.150390625,24491.349609375,416.45001220703125
2022-03-07,15863.150390625,32871.25,13564.25,34135.8984375,9480.4501953125,33657.44921875,6136.14990234375,12546.849609375,24207.599609375,393.6499938964844
2022-03-08,16013.4501953125,33158.1015625,13706.75,35055.55078125,9560.0,34006.8984375,6045.2998046875,12844.849609375,24229.0,406.45001220703125
2022-03-09,16345.349609375,33815.44921875,13979.599609375,35440.55078125,9832.349609375,34486.94921875,6024.60009765625,13059.25,24459.099609375,418.8500061035156
2022-03-10,16594.900390625,34475.6015625,14189.0,35399.1015625,10019.349609375,35530.30078125,6161.9501953125,13077.0498046875,24816.650390625,428.20001220703125
2022-03-11,16630.44921875,34546.25,14237.150390625,35348.69921875,9979.7001953125,35613.6484375,6190.0498046875,13399.0,25004.30078125,430.20001220703125
2022-03-14,16871.30078125,35312.1484375,14374.599609375,36028.0,10074.2998046875,35589.3984375,6161.0498046875,13351.900390625,24889.80078125,422.95001220703125
2022-03-15,16663.0,35022.6484375,14215.849609375,35097.8515625,10131.2998046875,35649.94921875,5910.10009765625,13318.849609375,24347.94921875,421.70001220703125
2022-03-16,16975.349609375,35748.25,14481.7998046875,35729.6484375,10350.099609375,36273.6015625,6065.7001953125,13374.5,24783.80078125,437.04998779296875
2022-03-17,17287.05078125,36428.55078125,14721.7001953125,35643.6015625,10576.0,36782.69921875,6183.7998046875,13546.0498046875,25304.80078125,450.75
2022-03-21,17117.599609375,36018.5,14602.349609375,35377.75,10448.400390625,36149.3515625,6276.35009765625,13549.5498046875,24936.650390625,447.6000061035156
2022-03-22,17315.5,36348.55078125,14724.0498046875,36070.44921875,10572.900390625,35887.05078125,6323.7001953125,13513.150390625,25359.5,443.1000061035156
2022-03-23,17245.650390625,36147.3515625,14695.150390625,36082.0,10463.4501953125,35789.8515625,6399.9501953125,13569.650390625,25569.75,441.54998779296875
2022-03-24,17222.75,35527.1015625,14699.349609375,36516.75,10412.400390625,35797.1484375,6498.2001953125,13724.5,25789.099609375,443.75
2022-03-25,17153.0,35410.1015625,14651.7001953125,36152.30078125,10354.150390625,35522.75,6500.2001953125,13607.0498046875,25833.55078125,449.1499938964844
2022-03-28,17222.0,35710.5,14675.849609375,36026.05078125,10421.599609375,35659.44921875,6559.39990234375,13562.25,25989.30078125,451.0
2022-03-29,17325.30078125,35847.3984375,14761.900390625,36146.75,10416.25,35640.1484375,6571.85009765625,13771.400390625,25889.94921875,455.3999938964844
2022-03-30,17498.25,36334.30078125,14896.900390625,36463.55078125,10542.150390625,35858.25,6428.9501953125,13745.599609375,25856.19921875,462.3500061035156
2022-03-31,17464.75,36373.6015625,14894.5,36317.19921875,10552.099609375,36287.75,6423.7001953125,13584.099609375,25822.0,463.54998779296875
2022-04-01,17670.44921875,37148.5,15087.2998046875,36343.3984375,10676.849609375,36712.1484375,6477.2001953125,13579.900390625,26454.5,474.54998779296875
2022-04-04,18053.400390625,38635.19921875,15384.2001953125,36442.8984375,10803.849609375,37191.75,6606.10009765625,13789.25,26841.0,476.1499938964844
2022-04-05,17957.400390625,38067.8984375,15390.5,36466.55078125,10936.5,37656.80078125,6640.4501953125,13809.25,27150.650390625,474.8999938964844
2022-04-06,17807.650390625,37632.80078125,15327.900390625,35871.5,10906.7998046875,37588.8984375,6730.0,13758.4501953125,27472.05078125,473.70001220703125
2022-04-07,17639.55078125,37557.3515625,15201.25,35423.25,10820.7001953125,37561.69921875,6618.35009765625,13815.0,27005.150390625,473.8500061035156
2022-04-08,17784.349609375,37752.05078125,15342.400390625,35394.44921875,10894.2998046875,38322.6484375,6755.5498046875,13838.599609375,27512.69921875,474.5
2022-04-11,17674.94921875,37613.80078125,15325.5,34895.8984375,10882.099609375,38236.25,6774.89990234375,13837.849609375,28235.25,479.8500061035156
2022-04-12,17530.30078125,37747.3984375,15164.7001953125,34379.5,10788.7998046875,37931.3984375,6589.25,13744.650390625,28059.05078125,466.6000061035156
2022-04-13,17475.650390625,37463.3984375,15138.5498046875,34354.80078125,10698.2998046875,38191.3984375,6627.0,13772.75,28193.69921875,464.1000061035156
2022-04-18,17173.650390625,36729.0,14926.0498046875,32780.05078125,10745.75,38422.1015625,6648.9501953125,13717.2998046875,28423.19921875,458.20001220703125
2022-04-19,16958.650390625,36341.6015625,14726.650390625,31804.19921875,10615.150390625,37337.3984375,6578.0,13522.4501953125,28440.849609375,446.8999938964844
2022-04-20,17136.55078125,36314.8984375,14850.2998046875,32173.400390625,10848.7001953125,37722.80078125,6556.10009765625,13660.650390625,28690.69921875,449.3500061035156
2022-04-21,17392.599609375,36816.1015625,15053.9501953125,32611.599609375,11090.5498046875,38005.8984375,6570.2001953125,13821.2998046875,29026.0,454.3999938964844
2022-04-22,17171.94921875,36044.75,14894.849609375,32426.69921875,11028.150390625,37775.44921875,6440.64990234375,13569.849609375,28877.650390625,448.1000061035156
2022-04-25,16953.94921875,36082.3515625,14673.0,31744.0,10916.5,37167.3984375,6256.7998046875,13296.75,28155.099609375,431.25
2022-04-26,17200.80078125,36404.80078125,14898.349609375,31840.05078125,11221.75,37866.69921875,6336.85009765625,13444.099609375,28902.599609375,446.6499938964844
2022-04-27,17038.400390625,36028.8515625,14756.0,31594.349609375,11158.849609375,37634.5,6321.5498046875,13358.150390625,28527.599609375,445.29998779296875
2022-04-28,17245.05078125,36422.19921875,14913.900390625,31914.349609375,11192.0498046875,38460.25,6362.39990234375,13480.0,29046.099609375,449.1000061035156
2022-04-29,17102.55078125,36088.1484375,14783.349609375,31622.400390625,11078.099609375,38204.1484375,6327.2998046875,13462.849609375,28594.150390625,443.75
2022-05-02,17069.099609375,36163.75,14736.2998046875,31138.80078125,10938.2998046875,38285.30078125,6363.10009765625,13460.25,28573.650390625,444.70001220703125
2022-05-04,16677.599609375,35264.55078125,14393.349609375,30794.599609375,10661.0,37621.80078125,6158.5498046875,13108.7998046875,28201.400390625,430.1499938964844
2022-05-05,16682.650390625,35232.8515625,14395.5,31432.44921875,10705.7001953125,37408.05078125,6196.60009765625,13008.5,28284.900390625,423.20001220703125
2022-05-06,16411.25,34591.19921875,14145.75,30719.44921875,10518.4501953125,37279.30078125,6066.0,12820.900390625,28339.0,408.1499938964844
2022-05-09,16301.849609375,34275.3984375,13991.75,30733.30078125,10483.5,36732.0,5942.7998046875,12785.0,27570.25,402.95001220703125
2022-05-10,16240.0498046875,34482.6484375,13855.9501953125,30427.19921875,10472.4501953125,36911.8984375,5633.85009765625,12596.2998046875,26581.349609375,391.1000061035156
2022-05-11,16167.099609375,34693.1484375,13771.7998046875,30050.25,10377.400390625,36658.3984375,5634.14990234375,12557.650390625,26464.69921875,393.95001220703125
2022-05-12,15808.0,33532.1484375,13465.25,29756.849609375,10164.349609375,36221.75,5425.89990234375,12424.4501953125,25719.150390625,385.5
2022-05-13,15782.150390625,33121.3515625,13471.5,29624.849609375,10412.349609375,36887.1484375,5313.0498046875,12629.5,25347.650390625,384.45001220703125
2022-05-16,15842.2998046875,33597.6015625,13571.2001953125,29403.5,10649.099609375,36759.5,5359.9501953125,12608.25,25657.400390625,394.5
2022-05-17,16259.2998046875,34301.8984375,13926.0498046875,30218.75,10911.150390625,37518.75,5727.4501953125,12745.9501953125,26455.849609375,402.20001220703125
2022-05-18,16240.2998046875,34163.69921875,13918.2001953125,30077.69921875,10909.4501953125,37989.05078125,5708.9501953125,12881.5498046875,26314.900390625,395.1499938964844
2022-05-19,15809.400390625,33315.6484375,13550.900390625,28352.150390625,10618.0,37740.44921875,5476.25,12600.849609375,25839.75,384.8500061035156
2022-05-20,16266.150390625,34276.3984375,13895.0498046875,28789.400390625,10914.599609375,38546.3515625,5706.35009765625,13065.5,26433.5,401.04998779296875
2022-05-23,16214.7001953125,34247.6015625,13835.7998046875,29079.30078125,11115.2001953125,38510.80078125,5241.60009765625,12889.2001953125,26052.0,396.79998779296875
2022-05-24,16125.150390625,34290.1484375,13747.25,28531.5,11116.2998046875,38010.8515625,5180.2998046875,12691.599609375,25824.19921875,392.0
2022-05-25,16025.7998046875,34339.5,13587.75,27566.099609375,11011.5,37930.94921875,5079.25,12543.849609375,25778.0,380.70001220703125
2022-05-26,16170.150390625,35094.8984375,13722.5498046875,27932.55078125,11097.150390625,37849.19921875,5214.75,12557.5,25760.44921875,386.0
2022-05-27,16352.4501953125,35613.30078125,13873.150390625,28641.599609375,11270.25,38242.69921875,5211.5,12669.9501953125,25511.849609375,387.8500061035156
2022-05-30,16661.400390625,35826.94921875,14154.7998046875,29753.30078125,11491.400390625,38610.3984375,5264.0498046875,12671.150390625,25921.099609375,403.6000061035156
2022-05-31,16584.55078125,35487.3984375,14119.599609375,29679.05078125,11586.599609375,38713.44921875,5332.75,12604.4501953125,25641.099609375,411.70001220703125
2022-06-01,16522.75,35620.80078125,14082.900390625,29260.75,11563.0,38434.55078125,5336.7001953125,12443.75,25456.44921875,407.1000061035156
2022-06-02,16628.0,35613.6484375,14167.9501953125,29792.400390625,11491.400390625,38497.30078125,5397.5498046875,12500.349609375,25968.650390625,410.79998779296875
2022-06-03,16584.30078125,35275.05078125,14077.900390625,29903.80078125,11282.150390625,38273.8984375,5328.7998046875,12418.7998046875,25882.400390625,406.8500061035156
2022-06-06,16569.55078125,35310.19921875,14054.099609375,29819.80078125,11303.150390625,38238.44921875,5388.64990234375,12412.400390625,25830.349609375,403.5
2022-06-07,16416.349609375,34996.0,13935.599609375,29351.69921875,11362.2001953125,37648.8515625,5340.85009765625,12279.650390625,26101.900390625,396.75
2022-06-08,16356.25,34946.1484375,13886.900390625,29472.150390625,11382.349609375,37254.3515625,5348.2001953125,12317.7998046875,25976.25,404.25
2022-06-09,16478.099609375,35085.44921875,13977.099609375,29761.55078125,11419.25,37440.6484375,5278.2001953125,12465.900390625,26287.69921875,405.29998779296875
2022-06-10,16201.7998046875,34483.80078125,13781.75,29114.30078125,11394.0,37428.69921875,5199.9501953125,12419.2001953125,25808.5,400.45001220703125
2022-06-13,15774.400390625,33405.8515625,13416.900390625,27914.599609375,11165.650390625,37078.1015625,5000.0,12191.849609375,25317.400390625,387.8500061035156
2022-06-14,15732.099609375,33311.3515625,13388.2998046875,27953.349609375,11104.150390625,36999.1484375,5018.2998046875,12218.5,25177.69921875,391.0
2022-06-15,15692.150390625,33339.0,13380.849609375,27812.44921875,11206.75,36830.8984375,4982.2998046875,12261.349609375,24877.0,388.6000061035156
2022-06-16,15360.599609375,32617.099609375,13089.2001953125,27136.44921875,10956.599609375,36621.1484375,4721.2998046875,12066.650390625,24370.0,377.70001220703125
2022-06-17,15293.5,32743.05078125,12994.75,26732.44921875,10830.900390625,36264.55078125,4724.85009765625,11803.9501953125,24155.150390625,377.6499938964844
2022-06-20,15350.150390625,32684.80078125,12950.75,26966.19921875,10754.7001953125,36915.75,4540.5498046875,11847.900390625,23701.30078125,370.75
2022-06-21,15638.7998046875,33191.75,13241.900390625,27810.650390625,10974.2001953125,37317.75,4720.75,12098.349609375,24355.94921875,384.29998779296875
2022-06-22,15413.2998046875,32845.30078125,13047.75,27488.400390625,10881.400390625,36963.30078125,4490.75,11939.0498046875,23792.05078125,375.8999938964844
2022-06-23,15556.650390625,33135.0,13178.7998046875,28027.80078125,11359.5,37316.5,4523.0,12127.2001953125,23692.55078125,382.1499938964844
2022-06-24,15699.25,33627.44921875,13322.5,27777.80078125,11583.25,37778.8515625,4596.60009765625,12178.400390625,24021.30078125,383.20001220703125
2022-06-27,15832.0498046875,33811.25,13444.5498046875,28345.94921875,11686.0498046875,38103.19921875,4666.2998046875,12221.5498046875,24238.150390625,386.5
2022-06-28,15850.2001953125,33642.44921875,13464.25,28509.099609375,11832.5498046875,38173.1015625,4744.0,12214.5498046875,24477.94921875,389.1000061035156
2022-06-29,15799.099609375,33269.8984375,13417.849609375,28140.099609375,11850.5,37688.3515625,4755.39990234375,12210.9501953125,24972.650390625,389.95001220703125
2022-06-30,15780.25,33425.1015625,13387.5498046875,27843.349609375,11701.150390625,37664.55078125,4660.89990234375,12159.349609375,25108.5,385.29998779296875
2022-07-01,15752.0498046875,33539.44921875,13394.4501953125,28064.25,11711.9501953125,38725.8515625,4696.5,12260.900390625,24122.849609375,391.3999938964844
2022-07-04,15835.349609375,33940.8984375,13472.650390625,27890.650390625,11692.099609375,39755.6484375,4649.9501953125,12218.2001953125,24078.19921875,392.6000061035156
2022-07-05,15810.849609375,33815.8984375,13461.849609375,27695.150390625,11649.7998046875,39690.6015625,4663.75,12233.75,24229.0,391.8500061035156
2022-07-06,15989.7998046875,34324.25,13631.2998046875,28007.599609375,11952.2001953125,40740.1484375,4665.2998046875,12331.150390625,24079.19921875,400.75
2022-07-07,16132.900390625,34920.30078125,13765.599609375,28196.349609375,12114.099609375,40708.69921875,4842.2001953125,12389.7001953125,24109.150390625,411.25
2022-07-08,16220.599609375,35124.05078125,13828.25,28250.30078125,12124.599609375,40925.25,4799.5498046875,12449.4501953125,24347.650390625,411.0
2022-07-11,16216.0,35469.6484375,13886.849609375,27380.55078125,12252.5,41043.1484375,4893.89990234375,12564.849609375,25005.5,417.04998779296875
2022-07-12,16058.2998046875,35132.25,13779.0,27063.75,12107.349609375,40574.80078125,4834.0498046875,12450.650390625,25098.44921875,417.45001220703125
2022-07-13,15966.650390625,34827.80078125,13726.9501953125,26949.75,12099.349609375,40954.3984375,4872.5498046875,12622.2998046875,24727.19921875,418.6000061035156
2022-07-14,15938.650390625,34651.19921875,13702.650390625,26523.30078125,12115.2998046875,40897.30078125,4870.35009765625,12721.0,24975.349609375,417.6499938964844
2022-07-15,16049.2001953125,34682.6484375,13790.2001953125,26484.75,12361.650390625,41498.80078125,4830.7001953125,12732.0,24964.5,420.0
2022-07-18,16278.5,35358.69921875,13984.400390625,27322.94921875,12408.7001953125,41460.30078125,4950.9501953125,12713.4501953125,25279.150390625,425.1000061035156
2022-07-19,16340.5498046875,35720.3515625,14051.650390625,27346.150390625,12538.900390625,41479.8515625,4991.0,12682.2001953125,25372.69921875,435.95001220703125
2022-07-20,16520.849609375,35972.1015625,14164.400390625,28146.349609375,12511.2998046875,41950.1484375,5046.7001953125,12711.5,25608.19921875,435.20001220703125
2022-07-21,16605.25,36201.0,14271.7998046875,28342.900390625,12581.349609375,42283.0,5090.10009765625,12651.75,25719.599609375,438.0
2022-07-22,16719.44921875,36738.94921875,14336.599609375,28168.150390625,12634.2001953125,42502.75,5094.10009765625,12617.5498046875,25621.650390625,439.5
2022-07-25,16631.0,36726.3984375,14279.5,28216.0,12423.7001953125,42386.94921875,5168.5498046875,12488.7998046875,25360.849609375,437.5
2022-07-26,16483.849609375,36408.5,14141.4501953125,27418.849609375,12276.5,41799.05078125,5153.39990234375,12341.900390625,25273.349609375,433.1000061035156
2022-07-27,16641.80078125,36783.75,14262.5498046875,27878.80078125,12326.349609375,42036.30078125,5193.64990234375,12628.9501953125,25278.650390625,437.75
2022-07-28,16929.599609375,37378.1484375,14469.099609375,28663.05078125,12383.7001953125,42271.6484375,5282.10009765625,12660.650390625,25555.55078125,446.79998779296875
2022-07-29,17158.25,37491.3984375,14665.650390625,29152.30078125,12543.2001953125,42487.3984375,5485.7998046875,12776.5498046875,26018.400390625,450.95001220703125
2022-08-01,17340.05078125,37903.19921875,14846.849609375,29220.0,12953.650390625,42526.75,5578.14990234375,12766.849609375,26746.44921875,452.6499938964844
2022-08-02,17345.44921875,38024.0,14876.599609375,29024.650390625,13023.650390625,42798.5,5563.4501953125,12780.400390625,27038.5,445.0
2022-08-03,17388.150390625,37989.25,14878.0498046875,29416.94921875,12919.400390625,42624.1484375,5553.14990234375,12682.0,27052.25,441.6000061035156
2022-08-04,17382.0,37755.55078125,14892.4501953125,29782.900390625,12945.7001953125,42830.25,5620.35009765625,12982.349609375,26803.75,436.54998779296875
2022-08-05,17397.5,37920.6015625,14900.400390625,29973.55078125,12804.349609375,42930.8984375,5595.85009765625,12939.75,26418.650390625,437.8999938964844
2022-08-08,17525.099609375,38237.3984375,14993.349609375,29967.69921875,12927.9501953125,42978.5,5668.0,12940.25,26728.849609375,438.6000061035156
2022-08-10,17534.75,38287.8515625,14985.7998046875,29701.150390625,12951.650390625,42821.6015625,5759.60009765625,12950.7001953125,26664.75,434.79998779296875
2022-08-11,17659.0,38879.8515625,15095.150390625,30233.69921875,12923.5498046875,42478.5,5758.85009765625,13014.2001953125,26661.75,440.3999938964844
2022-08-12,17698.150390625,39042.30078125,15140.5498046875,29885.900390625,12923.75,42457.30078125,5853.4501953125,12864.0,27163.94921875,443.25
2022-08-16,17825.25,39239.6484375,15280.5,29909.0,13250.0,42964.1015625,5893.39990234375,12933.849609375,27462.30078125,452.0
2022-08-17,17944.25,39461.69921875,15379.0498046875,30256.900390625,13194.25,43275.8515625,5922.7998046875,12979.25,27609.25,452.3500061035156
2022-08-18,17956.5,39656.1484375,15404.599609375,30018.900390625,13131.900390625,43522.30078125,5977.14990234375,12935.75,27630.80078125,459.3500061035156
2022-08-19,17758.44921875,38985.94921875,15236.650390625,30036.099609375,12946.4501953125,42945.3515625,5883.25,12799.9501953125,27468.05078125,450.3999938964844
2022-08-22,17490.69921875,38297.75,15001.75,29478.900390625,12695.75,42890.6484375,5708.10009765625,12588.25,27234.5,439.1000061035156
2022-08-23,17577.5,38697.6484375,15090.5,28957.849609375,12925.75,42937.6484375,5789.2001953125,12683.5498046875,27492.25,440.8500061035156
2022-08-24,17604.94921875,39038.5,15140.400390625,28859.849609375,12913.349609375,42999.69921875,5830.0498046875,12644.0,27561.5,448.8500061035156
2022-08-25,17522.44921875,38950.75,15100.650390625,28608.650390625,12877.900390625,42830.05078125,5800.10009765625,12593.25,27514.900390625,455.45001220703125
2022-08-26,17558.900390625,38987.1484375,15147.5498046875,28691.599609375,12929.150390625,42768.94921875,5902.7001953125,12580.4501953125,27724.650390625,453.75
2022-08-29,17312.900390625,38276.69921875,14972.75,27678.94921875,12886.400390625,42933.8984375,5812.25,12545.75,27557.44921875,447.6000061035156
2022-08-30,17759.30078125,39536.75,15325.0498046875,28407.900390625,13217.349609375,43821.1484375,5934.60009765625,12699.400390625,28104.5,463.20001220703125
2022-09-01,17542.80078125,39301.25,15211.2001953125,27846.80078125,13266.150390625,43497.3515625,5878.9501953125,12555.0,27565.80078125,468.20001220703125
2022-09-02,17539.44921875,39421.0,15201.599609375,27745.80078125,13220.650390625,43666.55078125,5887.7001953125,12506.150390625,27358.849609375,467.3500061035156
2022-09-05,17665.80078125,39805.75,15294.400390625,27836.599609375,13246.099609375,43755.8515625,5985.75,12565.5498046875,27531.69921875,471.5
2022-09-06,17655.599609375,39666.5,15313.0498046875,27742.80078125,13225.2998046875,43528.8984375,6064.7001953125,12598.0,27885.5,473.20001220703125
2022-09-07,17624.400390625,39455.8984375,15319.400390625,27832.400390625,13072.650390625,43614.94921875,6066.39990234375,12696.2998046875,27718.80078125,473.6000061035156
2022-09-08,17798.75,40208.94921875,15440.7001953125,28102.400390625,13151.400390625,43786.44921875,6011.5,12689.9501953125,27783.599609375,472.25
2022-09-09,17833.349609375,40415.69921875,15467.400390625,28724.05078125,13219.599609375,43837.69921875,6025.2998046875,12689.2998046875,27692.94921875,470.04998779296875
2022-09-12,17936.349609375,40574.0,15577.400390625,29131.19921875,13256.099609375,43921.8515625,6080.9501953125,12715.25,27946.599609375,480.3999938964844
2022-09-13,18070.05078125,40873.1015625,15669.849609375,29116.849609375,13264.150390625,44251.55078125,6158.89990234375,12745.599609375,28047.69921875,479.54998779296875
2022-09-14,18003.75,41405.3984375,15630.7001953125,28137.650390625,13222.25,44182.6484375,6256.2998046875,12682.2001953125,27954.75,476.25
2022-09-15,17877.400390625,41209.19921875,15580.349609375,27734.349609375,13315.5,44041.6015625,6263.89990234375,12518.849609375,28172.099609375,471.8999938964844
2022-09-16,17530.849609375,40776.80078125,15243.9501953125,26706.44921875,12954.4501953125,43192.6484375,6137.64990234375,12346.849609375,27728.80078125,454.3500061035156
2022-09-19,17622.25,40904.3984375,15293.5498046875,26810.150390625,13074.0,43655.6484375,6110.10009765625,12369.599609375,27586.75,450.04998779296875
2022-09-20,17816.25,41468.30078125,15470.349609375,27020.599609375,13291.349609375,43981.25,6205.60009765625,12750.7001953125,27724.349609375,457.20001220703125
2022-09-21,17718.349609375,41203.44921875,15361.25,26843.25,13223.4501953125,44500.1484375,6076.10009765625,12573.5498046875,27310.099609375,451.29998779296875
2022-09-22,17629.80078125,40630.6015625,15335.2998046875,26782.650390625,13320.75,45080.44921875,6100.75,12612.849609375,27223.349609375,450.04998779296875
2022-09-23,17327.349609375,39546.25,15057.650390625,26592.349609375,13093.5,44854.6484375,6027.35009765625,12610.650390625,26500.099609375,436.75
2022-09-26,17016.30078125,38616.25,14725.7001953125,26743.650390625,12594.349609375,43937.3984375,5778.25,12475.5,25684.19921875,418.20001220703125
2022-09-27,17007.400390625,38359.1484375,14727.2998046875,27004.150390625,12529.7998046875,44218.1484375,5728.64990234375,12598.0,25682.30078125,417.04998779296875
2022-09-28,16858.599609375,37759.8515625,14620.599609375,27067.650390625,12537.349609375,43964.6484375,5617.64990234375,12705.400390625,25281.25,414.25
2022-09-29,16818.099609375,37647.75,14602.5,26819.05078125,12497.349609375,44356.25,5645.9501953125,12874.2998046875,25070.400390625,415.79998779296875
2022-09-30,17094.349609375,38631.94921875,14829.349609375,26981.150390625,12699.2998046875,44405.6484375,5768.2001953125,12971.900390625,25581.30078125,424.0
2022-10-03,16887.349609375,38029.6484375,14638.5,26729.099609375,12441.0498046875,43477.30078125,5593.9501953125,13118.9501953125,25192.599609375,418.75
2022-10-04,17274.30078125,39110.05078125,14965.7998046875,27496.94921875,12690.5498046875,44287.05078125,5769.2998046875,13233.4501953125,25717.650390625,428.25
2022-10-06,17331.80078125,39282.8515625,15053.0498046875,27928.75,12784.5498046875,44097.19921875,5956.9501953125,13188.0,25865.25,437.1499938964844
2022-10-07,17314.650390625,39178.05078125,15036.7001953125,27733.599609375,12761.9501953125,43813.30078125,5931.5498046875,13134.7001953125,25884.0,438.54998779296875
2022-10-10,17241.0,39093.1015625,14951.650390625,28027.599609375,12693.599609375,43329.19921875,5916.39990234375,13028.400390625,25621.599609375,434.25
2022-10-11,16983.55078125,38712.44921875,14721.900390625,27469.5,12488.349609375,42564.6484375,5785.9501953125,12826.7998046875,25209.75,420.8999938964844
2022-10-12,17123.599609375,39118.55078125,14829.9501953125,27694.650390625,12598.2998046875,43196.8515625,5798.14990234375,12839.349609375,25455.400390625,427.70001220703125
2022-10-13,17014.349609375,38624.0,14730.2998046875,27506.19921875,12562.75,43036.6484375,5804.25,12867.150390625,25319.900390625,423.45001220703125
2022-10-14,17185.69921875,39305.6015625,14815.099609375,27954.05078125,12478.25,43153.05078125,5767.2001953125,12950.4501953125,25066.94921875,420.04998779296875
2022-10-17,17311.80078125,39920.44921875,14906.150390625,28019.150390625,12562.5498046875,43182.8984375,5711.39990234375,12982.400390625,25449.150390625,418.25
2022-10-18,17486.94921875,40318.75,15056.5498046875,28315.19921875,12732.650390625,43715.75,5775.0498046875,13008.25,25779.55078125,425.45001220703125
2022-10-19,17512.25,40373.19921875,15068.599609375,28060.349609375,12721.0498046875,43890.55078125,5736.14990234375,13021.75,25721.44921875,427.1499938964844
2022-10-20,17563.94921875,40099.55078125,15112.099609375,28432.19921875,12729.599609375,44281.1484375,5801.7001953125,13089.2001953125,26080.349609375,426.6000061035156
2022-10-21,17576.30078125,40784.05078125,15081.099609375,28336.94921875,12695.650390625,44269.19921875,5748.35009765625,12979.400390625,25907.55078125,426.79998779296875
2022-10-24,17730.75,41304.8984375,15198.75,28534.30078125,12794.650390625,44210.1015625,5789.0498046875,13061.099609375,26056.25,428.0
2022-10-25,17656.349609375,41122.75,15158.099609375,28722.849609375,12952.7998046875,43752.8515625,5812.4501953125,13112.2001953125,25793.150390625,425.3500061035156
2022-10-27,17736.94921875,41299.30078125,15244.25,28572.19921875,12979.400390625,43954.6015625,5970.25,13228.0498046875,26130.19921875,437.95001220703125
2022-10-28,17786.80078125,40990.8515625,15241.599609375,28318.349609375,13190.900390625,43944.1015625,5883.35009765625,13048.2998046875,26493.25,436.1499938964844
2022-10-31,18012.19921875,41307.8984375,15424.0,28727.599609375,13381.650390625,44296.30078125,5896.35009765625,13212.25,26672.650390625,438.6499938964844
2022-11-01,18145.400390625,41289.55078125,15537.400390625,29270.650390625,13416.900390625,44564.8984375,6036.9501953125,13492.0498046875,26899.650390625,442.70001220703125
2022-11-02,18082.849609375,41146.6484375,15497.5498046875,29138.650390625,13318.25,44533.3515625,6075.7001953125,13556.900390625,26917.900390625,439.1499938964844
2022-11-03,18052.69921875,41298.3515625,15484.7001953125,28795.75,13262.650390625,44661.8515625,6068.75,13559.9501953125,26769.44921875,441.70001220703125
2022-11-04,18117.150390625,41258.44921875,15530.849609375,28693.05078125,13271.7001953125,44509.55078125,6324.14990234375,13422.150390625,26896.05078125,443.04998779296875
2022-11-07,18202.80078125,41686.69921875,15615.150390625,28741.30078125,13443.900390625,44709.44921875,6423.85009765625,13230.0,27102.349609375,447.70001220703125
2022-11-09,18157.0,41783.19921875,15567.25,28626.80078125,13341.400390625,44826.55078125,6364.0498046875,13079.5,26941.599609375,441.54998779296875
2022-11-10,18028.19921875,41603.75,15440.0,28505.75,13080.75,44586.8984375,6318.75,12983.099609375,26712.25,440.8999938964844
2022-11-11,18349.69921875,42137.05078125,15649.099609375,29591.94921875,13040.900390625,44520.5,6447.2001953125,13015.650390625,26955.650390625,448.25
2022-11-14,18329.150390625,42076.75,15650.2001953125,29849.30078125,13071.400390625,43919.1484375,6558.5,13019.849609375,26866.30078125,453.29998779296875
2022-11-15,18403.400390625,42372.69921875,15693.900390625,29865.30078125,13155.5498046875,43911.05078125,6589.5498046875,13036.900390625,26994.94921875,452.79998779296875
2022-11-16,18409.650390625,42535.30078125,15663.2998046875,29951.5,13105.9501953125,43910.30078125,6461.60009765625,12998.5,26760.099609375,448.1499938964844
2022-11-17,18343.900390625,42458.05078125,15597.25,29681.400390625,12927.400390625,43845.1015625,6455.7001953125,12948.25,26584.19921875,448.3500061035156
2022-11-18,18307.650390625,42437.44921875,15550.849609375,29669.25,12774.900390625,43747.0,6444.39990234375,12861.400390625,26489.30078125,448.79998779296875
2022-11-21,18159.94921875,42346.55078125,15453.7998046875,29209.55078125,12696.099609375,43611.0,6392.25,12794.599609375,26141.900390625,443.1000061035156
2022-11-22,18244.19921875,42457.05078125,15509.2001953125,29446.900390625,12745.5,43854.1484375,6448.85009765625,12836.349609375,26050.150390625,437.70001220703125
2022-11-23,18267.25,42729.1015625,15538.150390625,29405.650390625,12774.75,43854.19921875,6422.85009765625,12876.9501953125,26080.19921875,438.79998779296875
2022-11-24,18484.099609375,43075.3984375,15680.7998046875,30178.650390625,12845.599609375,44241.75,6440.7001953125,12888.150390625,26312.94921875,439.75
2022-11-25,18512.75,42983.94921875,15727.25,30334.599609375,12958.0,44102.6015625,6455.14990234375,12968.4501953125,26452.599609375,444.8999938964844
2022-11-28,18562.75,43020.44921875,15784.4501953125,30309.650390625,13036.400390625,44251.05078125,6381.35009765625,12993.9501953125,26804.80078125,445.20001220703125
2022-11-29,18618.05078125,43053.44921875,15812.4501953125,30345.650390625,13007.650390625,45078.55078125,6447.35009765625,13087.349609375,26884.44921875,443.70001220703125
2022-11-30,18758.349609375,43231.0,15946.150390625,30391.69921875,13231.849609375,45536.55078125,6564.2001953125,13144.2001953125,27354.0,450.1499938964844
2022-12-01,18812.5,43260.6484375,16003.9501953125,31120.5,13191.75,45370.6484375,6664.85009765625,13120.650390625,27183.150390625,459.04998779296875
2022-12-02,18696.099609375,43103.75,15963.5,31052.099609375,13046.349609375,45154.19921875,6694.5,13086.9501953125,27028.05078125,463.3500061035156
2022-12-05,18701.05078125,43332.94921875,15967.2001953125,30891.5,13007.5498046875,45151.1484375,6819.75,13052.900390625,26931.650390625,466.54998779296875
2022-12-06,18642.75,43138.55078125,15922.849609375,30443.0,12973.7998046875,45287.8515625,6768.85009765625,12955.349609375,27021.05078125,463.3999938964844
2022-12-07,18560.5,43098.69921875,15862.0,30187.05078125,12870.650390625,45724.6015625,6709.2998046875,12869.7998046875,26714.5,457.8999938964844
2022-12-08,18609.349609375,43596.8515625,15911.099609375,30115.0,12908.150390625,45767.05078125,6756.9501953125,12728.7001953125,26643.19921875,454.3500061035156
2022-12-09,18496.599609375,43633.44921875,15812.75,29168.44921875,12869.400390625,46159.5,6681.5498046875,12774.7001953125,26370.44921875,447.54998779296875
2022-12-12,18497.150390625,43708.75,15828.0,29050.5,12874.349609375,46215.19921875,6708.14990234375,12758.0498046875,26450.30078125,449.6000061035156
2022-12-13,18608.0,43946.55078125,15904.5,29376.55078125,12931.0,46145.55078125,6722.0,12797.75,26482.349609375,446.0
2022-12-14,18660.30078125,44049.1015625,15963.7998046875,29713.900390625,13004.099609375,45949.3515625,6805.85009765625,12883.599609375,26648.0,452.45001220703125
2022-12-15,18414.900390625,43498.19921875,15783.7998046875,29087.94921875,12912.900390625,45544.55078125,6708.5498046875,12816.099609375,26489.19921875,446.54998779296875
2022-12-16,18269.0,43219.5,15636.349609375,28702.19921875,12775.25,45320.75,6657.7001953125,12636.2001953125,26302.0,439.79998779296875
2022-12-19,18420.44921875,43413.75,15755.2001953125,28556.44921875,12978.7998046875,45981.44921875,6742.4501953125,12646.4501953125,26578.69921875,443.04998779296875
2022-12-20,18385.30078125,43359.5,15726.2001953125,28612.5,12879.400390625,45694.69921875,6750.2998046875,12618.4501953125,26619.5,437.70001220703125
2022-12-21,18199.099609375,42617.94921875,15527.5498046875,28764.25,12695.4501953125,45284.69921875,6593.64990234375,12920.400390625,26125.30078125,430.6000061035156
2022-12-22,18127.349609375,42408.80078125,15431.5,28763.900390625,12554.7001953125,45085.55078125,6519.25,12892.75,25879.19921875,424.5
2022-12-23,17806.80078125,41668.05078125,15046.0,28237.05078125,12236.0,44314.8984375,6228.0,12784.4501953125,24879.94921875,409.8500061035156
2022-12-27,18132.30078125,42859.5,15418.349609375,28636.25,12522.75,44559.3984375,6633.9501953125,12694.75,25641.69921875,425.04998779296875
2022-12-28,18122.5,42827.69921875,15432.7998046875,28583.44921875,12605.4501953125,44589.1484375,6615.75,12624.150390625,25725.349609375,427.1499938964844
2022-12-29,18191.0,43252.3515625,15485.2001953125,28687.19921875,12634.599609375,44508.0,6687.10009765625,12634.2998046875,25863.599609375,427.75
2022-12-30,18105.30078125,42986.44921875,15448.849609375,28621.69921875,12611.7001953125,44171.44921875,6723.39990234375,12597.599609375,25869.849609375,431.79998779296875
2023-01-02,18197.44921875,43203.1015625,15523.650390625,28737.30078125,12667.75,44192.8515625,6886.64990234375,12551.400390625,26031.0,436.1000061035156
2023-01-03,18232.55078125,43425.25,15557.7998046875,28962.30078125,12614.75,44013.6484375,6850.0498046875,12641.75,26005.30078125,436.6499938964844
2023-01-04,18042.94921875,42958.80078125,15393.0,28677.80078125,12512.0498046875,43723.55078125,6705.85009765625,12622.75,25605.55078125,427.70001220703125
2023-01-05,17992.150390625,42608.69921875,15386.2001953125,28527.75,12656.650390625,44401.5,6761.2001953125,12753.2001953125,25717.849609375,428.70001220703125
2023-01-06,17859.44921875,42188.80078125,15272.0,27956.44921875,12627.7998046875,44412.8515625,6697.2998046875,12654.9501953125,25728.849609375,425.8500061035156
2023-01-09,18101.19921875,42582.75,15450.099609375,28748.150390625,12783.0,44796.6484375,6792.89990234375,12770.599609375,26163.94921875,428.45001220703125
2023-01-10,17914.150390625,42014.75,15325.25,28502.69921875,12819.099609375,44626.05078125,6741.7001953125,12766.599609375,26092.900390625,425.1499938964844
2023-01-11,17895.69921875,42232.69921875,15301.349609375,28596.349609375,12753.0498046875,44123.0,6792.14990234375,12682.25,25876.599609375,424.95001220703125
2023-01-12,17858.19921875,42082.25,15279.599609375,28720.30078125,12769.400390625,43966.3515625,6783.64990234375,12671.4501953125,25699.599609375,425.1499938964844
2023-01-13,17956.599609375,42371.25,15346.099609375,28933.75,12832.400390625,43955.6015625,6869.7998046875,12668.7998046875,25862.55078125,426.3999938964844
2023-01-16,17894.849609375,42167.55078125,15305.4501953125,29264.650390625,12748.7998046875,44006.75,6779.25,12659.400390625,26026.900390625,425.79998779296875
2023-01-17,18053.30078125,42235.05078125,15396.150390625,29498.0,12821.849609375,44536.1015625,6793.5,12648.0,26331.099609375,430.79998779296875
2023-01-18,18165.349609375,42458.0,15466.349609375,29617.80078125,12817.599609375,44711.44921875,6905.7998046875,12734.5,26272.55078125,430.95001220703125
2023-01-19,18107.849609375,42328.8515625,15419.7001953125,29632.349609375,12763.0,44326.05078125,6867.2998046875,12699.0498046875,26163.0,430.54998779296875
2023-01-20,18027.650390625,42506.80078125,15347.900390625,29529.650390625,12691.7001953125,43899.6015625,6805.25,12606.4501953125,26135.05078125,427.45001220703125
2023-01-23,18118.55078125,42821.25,15403.2001953125,30086.0,12797.0498046875,44261.8984375,6777.85009765625,12718.4501953125,26137.44921875,424.75
2023-01-24,18118.30078125,42733.44921875,15388.5498046875,30316.900390625,12960.849609375,44324.3515625,6717.60009765625,12593.849609375,25962.25,420.45001220703125
2023-01-25,17891.94921875,41647.6484375,15171.9501953125,30043.900390625,12957.150390625,44284.1484375,6703.7998046875,12440.099609375,25450.30078125,412.75
2023-01-27,17604.349609375,40345.30078125,14874.75,29766.44921875,13089.7001953125,44486.6484375,6389.25,12508.0498046875,24169.94921875,407.54998779296875
2023-01-30,17648.94921875,40387.44921875,14854.2001953125,30094.849609375,13076.849609375,44220.3515625,6371.64990234375,12484.0,23434.69921875,407.0
2023-01-31,17662.150390625,40655.05078125,14935.5,29740.349609375,13323.900390625,44456.8984375,6468.39990234375,12360.25,23713.5,411.54998779296875
2023-02-01,17616.30078125,40513.0,14847.650390625,30018.25,13206.849609375,44958.30078125,6177.0498046875,12355.7998046875,23402.75,407.70001220703125
2023-02-02,17610.400390625,40669.30078125,14839.400390625,30566.75,13213.25,45981.55078125,5908.2001953125,12306.2998046875,22874.0,409.25
2023-02-03,17854.05078125,41499.69921875,14962.349609375,30597.650390625,13377.9501953125,46037.19921875,5901.9501953125,12184.599609375,22638.400390625,405.8999938964844
2023-02-06,17764.599609375,41374.6484375,14934.150390625,30411.099609375,13360.150390625,46293.6015625,5772.39990234375,12193.099609375,22478.05078125,408.0
2023-02-07,17721.5,41490.94921875,14902.2001953125,30310.69921875,13226.0498046875,45758.1015625,5757.35009765625,12191.400390625,22386.5,411.6000061035156
2023-02-08,17871.69921875,41537.6484375,15028.2998046875,30774.05078125,13257.349609375,45771.6015625,5975.14990234375,12357.2998046875,22559.80078125,411.6499938964844
2023-02-09,17893.44921875,41554.30078125,15030.099609375,30990.849609375,13187.849609375,45671.25,5880.7001953125,12302.5,22499.75,409.25
2023-02-10,17856.5,41559.3984375,15015.849609375,30870.19921875,13235.0498046875,45488.1015625,5773.60009765625,12327.0,22325.849609375,414.79998779296875
2023-02-13,17770.900390625,41282.19921875,14900.5,30289.650390625,13154.349609375,45508.3984375,5704.75,12268.099609375,22258.94921875,407.8500061035156
2023-02-14,17929.849609375,41648.3515625,14968.900390625,30588.75,13106.5498046875,45976.94921875,5762.85009765625,12248.7998046875,22273.849609375,400.3500061035156
2023-02-15,18015.849609375,41731.05078125,15039.650390625,30934.349609375,13235.2001953125,45799.19921875,5789.64990234375,12237.099609375,22349.150390625,405.54998779296875
2023-02-16,18035.849609375,41631.3515625,15083.75,31434.849609375,13206.0498046875,45758.19921875,5860.75,12298.599609375,22427.650390625,410.95001220703125
2023-02-17,17944.19921875,41131.75,15003.9501953125,31054.849609375,13140.0,45617.30078125,5807.7001953125,12154.0498046875,22469.19921875,403.6499938964844
2023-02-20,17844.599609375,40701.69921875,14938.650390625,31222.349609375,13177.400390625,45501.19921875,5762.9501953125,12055.400390625,22249.05078125,400.8500061035156
2023-02-21,17826.69921875,40673.6015625,14913.9501953125,30947.25,13148.75,45551.94921875,5744.14990234375,12019.5,22339.0,396.04998779296875
2023-02-22,17554.30078125,39995.8984375,14701.900390625,30608.19921875,12989.9501953125,45412.8515625,5592.2998046875,11991.849609375,21916.44921875,389.45001220703125
2023-02-23,17511.25,40001.55078125,14666.75,30598.400390625,12982.25,45530.1015625,5611.7998046875,11968.2001953125,21801.80078125,382.5
2023-02-24,17465.80078125,39909.3984375,14630.4501953125,30514.900390625,12869.099609375,45372.5,5443.60009765625,11996.2001953125,21946.650390625,380.45001220703125
2023-02-27,17392.69921875,40307.1015625,14548.7001953125,29919.19921875,12675.2998046875,45040.75,5313.75,11902.5,21900.599609375,388.75
2023-02-28,17303.94921875,40269.05078125,14518.75,29663.94921875,12731.7998046875,44940.44921875,5269.10009765625,11747.099609375,21682.25,393.20001220703125
2023-03-01,17450.900390625,40698.1484375,14664.849609375,30097.75,12849.2998046875,45062.55078125,5477.7001953125,11764.599609375,21874.599609375,397.75
2023-03-02,17321.900390625,40389.80078125,14587.25,29717.44921875,12738.7998046875,44831.6015625,5473.35009765625,11761.099609375,21900.05078125,405.95001220703125
2023-03-03,17594.349609375,41251.3515625,14774.75,29817.05078125,12787.0498046875,45410.0,5667.89990234375,11781.7998046875,22268.75,412.0
2023-03-06,17711.44921875,41350.3984375,14881.0,30179.75,12909.5,45552.1015625,5679.5498046875,11807.900390625,22698.5,409.8500061035156
2023-03-08,17754.400390625,41577.1015625,14921.9501953125,30065.75,13019.5,45722.0,5679.25,11750.150390625,22887.75,407.04998779296875
2023-03-09,17589.599609375,41256.75,14803.9501953125,29742.349609375,12781.2001953125,45260.44921875,5682.75,11700.400390625,22682.150390625,402.29998779296875
2023-03-10,17412.900390625,40485.44921875,14679.849609375,29545.5,12741.599609375,45334.75,5635.7001953125,11683.9501953125,22696.75,398.1499938964844
2023-03-13,17154.30078125,39564.69921875,14454.4501953125,29267.0,12456.0,44953.6015625,5585.25,11597.349609375,22561.650390625,390.25
2023-03-14,17043.30078125,39411.3984375,14358.5498046875,28784.69921875,12345.5498046875,44714.94921875,5517.35009765625,11597.9501953125,22403.30078125,386.29998779296875
2023-03-15,16972.150390625,39051.5,14320.2998046875,28716.5,12282.0,44464.3515625,5616.5,11633.9501953125,22393.69921875,383.0
2023-03-16,16985.599609375,39132.6015625,14330.349609375,28517.25,12304.900390625,44971.19921875,5471.75,11743.2001953125,22621.349609375,387.25
2023-03-17,17100.05078125,39598.1015625,14420.849609375,28854.44921875,12245.9501953125,44858.30078125,5602.60009765625,11676.150390625,22659.0,399.0
2023-03-20,16988.400390625,39361.94921875,14317.099609375,28442.94921875,12131.7001953125,45213.05078125,5470.85009765625,11663.2998046875,22585.69921875,395.0
2023-03-21,17107.5,39894.69921875,14411.2998046875,28164.849609375,12141.9501953125,44913.3984375,5494.5,11633.75,22792.900390625,394.70001220703125
2023-03-22,17151.900390625,39999.05078125,14460.0,28217.599609375,12201.349609375,45109.5,5492.35009765625,11754.7001953125,22835.75,394.29998779296875
2023-03-23,17076.900390625,39616.8984375,14403.599609375,27999.25,12205.7001953125,45267.44921875,5497.85009765625,11780.849609375,22821.75,390.04998779296875
2023-03-24,16945.05078125,39395.3515625,14279.0,27935.650390625,12113.400390625,45060.0,5372.89990234375,11755.349609375,22613.400390625,380.95001220703125
2023-03-27,16985.69921875,39431.30078125,14262.7001953125,27948.75,12035.099609375,45188.0,5372.85009765625,11882.75,22514.55078125,376.54998779296875
2023-03-28,16951.69921875,39567.8984375,14211.7998046875,27702.80078125,11917.9501953125,45044.25,5330.2998046875,11873.2001953125,22388.849609375,372.0
2023-03-29,17080.69921875,39910.1484375,14345.599609375,28011.30078125,12121.2998046875,45421.6484375,5460.2001953125,11942.5,22373.05078125,381.1499938964844
2023-03-31,17359.75,40608.6484375,14557.849609375,28698.599609375,12243.7998046875,45904.8984375,5497.4501953125,12017.0498046875,22814.44921875,387.3500061035156
2023-04-03,17398.05078125,40813.05078125,14601.9501953125,28633.0,12425.849609375,45738.44921875,5477.85009765625,12067.9501953125,22805.900390625,390.8500061035156
2023-04-05,17557.05078125,40999.1484375,14709.400390625,28977.19921875,12357.650390625,46361.25,5496.2998046875,12181.849609375,22707.900390625,392.8500061035156
2023-04-06,17599.150390625,41041.0,14759.2001953125,28764.55078125,12469.349609375,46109.1484375,5528.10009765625,12274.349609375,22816.05078125,404.0
2023-04-10,17624.05078125,40834.6484375,14790.5498046875,29041.599609375,12616.75,45909.6484375,5570.25,12298.75,23060.05078125,421.3500061035156
2023-04-11,17722.30078125,41366.5,14867.25,28675.75,12742.0498046875,46269.69921875,5668.25,12300.0,23297.19921875,420.1499938964844
2023-04-12,17812.400390625,41557.94921875,14941.5498046875,28980.349609375,12862.2001953125,46112.6015625,5695.5498046875,12574.2001953125,23233.099609375,420.45001220703125
2023-04-13,17828.0,42132.55078125,14954.25,28342.80078125,12918.650390625,46211.94921875,5710.0498046875,12478.900390625,23215.650390625,425.20001220703125
2023-04-17,17706.849609375,42262.55078125,14904.2998046875,27008.19921875,12996.150390625,46688.6015625,5734.5,12403.599609375,23363.75,429.3999938964844
2023-04-18,17660.150390625,42265.19921875,14897.0,27166.94921875,13005.099609375,46536.3515625,5749.0,12607.349609375,23211.849609375,433.8500061035156
2023-04-19,17618.75,42154.0,14856.900390625,26687.44921875,13002.5498046875,46421.44921875,5779.64990234375,12625.2998046875,23159.400390625,434.54998779296875
2023-04-20,17624.44921875,42269.5,14861.75,26637.150390625,13032.349609375,46256.05078125,5756.9501953125,12485.25,23185.25,432.70001220703125
2023-04-21,17624.05078125,42118.0,14847.099609375,26822.099609375,12898.75,46669.69921875,5677.89990234375,12545.75,23185.44921875,423.5
2023-04-24,17743.400390625,42635.75,14930.150390625,27013.650390625,12893.349609375,46943.05078125,5703.2998046875,12454.349609375,23207.400390625,428.0
2023-04-25,17769.25,42678.5,14955.7001953125,26985.80078125,12904.5498046875,47051.8515625,5738.25,12456.599609375,23385.75,430.1000061035156
2023-04-26,17813.599609375,42829.8984375,14994.400390625,27065.0,12972.75,47387.5,5713.2001953125,12457.849609375,23365.80078125,435.95001220703125
2023-04-27,17915.05078125,43000.8515625,15075.0498046875,27355.25,13071.7998046875,47360.1484375,5753.75,12519.349609375,23443.650390625,442.6000061035156
2023-04-28,18065.0,43233.8984375,15219.5498046875,27708.19921875,13189.25,47814.1015625,5799.39990234375,12613.9501953125,23734.55078125,445.1000061035156
2023-05-02,18147.650390625,43352.1015625,15300.75,28025.0,13283.150390625,47750.19921875,5882.0,12590.2998046875,24046.94921875,444.95001220703125
2023-05-03,18089.849609375,43312.69921875,15276.400390625,27743.75,13278.599609375,48120.6484375,5824.25,12586.7998046875,23901.150390625,446.20001220703125
2023-05-04,18255.80078125,43685.44921875,15405.5,27883.19921875,13292.5498046875,48057.3515625,5895.0498046875,12654.650390625,24042.400390625,446.3999938964844
2023-05-05,18069.0,42661.19921875,15278.599609375,27719.94921875,13345.7998046875,48186.1484375,5807.0498046875,12608.349609375,23946.75,445.04998779296875
2023-05-08,18264.400390625,43284.0,15427.099609375,27920.94921875,13584.25,48538.44921875,5845.64990234375,12663.099609375,24129.650390625,452.3500061035156
2023-05-09,18265.94921875,43198.1484375,15420.599609375,28125.5,13648.5,48369.1015625,5836.85009765625,12716.7001953125,24099.099609375,448.5
2023-05-10,18315.099609375,43331.05078125,15466.0498046875,28091.75,13750.849609375,48643.3515625,5822.10009765625,12716.900390625,24268.94921875,452.3500061035156
2023-05-11,18297.0,43475.30078125,15484.0498046875,28102.0,13803.75,48865.0,5797.2998046875,12557.0498046875,24316.5,454.5
2023-05-12,18314.80078125,43793.55078125,15477.349609375,28028.400390625,13910.5,48950.75,5690.89990234375,12486.7001953125,24040.19921875,452.8999938964844
2023-05-15,18398.849609375,44072.1015625,15549.7001953125,28165.400390625,14007.849609375,49506.55078125,5701.75,12487.400390625,24040.19921875,472.45001220703125
2023-05-16,18286.5,43903.69921875,15492.400390625,28216.0,13877.7001953125,49406.1015625,5683.4501953125,12454.5,24027.80078125,472.1000061035156
2023-05-17,18181.75,43698.69921875,15426.349609375,27942.94921875,13889.900390625,49434.0,5632.85009765625,12398.5498046875,23901.150390625,465.79998779296875
2023-05-18,18129.94921875,43752.30078125,15361.599609375,27892.55078125,13767.7001953125,48889.30078125,5601.64990234375,12241.349609375,23692.150390625,454.75
2023-05-19,18203.400390625,43969.3984375,15407.5498046875,28303.650390625,13863.5498046875,48874.25,5618.0498046875,12124.25,23723.349609375,458.70001220703125
2023-05-22,18314.400390625,43885.1015625,15504.0,29007.30078125,13890.5,49052.25,5797.5,12244.2001953125,23898.19921875,461.95001220703125
2023-05-23,18348.0,43954.44921875,15544.75,28873.69921875,13982.599609375,49118.80078125,5947.7001953125,12314.2001953125,24028.44921875,461.6000061035156
2023-05-24,18285.400390625,43677.8515625,15515.9501953125,28890.80078125,13989.599609375,49355.25,5855.14990234375,12440.4501953125,24085.25,461.54998779296875
2023-05-25,18321.150390625,43681.3984375,15555.25,28928.75,14029.5,49657.0,5872.5498046875,12455.5,24071.69921875,466.70001220703125
2023-05-26,18499.349609375,44018.0,15696.75,29355.900390625,14130.4501953125,50388.0,5935.39990234375,12601.5498046875,24238.900390625,472.54998779296875
2023-05-29,18598.650390625,44311.8984375,15772.349609375,29240.19921875,14219.599609375,50626.3984375,5991.2001953125,12624.2001953125,24261.30078125,476.20001220703125
2023-05-30,18633.849609375,44436.3515625,15799.4501953125,29297.650390625,14177.849609375,50927.19921875,5936.5498046875,12604.7001953125,24218.150390625,475.20001220703125
2023-05-31,18534.400390625,44128.1484375,15766.400390625,29319.75,14199.0,51042.75,5890.0498046875,12678.400390625,23875.55078125,478.79998779296875
2023-06-01,18487.75,43790.19921875,15760.349609375,29446.25,14257.0,50998.94921875,5884.2001953125,12812.7998046875,23825.30078125,484.0
2023-06-02,18534.099609375,43937.8515625,15811.2001953125,29328.150390625,14388.599609375,51288.6484375,5956.0,12900.599609375,23785.69921875,490.8500061035156
2023-06-05,18593.849609375,44101.6484375,15859.5,29238.75,14570.25,51058.3984375,5975.89990234375,12934.5,23901.69921875,492.54998779296875
2023-06-06,18599.0,44164.55078125,15878.400390625,28689.05078125,14729.5,51038.3984375,5967.4501953125,13012.900390625,23867.30078125,498.3999938964844
2023-06-07,18726.400390625,44275.30078125,16006.7001953125,28913.69921875,14819.4501953125,51609.3984375,6057.75,13045.650390625,24125.150390625,506.29998779296875
2023-06-08,18634.55078125,43995.25,15921.0498046875,28591.099609375,14692.0,51143.5,6067.7001953125,12911.349609375,24215.0,498.25
2023-06-09,18563.400390625,43989.0,15877.400390625,28355.349609375,14626.0,50674.8515625,6039.35009765625,12861.0498046875,24169.5,498.45001220703125
2023-06-12,18601.5,43944.19921875,15929.099609375,28784.0,14673.849609375,50762.55078125,6076.2998046875,12856.0498046875,24269.05078125,505.5
2023-06-13,18716.150390625,44079.8515625,16048.2001953125,28899.30078125,14658.2998046875,51462.69921875,6127.64990234375,12993.75,24399.19921875,520.7000122070312
2023-06-14,18755.900390625,43988.0,16084.0498046875,28855.05078125,14682.7001953125,51767.8984375,6214.75,12976.7998046875,24638.599609375,522.1500244140625
2023-06-15,18688.099609375,43443.6015625,16058.25,28699.0,14707.849609375,52046.44921875,6203.0498046875,13160.599609375,24633.349609375,518.2000122070312
2023-06-16,18826.0,43938.1484375,16181.4501953125,28588.80078125,14768.4501953125,52440.19921875,6231.5,13241.9501953125,24733.150390625,517.0999755859375
2023-06-19,18755.44921875,43633.75,16142.150390625,28708.30078125,14676.7001953125,52123.8515625,6203.5,13264.650390625,24539.099609375,513.3499755859375
2023-06-20,18816.69921875,43766.5,16199.9501953125,28930.80078125,14785.650390625,52164.69921875,6246.64990234375,13238.849609375,24659.0,515.8499755859375
2023-06-21,18856.849609375,43859.19921875,16240.9501953125,29025.69921875,14777.7001953125,51934.25,6187.75,13247.7001953125,24865.44921875,514.1500244140625
2023-06-22,18771.25,43724.8515625,16140.7998046875,28811.150390625,14702.099609375,51557.80078125,6190.9501953125,13166.849609375,24607.900390625,510.04998779296875
2023-06-23,18665.5,43622.8984375,16011.7998046875,28554.30078125,14550.2001953125,51283.75,6037.2001953125,13186.2998046875,24332.19921875,506.8999938964844
2023-06-26,18691.19921875,43641.05078125,16066.150390625,28590.099609375,14717.849609375,51635.0,6083.10009765625,13388.599609375,24226.650390625,508.54998779296875
2023-06-27,18817.400390625,44121.5,16163.5,28800.150390625,14729.900390625,51598.6015625,6127.64990234375,13426.900390625,24284.849609375,514.8499755859375
2023-06-28,18972.099609375,44327.80078125,16277.2001953125,28843.0,14840.5498046875,51893.3984375,6211.0498046875,13622.75,24554.44921875,517.25
2023-06-30,19189.05078125,44747.3515625,16430.0,29563.0,15147.650390625,52194.75,6209.10009765625,13767.5,24696.5,520.0
2023-07-03,19322.55078125,45158.1015625,16527.94921875,29424.80078125,15106.849609375,52741.5,6275.4501953125,13614.0,25020.900390625,523.9000244140625
2023-07-04,19389.0,45301.44921875,16556.05078125,29729.849609375,15035.0498046875,52814.80078125,6275.2001953125,13675.4501953125,24940.19921875,522.9500122070312
2023-07-05,19398.5,45151.80078125,16597.19921875,29841.849609375,15281.900390625,53776.19921875,6292.2998046875,13772.0,25034.80078125,525.9000244140625
2023-07-06,19497.30078125,45339.8984375,16695.05078125,29805.19921875,15453.7001953125,53765.6484375,6325.35009765625,13871.599609375,25575.25,537.75
2023-07-07,19331.80078125,44925.0,16564.900390625,29560.44921875,15498.849609375,52942.44921875,6279.25,13769.0,25331.400390625,531.4000244140625
2023-07-10,19355.900390625,44860.8515625,16553.75,29194.75,15403.2001953125,52536.1484375,6385.10009765625,13751.7998046875,25496.900390625,526.9000244140625
2023-07-11,19439.400390625,44745.05078125,16648.0,29324.80078125,15617.4501953125,53184.3984375,6369.10009765625,13895.400390625,25720.150390625,526.8499755859375
2023-07-12,19384.30078125,44639.44921875,16641.05078125,29118.05078125,15614.900390625,53279.5,6363.25,13936.7001953125,25700.650390625,528.2000122070312
2023-07-13,19413.75,44665.05078125,16623.900390625,29628.19921875,15519.7001953125,53029.94921875,6379.7001953125,13876.5498046875,25334.400390625,533.5999755859375
2023-07-14,19564.5,44819.30078125,16765.44921875,30945.5,15576.099609375,53453.69921875,6469.4501953125,13945.650390625,25332.5,539.7999877929688
2023-07-17,19711.44921875,45449.75,16872.05078125,31041.599609375,15526.7998046875,53471.6015625,6500.5498046875,14053.7001953125,25521.400390625,539.6500244140625
2023-07-18,19749.25,45410.8515625,16872.0,31371.150390625,15513.7998046875,53340.6484375,6446.75,14017.150390625,25612.75,535.0499877929688
2023-07-19,19833.150390625,45669.30078125,16953.5,31353.55078125,15513.150390625,53517.30078125,6474.5498046875,14092.599609375,25820.69921875,536.1500244140625
2023-07-20,19979.150390625,46186.8984375,17042.55078125,31145.94921875,15577.0,54239.69921875,6485.25,14299.0498046875,26003.0,536.2999877929688
2023-07-21,19745.0,46075.19921875,16904.30078125,29871.05078125,15590.349609375,53697.44921875,6442.2998046875,14274.0,25843.099609375,536.0999755859375
2023-07-24,19672.349609375,45923.05078125,16865.150390625,29843.44921875,15617.5498046875,52771.69921875,6395.5498046875,14332.0498046875,25749.900390625,537.1500244140625
2023-07-25,19680.599609375,45845.0,16896.900390625,29761.150390625,15765.599609375,52315.94921875,6583.64990234375,14383.25,26078.75,535.0
2023-07-26,19778.30078125,46062.3515625,16975.0,29800.400390625,15763.25,52865.30078125,6604.9501953125,14478.349609375,26293.75,541.3499755859375
2023-07-27,19659.900390625,45679.30078125,16919.19921875,29745.0,15572.0,52499.8984375,6581.5498046875,14919.9501953125,26097.69921875,552.8499755859375
2023-07-28,19646.05078125,45468.1015625,16948.349609375,29490.25,15537.900390625,52964.05078125,6640.7998046875,14962.5498046875,26433.69921875,562.9500122070312
2023-07-31,19753.80078125,45651.1015625,17059.0,29928.44921875,15708.0498046875,52636.8515625,6758.2001953125,14992.150390625,26853.650390625,566.75
2023-08-01,19733.55078125,45592.5,17051.150390625,30288.650390625,15688.7001953125,52501.1484375,6770.14990234375,15001.2998046875,26783.44921875,556.7000122070312
2023-08-02,19526.55078125,44995.69921875,16858.94921875,30043.599609375,15428.900390625,52368.69921875,6633.4501953125,14943.400390625,26352.349609375,548.4000244140625
2023-08-03,19381.650390625,44513.44921875,16772.30078125,29971.150390625,15379.7998046875,52062.3515625,6602.2001953125,15099.2001953125,26221.849609375,538.6500244140625
2023-08-04,19517.0,44879.5,16890.599609375,30436.099609375,15328.400390625,52050.6484375,6622.89990234375,15241.0,26252.05078125,539.1500244140625
2023-08-07,19597.30078125,44837.5,16956.349609375,30779.25,15390.900390625,52072.5,6622.14990234375,15479.25,26266.30078125,542.2999877929688
2023-08-08,19570.849609375,44964.44921875,16949.25,30824.94921875,15343.650390625,51924.3984375,6544.7998046875,15578.5,26174.650390625,541.3499755859375
2023-08-09,19632.55078125,44880.69921875,17003.849609375,30940.05078125,15486.2001953125,52206.19921875,6677.85009765625,15696.849609375,26328.150390625,534.6500244140625
2023-08-10,19543.099609375,44541.80078125,16939.849609375,30867.0,15444.7998046875,51728.6484375,6723.2998046875,15580.7001953125,26418.94921875,533.25
2023-08-11,19428.30078125,44199.1015625,16860.150390625,30819.150390625,15378.099609375,51351.69921875,6688.85009765625,15355.5,26367.75,531.1500244140625
2023-08-14,19434.55078125,44090.94921875,16825.55078125,31028.900390625,15327.4501953125,51604.3984375,6545.9501953125,15305.400390625,26375.599609375,527.6500244140625
2023-08-16,19465.0,43946.3984375,16853.05078125,31212.099609375,15425.0,51815.3984375,6484.10009765625,15398.7998046875,26541.75,533.4500122070312
2023-08-17,19365.25,43891.3515625,16802.25,31060.19921875,15399.25,51353.75,6480.5,15358.4501953125,26266.94921875,534.0999755859375
2023-08-18,19310.150390625,43851.05078125,16757.69921875,30604.05078125,15391.75,51464.75,6493.7001953125,15271.5,26302.19921875,530.2000122070312
2023-08-21,19393.599609375,44002.0,16852.05078125,30937.599609375,15427.599609375,51799.0,6578.39990234375,15333.349609375,26462.349609375,535.4500122070312
2023-08-22,19396.44921875,43993.25,16905.25,30902.400390625,15507.900390625,52141.6484375,6634.39990234375,15302.599609375,26522.099609375,536.5999755859375
2023-08-23,19444.0,44479.05078125,16950.25,30924.099609375,15498.099609375,51888.30078125,6625.5498046875,15282.5,26370.19921875,538.9000244140625
2023-08-24,19386.69921875,44496.19921875,16930.150390625,31112.150390625,15459.2998046875,52036.75,6602.85009765625,15193.150390625,26171.30078125,540.0
2023-08-25,19265.80078125,44231.44921875,16820.849609375,30914.55078125,15363.599609375,51506.80078125,6519.35009765625,15025.2001953125,25981.599609375,532.9500122070312
2023-08-28,19306.05078125,44494.6484375,16875.30078125,30773.599609375,15475.25,51390.80078125,6533.2998046875,15161.7998046875,26015.80078125,537.9500122070312
2023-08-29,19342.650390625,44495.25,16927.30078125,30866.05078125,15578.900390625,51223.05078125,6616.7001953125,15121.099609375,26056.650390625,547.0499877929688
2023-08-30,19347.44921875,44232.6015625,16968.94921875,31103.900390625,15678.099609375,51513.55078125,6677.7998046875,15125.5,25959.05078125,554.7999877929688
2023-08-31,19253.80078125,43989.1484375,16924.30078125,31164.900390625,15670.25,51092.6484375,6659.35009765625,15095.900390625,25722.94921875,558.4000244140625
2023-09-01,19435.30078125,44436.1015625,17074.55078125,31514.349609375,15928.2998046875,51240.5,6851.0,15011.7998046875,26332.900390625,563.6500244140625
2023-09-04,19528.80078125,44578.30078125,17180.94921875,32163.94921875,15943.599609375,51171.75,7007.0498046875,15052.599609375,26633.05078125,570.1500244140625
2023-09-05,19574.900390625,44532.1484375,17252.099609375,32365.30078125,15942.75,51548.44921875,7039.14990234375,15218.25,26743.0,576.2000122070312
2023-09-06,19611.05078125,44409.1015625,17284.599609375,32312.30078125,15921.25,52064.8515625,6983.7001953125,15355.2998046875,26819.900390625,570.6500244140625
2023-09-07,19727.05078125,44878.3515625,17385.5,32448.349609375,15995.849609375,51853.1015625,6981.14990234375,15306.150390625,27062.849609375,579.0999755859375
2023-09-08,19819.94921875,45156.3984375,17487.44921875,32415.650390625,16102.900390625,51778.30078125,6977.89990234375,15250.5498046875,27438.05078125,591.4000244140625
2023-09-11,19996.349609375,45570.69921875,17653.349609375,32642.80078125,16374.9501953125,52239.05078125,7104.39990234375,15309.9501953125,27716.599609375,596.5999755859375
2023-09-12,19993.19921875,45511.3515625,17460.55078125,32977.8984375,16070.0498046875,52065.8984375,6914.5498046875,15328.650390625,27025.099609375,577.25
2023-09-13,20070.0,45909.44921875,17526.75,32886.69921875,15995.9501953125,52223.6484375,6943.64990234375,15448.9501953125,27275.349609375,581.1500244140625
2023-09-14,20103.099609375,46000.8515625,17603.5,33045.3984375,16169.650390625,52143.19921875,7046.89990234375,15489.2998046875,27420.55078125,589.25
2023-09-15,20192.349609375,46231.5,17665.80078125,33355.05078125,16425.80078125,51895.1484375,7035.7998046875,15583.5498046875,27338.150390625,586.9500122070312
2023-09-18,20133.30078125,45979.8515625,17613.599609375,33129.5,16563.900390625,52198.6015625,6957.7998046875,15503.4501953125,27536.19921875,578.9000244140625
2023-09-20,19901.400390625,45384.6015625,17449.349609375,32949.19921875,16479.69921875,51924.1484375,6844.0498046875,15460.2001953125,27440.30078125,572.1500244140625
2023-09-21,19742.349609375,44623.8515625,17303.5,32919.94921875,16200.400390625,51672.6484375,6806.60009765625,15306.7001953125,27226.599609375,565.25
2023-09-22,19674.25,44612.05078125,17260.80078125,32906.30078125,16234.349609375,51608.5,6761.7998046875,15069.099609375,27102.400390625,561.5
2023-09-25,19674.55078125,44766.1015625,17272.55078125,32648.599609375,16221.5498046875,51642.44921875,6754.25,15017.400390625,27105.5,570.0499877929688
2023-09-26,19664.69921875,44624.19921875,17276.75,32471.0,16278.25,51912.8515625,6775.2998046875,14981.650390625,27134.400390625,571.7999877929688
2023-09-27,19716.44921875,44588.30078125,17341.599609375,32594.650390625,16283.400390625,52329.5,6777.2998046875,15159.7998046875,27231.44921875,576.0
2023-09-28,19523.55078125,44300.94921875,17170.44921875,31879.599609375,16092.2001953125,51329.1015625,6712.0,15023.150390625,27062.75,570.4000244140625
2023-09-29,19638.30078125,44584.55078125,17292.599609375,31784.400390625,16184.400390625,51602.6484375,6839.2998046875,15422.75,27321.75,575.6500244140625
2023-10-03,19528.75,44399.05078125,17254.400390625,31717.25,15990.599609375,51320.8515625,6798.0,15281.2998046875,26973.05078125,578.2999877929688
2023-10-04,19436.099609375,43964.05078125,17123.099609375,31811.5,15782.599609375,51435.75,6725.9501953125,15067.150390625,26738.44921875,568.2999877929688
2023-10-05,19545.75,44213.3515625,17195.80078125,32125.400390625,15916.099609375,51384.55078125,6709.10009765625,15021.400390625,26688.25,569.9500122070312
2023-10-06,19653.5,44360.6015625,17293.599609375,32341.69921875,15990.650390625,51577.8984375,6744.39990234375,15128.4501953125,26731.650390625,587.5
2023-10-09,19512.349609375,43886.5,17127.69921875,32308.55078125,15832.849609375,51502.8515625,6647.14990234375,15103.849609375,26472.94921875,582.8499755859375
2023-10-10,19689.849609375,44360.1484375,17303.349609375,32569.44921875,16028.7001953125,51803.94921875,6783.14990234375,15106.7001953125,26751.900390625,606.2000122070312
2023-10-11,19811.349609375,44516.8984375,17407.349609375,32548.05078125,16175.7998046875,52254.44921875,6812.14990234375,15176.599609375,27002.5,611.2999877929688
2023-10-12,19794.0,44599.19921875,17419.69921875,32003.650390625,16301.7001953125,52363.94921875,6863.0498046875,15186.2001953125,27176.05078125,610.2000122070312
2023-10-13,19751.05078125,44287.94921875,17390.349609375,31807.94921875,16444.94921875,52520.69921875,6820.7998046875,15235.0498046875,27201.349609375,612.7999877929688
2023-10-16,19731.75,44225.8984375,17393.0,31750.400390625,16519.349609375,52401.94921875,6882.7998046875,15164.75,27258.05078125,610.7000122070312
2023-10-17,19811.5,44409.5,17467.69921875,31794.900390625,16522.75,52665.30078125,6902.0,15211.9501953125,27510.25,610.9000244140625
2023-10-18,19671.099609375,43888.69921875,17344.0,31606.650390625,16535.400390625,52442.05078125,6863.39990234375,15331.2998046875,27246.400390625,608.0499877929688
2023-10-19,19624.69921875,43754.5,17310.5,31540.05078125,16618.0,52516.3515625,6803.2998046875,15273.400390625,27089.05078125,605.9000244140625
2023-10-20,19542.650390625,43723.05078125,17208.75,31469.349609375,16497.849609375,51823.3515625,6712.75,15107.150390625,26955.69921875,599.3499755859375
2023-10-23,19281.75,43151.19921875,16888.69921875,30848.400390625,16277.849609375,51421.6484375,6494.0,14911.650390625,26449.650390625,584.4000244140625
2023-10-25,19122.150390625,42832.0,16760.80078125,30530.5,16210.4501953125,51216.8515625,6503.64990234375,14800.150390625,26328.5,578.7999877929688
2023-10-26,18857.25,42280.1484375,16555.44921875,30225.650390625,15953.0498046875,50941.1015625,6398.0498046875,14648.5498046875,26045.0,571.8499755859375
2023-10-27,19047.25,42782.0,16765.44921875,30599.69921875,16169.150390625,51395.0,6453.10009765625,14738.5,26522.650390625,583.0
2023-10-30,19140.900390625,43039.1484375,16826.099609375,30641.0,16023.4501953125,51180.69921875,6467.9501953125,14775.599609375,26840.900390625,595.4500122070312
2023-10-31,19079.599609375,42845.94921875,16801.099609375,30582.25,15916.2001953125,51262.6015625,6452.4501953125,14683.650390625,26785.05078125,603.0
2023-11-01,18989.150390625,42700.94921875,16732.94921875,30344.849609375,15835.650390625,51087.80078125,6359.89990234375,14735.25,26679.19921875,612.3499755859375
2023-11-02,19133.25,43017.19921875,16890.80078125,30582.75,15948.650390625,51589.0,6448.9501953125,14834.4501953125,26960.80078125,627.7999877929688
2023-11-03,19230.599609375,43318.25,17000.94921875,30779.94921875,16045.400390625,51901.5,6479.14990234375,14882.349609375,27085.80078125,643.75
2023-11-06,19411.75,43619.3984375,17159.400390625,30972.94921875,16172.75,52075.69921875,6567.10009765625,15072.2998046875,27448.900390625,651.5
2023-11-07,19406.69921875,43737.8984375,17187.80078125,30981.599609375,16143.75,52130.0,6576.85009765625,15271.75,27508.349609375,642.7999877929688
2023-11-08,19443.5,43658.6484375,17259.69921875,30917.19921875,16220.7998046875,52455.19921875,6626.2998046875,15497.25,27622.849609375,652.5499877929688
2023-11-09,19395.30078125,43683.6015625,17218.900390625,30717.69921875,16355.2998046875,51983.0,6599.64990234375,15491.849609375,27541.80078125,660.5999755859375
2023-11-10,19425.349609375,43820.1015625,17256.599609375,30639.05078125,16286.7001953125,52076.05078125,6646.0498046875,15516.5,27738.0,662.0999755859375
2023-11-13,19443.55078125,43891.25,17318.599609375,30635.849609375,16365.2998046875,52025.6015625,6714.10009765625,15497.150390625,28066.25,663.4500122070312
2023-11-15,19675.44921875,44201.69921875,17508.05078125,31429.349609375,16648.5,52383.44921875,6792.39990234375,15516.25,28352.5,683.0499877929688
2023-11-16,19765.19921875,44161.55078125,17593.099609375,32273.349609375,16788.900390625,52305.75,6792.39990234375,15651.099609375,28447.80078125,689.3499755859375
2023-11-17,19731.80078125,43583.94921875,17600.5,32191.349609375,16905.5,52756.1015625,6803.89990234375,15804.5,28312.650390625,692.7000122070312
2023-11-20,19694.0,43584.94921875,17573.650390625,32383.19921875,16777.30078125,52550.1015625,6771.5498046875,15806.75,28287.19921875,691.0
2023-11-21,19783.400390625,43689.1484375,17627.599609375,32325.69921875,16860.099609375,52466.19921875,6854.2001953125,15968.900390625,28356.25,698.7999877929688
2023-11-22,19811.849609375,43449.6015625,17627.69921875,32564.400390625,16972.19921875,52691.19921875,6792.64990234375,16069.7998046875,28504.650390625,693.9500122070312
2023-11-23,19802.0,43577.5,17639.400390625,32370.650390625,17033.55078125,52823.05078125,6828.35009765625,15817.4501953125,28594.849609375,701.0999755859375
2023-11-24,19794.69921875,43769.1015625,17643.5,32055.150390625,17040.349609375,52576.8984375,6874.25,15954.5,28558.75,702.9500122070312
2023-11-28,19889.69921875,43880.94921875,17741.80078125,32118.5,17202.75,52489.5,7001.64990234375,15900.2998046875,29252.94921875,706.9500122070312
2023-11-29,20096.599609375,44566.44921875,17904.099609375,32608.400390625,17482.44921875,52725.44921875,7016.39990234375,15990.099609375,29311.849609375,703.4500122070312
2023-11-30,20133.150390625,44481.75,17987.94921875,32582.19921875,17551.849609375,53013.80078125,7017.4501953125,16238.900390625,29294.900390625,713.5999755859375
2023-12-01,20267.900390625,44814.19921875,18115.349609375,32598.69921875,17489.05078125,53851.44921875,7087.0,16257.0498046875,29559.75,723.0499877929688
2023-12-04,20686.80078125,46431.3984375,18448.5,32665.55078125,17687.25,54237.69921875,7202.60009765625,16228.400390625,30330.5,737.75
2023-12-05,20855.099609375,47012.25,18588.55078125,32479.150390625,17792.099609375,54110.8984375,7423.39990234375,16229.650390625,31311.900390625,734.3499755859375
2023-12-06,20937.69921875,46834.55078125,18680.0,33022.6015625,17788.400390625,54662.55078125,7425.35009765625,16169.5498046875,31797.25,732.2000122070312
2023-12-07,20901.150390625,46841.3984375,18703.849609375,32961.6015625,17867.349609375,54173.1484375,7369.85009765625,16294.2001953125,32188.80078125,734.7999877929688
2023-12-08,20969.400390625,47262.0,18703.5,33392.8984375,17769.099609375,53636.3515625,7362.89990234375,16163.150390625,31896.25,738.7000122070312
2023-12-11,20997.099609375,47314.25,18770.19921875,33514.25,17852.30078125,53976.8984375,7439.7001953125,16039.900390625,32023.05078125,744.9500122070312
2023-12-12,20906.400390625,47097.55078125,18686.80078125,33493.8984375,17726.5,53837.0,7462.60009765625,15963.5,31603.19921875,731.9500122070312
2023-12-13,20926.349609375,47092.25,18751.44921875,33066.6484375,17917.900390625,54215.3515625,7528.2001953125,16142.400390625,31812.099609375,743.7000122070312
2023-12-14,21182.69921875,47732.30078125,18973.849609375,34223.3515625,18045.05078125,54361.44921875,7574.25,16155.7001953125,32075.80078125,772.5499877929688
2023-12-15,21456.650390625,48143.55078125,19145.05078125,35782.44921875,18038.25,54186.19921875,7735.35009765625,16179.7998046875,32580.650390625,767.0499877929688
2023-12-18,21418.650390625,47867.69921875,19155.55078125,35685.55078125,18068.25,54017.05078125,7768.5498046875,16332.150390625,32521.25,759.7000122070312
2023-12-19,21453.099609375,47870.8984375,19169.25,35345.0,17932.69921875,54776.55078125,7716.64990234375,16391.25,33036.1484375,755.6500244140625
2023-12-20,21150.150390625,47445.30078125,18779.44921875,34741.05078125,17523.55078125,54597.8984375,7421.5498046875,16121.25,32151.599609375,737.2999877929688
2023-12-21,21255.05078125,47840.1484375,18941.80078125,34846.05078125,17537.849609375,54803.30078125,7524.0,16238.150390625,32720.099609375,744.0999755859375
2023-12-22,21349.400390625,47491.8515625,19054.69921875,35637.80078125,17778.900390625,55101.05078125,7652.64990234375,16394.349609375,32810.1484375,763.0499877929688
2023-12-26,21441.349609375,47724.8515625,19148.849609375,35493.44921875,17953.55078125,55484.3984375,7739.7998046875,16562.599609375,33246.25,764.9000244140625
2023-12-27,21654.75,48282.19921875,19296.94921875,35741.0,18224.849609375,55750.3515625,7847.75,16655.94921875,33212.6015625,770.0999755859375
2023-12-28,21778.69921875,48508.55078125,19399.25,35691.6484375,18408.599609375,56504.5,7926.35009765625,16860.849609375,33721.3984375,777.4000244140625
2023-12-29,21731.400390625,48292.25,19429.150390625,35515.0,18618.19921875,56987.19921875,7978.0,16831.80078125,33468.05078125,783.0499877929688
2024-01-02,21665.80078125,47761.6484375,19418.400390625,35283.1015625,18339.349609375,57209.5,8023.89990234375,17274.30078125,33703.69921875,778.4500122070312
2024-01-03,21517.349609375,47704.94921875,19367.150390625,34395.44921875,18317.5,57213.30078125,7878.39990234375,17379.80078125,33791.6015625,788.0
2024-01-04,21658.599609375,48195.8515625,19541.25,34409.3984375,18326.75,57703.8984375,7883.0498046875,17413.19921875,34189.25,841.2999877929688
2024-01-05,21710.80078125,48159.0,19590.599609375,34851.75,18406.94921875,57667.3515625,7871.7998046875,17358.599609375,34216.1484375,844.3499755859375
2024-01-08,21513.0,47450.25,19417.69921875,34514.6484375,18350.19921875,56672.8515625,7747.0,17195.94921875,34142.6015625,845.4500122070312
2024-01-09,21544.849609375,47242.6484375,19459.55078125,34662.44921875,18519.80078125,56573.1015625,7808.2998046875,17346.30078125,34226.69921875,866.75
2024-01-10,21618.69921875,47360.8515625,19517.849609375,34834.3515625,18559.099609375,56348.94921875,7882.64990234375,17401.900390625,34330.6484375,865.7999877929688
2024-01-11,21647.19921875,47438.3515625,19584.349609375,34735.25,18755.099609375,56228.55078125,7876.14990234375,17380.55078125,34776.69921875,865.4500122070312
2024-01-12,21894.55078125,47709.80078125,19745.599609375,36521.69921875,18715.19921875,56485.75,7898.35009765625,17347.44921875,34969.94921875,881.0499877929688
2024-01-15,22097.44921875,48158.30078125,19885.55078125,37201.94921875,18765.25,56657.30078125,7864.10009765625,17520.44921875,35449.8515625,883.2999877929688
2024-01-16,22032.30078125,48125.1015625,19827.55078125,36727.1015625,18712.69921875,56755.8515625,7941.85009765625,17320.150390625,35185.05078125,868.5999755859375
2024-01-17,21571.94921875,46064.44921875,19487.599609375,36960.3984375,18447.25,56259.5,7693.5498046875,17154.0,34853.25,856.2999877929688
2024-01-18,21462.25,45713.55078125,19414.80078125,36730.5,18496.25,55953.6015625,7629.10009765625,17331.25,34580.5,862.5
2024-01-19,21622.400390625,45701.1484375,19606.400390625,37069.25,18694.599609375,56640.5,7732.35009765625,17388.0,34985.30078125,868.5
2024-01-23,21238.80078125,45015.05078125,19206.44921875,36521.3515625,18361.0,54973.8984375,7486.85009765625,17520.30078125,34324.30078125,816.1500244140625
2024-01-24,21453.94921875,45082.3984375,19451.0,37090.1484375,18593.69921875,55858.69921875,7708.64990234375,17763.69921875,34895.1015625,818.0999755859375
2024-01-25,21352.599609375,44866.1484375,19393.0,36496.19921875,18614.900390625,55214.1015625,7719.64990234375,17532.55078125,35203.8515625,823.5499877929688
2024-01-29,21737.599609375,45442.3515625,19711.650390625,36531.8984375,18927.25,55139.1015625,7843.75,17623.599609375,37024.75,833.9000244140625
2024-01-30,21522.099609375,45367.75,19574.19921875,36381.94921875,18878.349609375,54574.3515625,7864.0,17470.150390625,36398.80078125,837.0999755859375
2024-01-31,21725.69921875,45996.80078125,19802.099609375,36638.3984375,19227.150390625,55071.3984375,7973.10009765625,17938.650390625,36748.0,856.2000122070312
2024-02-01,21697.44921875,46188.6484375,19777.349609375,36534.55078125,19328.69921875,55215.80078125,7891.0498046875,17839.19921875,36910.6015625,848.1500244140625
2024-02-02,21853.80078125,45970.94921875,19910.80078125,37323.25,19380.5,55118.3984375,8078.25,17972.099609375,38077.69921875,856.2000122070312
2024-02-05,21771.69921875,45825.55078125,19853.5,37162.1484375,19615.30078125,54698.3984375,8109.5498046875,18292.94921875,38481.30078125,862.75
2024-02-06,21929.400390625,45690.80078125,20033.75,38246.30078125,19903.849609375,54608.80078125,8238.25,18488.05078125,38721.3984375,866.25
2024-02-07,21930.5,45818.5,20109.55078125,37767.75,19903.80078125,54772.6015625,8276.650390625,18564.849609375,38945.5,882.1500244140625
2024-02-08,21717.94921875,45012.0,19987.55078125,37851.6015625,19649.5,53646.19921875,8221.849609375,18520.30078125,39354.3515625,876.0499877929688
2024-02-09,21782.5,45634.55078125,19961.5,37699.25,19576.0,53867.1015625,8095.60009765625,18617.099609375,39037.6484375,875.9500122070312
2024-02-12,21616.05078125,44882.25,19675.19921875,37998.0,19419.599609375,53292.94921875,7901.64990234375,18669.55078125,38097.1015625,849.9500122070312
2024-02-13,21743.25,45502.3984375,19782.900390625,38204.0,19433.05078125,53432.05078125,7737.85009765625,18753.94921875,38394.30078125,850.4000244140625
2024-02-14,21840.05078125,45908.30078125,19922.30078125,37775.3984375,19716.0,53839.05078125,7874.7998046875,18584.349609375,39253.5,861.0
2024-02-15,21910.75,46218.8984375,20037.0,37999.55078125,19981.69921875,53321.3515625,7910.60009765625,18567.69921875,39942.1484375,869.4000244140625
2024-02-16,22040.69921875,46384.8515625,20164.900390625,38477.05078125,20423.44921875,53518.6015625,7976.4501953125,18870.80078125,39682.3984375,882.7000122070312
2024-02-20,22196.94921875,47094.19921875,20271.900390625,38029.69921875,20354.25,53882.5,7955.7998046875,18993.0,39955.1484375,887.0
2024-02-21,22055.05078125,47019.69921875,20128.30078125,37405.8984375,20252.55078125,53892.3515625,7976.4501953125,18916.44921875,39283.1484375,904.75
2024-02-22,22217.44921875,46919.80078125,20283.94921875,38130.1484375,20584.849609375,54419.19921875,8069.39990234375,18969.44921875,39589.55078125,909.6500244140625
2024-02-23,22212.69921875,46811.75,20313.5,38045.6484375,20621.349609375,54337.75,8047.75,19048.400390625,39561.44921875,918.75
2024-02-26,22122.05078125,46576.5,20255.80078125,37598.6484375,20642.400390625,54317.30078125,7971.75,18956.44921875,39758.8984375,919.3499755859375
2024-02-27,22198.349609375,46588.05078125,20292.849609375,37870.25,20788.55078125,54306.44921875,8000.5498046875,19064.19921875,39659.5,929.1500244140625
2024-02-28,21951.150390625,45963.1484375,20020.400390625,37741.75,20372.349609375,53824.8984375,7850.35009765625,18942.55078125,38748.05078125,909.5
2024-02-29,21982.80078125,46120.8984375,20090.05078125,37720.3984375,20412.400390625,54015.6015625,7921.89990234375,19003.150390625,38838.0,910.5499877929688
2024-03-01,22338.75,47286.8984375,20349.80078125,37516.05078125,20871.94921875,54225.1484375,8208.5,18822.30078125,39707.1015625,917.0999755859375
2024-03-04,22405.599609375,47456.1015625,20432.05078125,37314.80078125,20840.19921875,54221.75,8318.9501953125,18960.19921875,40466.6015625,927.4500122070312
2024-03-05,22356.30078125,47581.0,20382.0,36720.75,21121.19921875,53653.1015625,8300.5498046875,19018.5,40646.1015625,930.3499755859375
2024-03-06,22474.05078125,47965.3984375,20379.55078125,37001.80078125,21181.30078125,53879.6015625,8257.650390625,19140.0,40451.5,917.8499755859375
2024-03-07,22493.55078125,47835.80078125,20434.80078125,37099.8984375,21126.80078125,54406.30078125,8371.2998046875,19194.099609375,40301.80078125,916.5
2024-03-11,22332.650390625,47327.8515625,20288.75,36988.30078125,21001.150390625,54087.44921875,8250.75,19202.05078125,39853.1015625,906.5499877929688
2024-03-12,22335.69921875,47282.3984375,20171.400390625,37224.25,20931.849609375,53636.1015625,8108.39990234375,18958.69921875,39599.25,872.9000244140625
2024-03-13,21997.69921875,46981.30078125,19646.30078125,36946.44921875,20338.25,53664.1484375,7647.39990234375,18635.69921875,37439.3984375,826.5
2024-03-14,22146.650390625,46789.94921875,19916.349609375,37679.6015625,20514.25,54145.80078125,7799.9501953125,18897.099609375,38159.94921875,831.5499877929688
2024-03-15,22023.349609375,46594.1015625,19825.19921875,37500.69921875,20192.30078125,54155.44921875,7802.64990234375,18718.44921875,37583.1015625,830.1500244140625
2024-03-18,22055.69921875,46575.8984375,19843.099609375,36886.05078125,20446.599609375,53907.8515625,7996.89990234375,18814.349609375,37825.3984375,834.0499877929688
2024-03-19,21817.44921875,46384.80078125,19610.55078125,35814.6484375,20354.099609375,52740.8984375,7923.60009765625,18405.650390625,37232.1015625,829.2000122070312
2024-03-20,21839.099609375,46310.8984375,19632.05078125,35748.8984375,20406.44921875,52993.5,7860.89990234375,18361.400390625,37630.69921875,834.3499755859375
2024-03-21,22011.94921875,46684.8984375,19897.400390625,36026.80078125,20700.25,53338.3515625,8052.75,18582.599609375,38328.3515625,859.4000244140625
2024-03-22,22096.75,46863.75,19994.599609375,35188.3984375,21046.400390625,53775.69921875,8130.7998046875,18815.599609375,38411.55078125,874.5
2024-03-26,22004.69921875,46600.19921875,20005.25,34969.1015625,21038.30078125,53687.69921875,8161.2001953125,18809.44921875,38428.5,888.2000122070312
2024-03-27,22123.650390625,46785.94921875,20087.80078125,34744.3515625,21146.19921875,53543.55078125,8154.9501953125,18768.400390625,38690.1484375,895.75
2024-03-28,22326.900390625,47124.6015625,20255.150390625,34898.1484375,21419.099609375,53949.19921875,8257.2001953125,18996.150390625,39020.6015625,900.6500244140625
2024-04-01,22462.0,47578.25,20492.55078125,35042.80078125,21385.25,53889.1484375,8562.7001953125,19207.900390625,39489.69921875,939.9000244140625
2024-04-02,22453.30078125,47545.44921875,20569.75,34793.94921875,21614.25,54096.94921875,8690.849609375,19185.150390625,39693.75,949.3499755859375
2024-04-03,22434.650390625,47624.25,20605.69921875,35047.3984375,21555.349609375,53866.69921875,8691.2001953125,19153.05078125,39704.55078125,924.8499755859375
2024-04-04,22514.650390625,48060.80078125,20664.650390625,35426.69921875,21651.849609375,53634.44921875,8684.4501953125,19125.19921875,39530.3515625,924.5
2024-04-05,22513.69921875,48493.05078125,20715.099609375,35247.8984375,21600.900390625,53925.94921875,8699.0498046875,19160.75,39451.55078125,937.75
2024-04-08,22666.30078125,48581.69921875,20819.099609375,35064.1484375,22067.94921875,53966.05078125,8794.650390625,19218.849609375,39951.25,950.25
2024-04-09,22642.75,48730.55078125,20790.69921875,35079.3515625,21999.349609375,53629.3515625,8894.400390625,19182.30078125,39693.44921875,955.2999877929688
2024-04-10,22753.80078125,48986.6015625,20915.19921875,35293.1484375,21985.150390625,54290.8984375,8999.599609375,19117.0,40120.1015625,960.9000244140625
2024-04-12,22519.400390625,48564.55078125,20745.5,35018.1015625,21851.30078125,53701.3984375,8951.2998046875,18788.650390625,39756.0,952.4000244140625
2024-04-15,22272.5,47773.25,20478.75,34463.6015625,21680.30078125,53174.94921875,8899.7001953125,18617.650390625,39629.25,942.0499877929688
2024-04-16,22147.900390625,47484.80078125,20423.0,33574.94921875,21703.05078125,53402.25,8851.9501953125,18695.599609375,39712.75,937.75
2024-04-18,21995.849609375,47069.44921875,20324.69921875,33498.6484375,21520.75,52825.5,8824.25,18525.75,39359.55078125,932.75
2024-04-19,22147.0,47574.1484375,20385.19921875,33368.30078125,21609.69921875,53055.44921875,8909.0,18404.599609375,39357.8515625,926.25
2024-04-22,22336.400390625,47924.8984375,20574.849609375,33538.80078125,21812.69921875,53499.44921875,8931.2001953125,18643.0,39570.05078125,933.0999755859375
2024-04-23,22368.0,47970.44921875,20652.650390625,33714.55078125,21914.30078125,53905.30078125,8900.4501953125,18463.75,39446.6015625,957.2000122070312
2024-04-24,22402.400390625,48189.0,20730.650390625,33442.55078125,21896.900390625,53932.5,9140.099609375,18586.19921875,39561.8515625,965.75
2024-04-25,22570.349609375,48494.94921875,20867.900390625,33554.44921875,22174.05078125,54291.6484375,9242.0,18878.150390625,39989.25,963.3499755859375
2024-04-26,22419.94921875,48201.05078125,20839.349609375,33666.25,22111.55078125,54300.75,9222.650390625,18994.650390625,39968.30078125,969.0499877929688
2024-04-29,22643.400390625,49424.05078125,20992.19921875,33579.3984375,22078.75,54332.1484375,9268.7998046875,19096.900390625,40352.1015625,959.3499755859375
2024-04-30,22604.849609375,49396.75,20997.19921875,33200.94921875,22479.900390625,54240.6015625,9175.7998046875,18970.599609375,40366.69921875,973.25
2024-05-02,22648.19921875,49231.05078125,21083.599609375,33203.3515625,22733.5,54490.55078125,9279.5498046875,19124.44921875,40801.1015625,972.6500244140625
2024-05-03,22475.849609375,48923.55078125,20959.55078125,32908.3984375,22541.349609375,54273.8984375,9276.2998046875,19133.400390625,40571.05078125,962.6500244140625
2024-05-06,22442.69921875,48895.30078125,20864.94921875,33217.1484375,22526.599609375,54660.1484375,9189.75,19203.30078125,39882.1015625,989.2000122070312
2024-05-07,22302.5,48285.3515625,20636.05078125,33473.0,22114.0,55765.55078125,8969.900390625,18846.30078125,39035.25,954.7000122070312
2024-05-08,22302.5,48021.1015625,20704.900390625,33335.1484375,22458.650390625,56008.80078125,9102.349609375,18850.849609375,39635.1015625,960.8499755859375
2024-05-09,21957.5,47487.8984375,20344.80078125,33205.8515625,22633.30078125,54625.1015625,8841.25,18437.05078125,38458.0,939.4500122070312
2024-05-10,22055.19921875,47421.1015625,20469.099609375,32935.1484375,22846.900390625,55276.5,8977.4501953125,18609.44921875,39089.44921875,935.3499755859375
2024-05-13,22104.05078125,47754.1015625,20511.0,33074.6015625,22462.650390625,55340.69921875,9094.7998046875,18939.0,38868.1484375,946.9000244140625
2024-05-14,22217.849609375,47859.44921875,20683.80078125,33122.8515625,22874.80078125,55054.30078125,9347.150390625,18860.849609375,39494.19921875,955.25
2024-05-15,22200.55078125,47687.44921875,20741.849609375,33117.3984375,22759.849609375,54555.94921875,9376.900390625,18886.55078125,39949.55078125,965.0
2024-05-16,22403.849609375,47977.05078125,20929.05078125,33668.44921875,22886.849609375,54997.0,9405.400390625,18996.150390625,40076.6015625,980.75
2024-05-17,22466.099609375,48115.6484375,21064.55078125,33381.8515625,23285.650390625,55064.69921875,9557.9501953125,18981.599609375,40302.5,997.0999755859375
2024-05-21,22529.05078125,48048.19921875,21187.650390625,33379.75,23353.75,54969.25,9981.150390625,19205.19921875,40971.05078125,1004.7000122070312
2024-05-22,22597.80078125,47781.94921875,21237.75,33613.1015625,23324.099609375,55753.8984375,9919.4501953125,19317.400390625,41331.55078125,1018.9000244140625
2024-05-23,22967.650390625,48768.6015625,21489.55078125,34042.8515625,23849.25,55899.0,9959.4501953125,19216.349609375,41559.25,1030.4000244140625
2024-05-24,22957.099609375,48971.6484375,21483.75,33824.30078125,23891.44921875,55449.1484375,9928.400390625,19119.5,41634.6484375,1023.6500244140625
2024-05-27,22932.44921875,49281.80078125,21493.0,33995.25,23877.150390625,55260.5,9866.400390625,19111.94921875,41292.6484375,1032.3499755859375
2024-05-28,22888.150390625,49142.1484375,21387.349609375,33880.8515625,23814.25,55271.94921875,9815.0498046875,19215.75,40794.8515625,1010.0
2024-05-29,22704.69921875,48501.3515625,21256.30078125,33542.69921875,23757.94921875,54974.25,9841.2001953125,19321.349609375,40572.19921875,1000.9500122070312
2024-05-30,22488.650390625,48682.3515625,21038.55078125,32806.75,23471.0,54280.1015625,9545.25,18971.0,39986.8515625,996.0499877929688
2024-05-31,22530.69921875,48983.94921875,21103.30078125,32386.099609375,23419.599609375,54107.3515625,9723.599609375,18796.30078125,40255.5,1019.4000244140625
2024-06-03,23263.900390625,50979.94921875,21797.400390625,32511.400390625,23992.69921875,54653.6015625,10048.5498046875,18864.150390625,42981.8984375,1080.050048828125
2024-06-04,21884.5,46928.6015625,20323.849609375,32315.55078125,23193.30078125,55172.5,8980.150390625,18603.150390625,37624.1015625,976.0999755859375
2024-06-05,22620.349609375,49054.6015625,21054.400390625,33087.94921875,24283.75,57567.3984375,9496.599609375,19281.25,38712.3515625,1000.7999877929688
2024-06-06,22821.400390625,49291.8984375,21365.0,34023.80078125,24396.69921875,57373.6015625,9632.5,19232.099609375,39339.6484375,1047.75
2024-06-07,23290.150390625,49803.19921875,21764.150390625,35169.8984375,25020.19921875,57953.3515625,9833.599609375,19578.0,40283.30078125,1069.5
2024-06-10,23259.19921875,49780.8984375,21808.25,34526.25,25022.650390625,57991.75,9795.849609375,19774.69921875,40510.05078125,1083.6500244140625
2024-06-11,23264.849609375,49705.75,21852.0,34531.44921875,25230.80078125,57792.8515625,9789.5498046875,19689.69921875,40620.80078125,1095.8499755859375
2024-06-12,23322.94921875,49895.1015625,21960.94921875,34547.44921875,25217.599609375,57495.55078125,9838.349609375,19739.099609375,40995.6484375,1095.4000244140625
2024-06-13,23398.900390625,49846.69921875,22074.30078125,34902.05078125,25393.19921875,57117.0,9840.25,19838.5,40943.25,1119.9000244140625
2024-06-14,23465.599609375,50002.0,22214.30078125,34598.55078125,25722.099609375,57225.8515625,9912.099609375,19895.650390625,41040.0,1129.0999755859375
2024-06-18,23557.900390625,50440.8984375,22329.599609375,34802.94921875,25715.30078125,57167.3984375,9890.2001953125,19826.650390625,41307.25,1150.300048828125
2024-06-19,23516.0,51398.05078125,22224.900390625,34927.1015625,25381.69921875,56646.55078125,9773.2998046875,19644.5,40600.8984375,1117.699951171875
2024-06-20,23567.0,51783.25,22305.099609375,34936.44921875,25267.849609375,56669.6484375,9951.0498046875,19544.55078125,40753.94921875,1140.300048828125
2024-06-21,23501.099609375,51661.44921875,22236.19921875,35200.30078125,25092.30078125,55990.1015625,9990.900390625,19528.400390625,40457.55078125,1131.9000244140625
2024-06-24,23537.849609375,51703.94921875,22289.099609375,35143.80078125,25309.80078125,56392.69921875,9926.849609375,19521.150390625,40464.1484375,1135.3499755859375
2024-06-25,23721.30078125,52606.0,22370.650390625,35426.8984375,25250.25,56246.3515625,9857.4501953125,19532.30078125,40255.19921875,1115.5
2024-06-26,23868.80078125,52870.5,22436.80078125,35406.6015625,25018.900390625,56465.19921875,9714.2998046875,19545.349609375,40822.6015625,1099.5
2024-06-27,24044.5,52811.30078125,22537.400390625,36123.69921875,25191.400390625,56670.6015625,9767.400390625,19514.80078125,41342.3515625,1098.949951171875
2024-06-28,24010.599609375,52342.25,22559.69921875,36157.5,25200.599609375,56756.8515625,9814.2998046875,19731.55078125,41789.19921875,1104.75
2024-07-01,24141.94921875,52574.75,22727.599609375,36869.19921875,25323.849609375,57154.69921875,9882.7998046875,19758.25,41569.80078125,1101.050048828125
2024-07-02,24123.849609375,52168.1015625,22677.80078125,37299.1484375,25130.849609375,56669.19921875,9835.7001953125,19786.400390625,41714.55078125,1110.1500244140625
2024-07-03,24286.5,53089.25,22851.19921875,37314.3515625,25182.80078125,57177.55078125,9940.099609375,19915.30078125,41784.5,1113.8499755859375
2024-07-04,24302.150390625,53103.69921875,22914.19921875,37725.8984375,25366.44921875,57058.3984375,9936.7998046875,20192.599609375,41847.69921875,1119.5
2024-07-05,24323.849609375,52660.3515625,22987.650390625,37720.75,25398.30078125,57673.0,9970.5,20453.849609375,42523.8984375,1119.1500244140625
2024-07-08,24320.55078125,52425.80078125,22971.150390625,37742.25,25260.5,58611.19921875,9877.349609375,20325.80078125,42644.94921875,1114.300048828125
2024-07-09,24433.19921875,52568.80078125,23067.349609375,37668.6484375,25823.55078125,59182.6484375,9881.900390625,20645.80078125,42609.19921875,1127.050048828125
2024-07-10,24324.44921875,52189.30078125,22977.650390625,37280.75,25302.80078125,59349.6015625,9722.7998046875,20725.94921875,42675.44921875,1126.6500244140625
2024-07-11,24315.94921875,52270.6484375,23005.25,37332.6015625,25257.25,59516.69921875,9723.25,20601.69921875,42756.8515625,1109.9000244140625
2024-07-12,24502.150390625,52278.8984375,23095.44921875,39023.0,25145.44921875,59725.75,9708.2001953125,20612.650390625,42846.3515625,1093.199951171875
2024-07-15,24586.69921875,52455.8984375,23209.849609375,38911.3515625,25419.80078125,60070.69921875,9729.599609375,20844.55078125,43303.0,1107.9000244140625
2024-07-16,24613.0,52396.80078125,23204.25,39141.5,25482.900390625,60645.1484375,9722.0,20765.44921875,43204.30078125,1126.25
2024-07-18,24800.849609375,52620.69921875,23210.05078125,40010.3984375,25576.69921875,61225.3515625,9636.9501953125,20768.349609375,43236.6484375,1122.699951171875
2024-07-19,24530.900390625,52265.6015625,22853.599609375,39923.30078125,24963.349609375,61087.8984375,9256.2998046875,20425.400390625,42062.80078125,1096.199951171875
2024-07-22,24509.25,52280.3984375,22942.650390625,39773.1484375,25250.75,60881.75,9350.599609375,20641.55078125,41945.5,1090.9000244140625
2024-07-23,24479.05078125,51778.30078125,22865.19921875,40044.69921875,25321.69921875,62511.25,9263.099609375,20755.349609375,41719.5,1065.949951171875
2024-07-24,24413.5,51317.0,22921.44921875,40115.05078125,25309.05078125,62182.3515625,9267.150390625,20908.5,42234.3515625,1074.25
2024-07-25,24406.099609375,50888.75,22917.25,40055.5,25627.349609375,62139.5,9148.0,21105.5,42770.30078125,1065.3499755859375
2024-07-26,24834.849609375,51295.94921875,23292.05078125,40977.3515625,26250.69921875,62728.80078125,9423.400390625,21603.099609375,43238.30078125,1077.6500244140625
2024-07-29,24836.099609375,51406.25,23394.19921875,40820.1015625,26426.55078125,62513.8515625,9450.2998046875,21674.94921875,43438.69921875,1093.050048828125
2024-07-30,24857.30078125,51499.30078125,23440.900390625,40776.3515625,26580.94921875,61819.0,9468.349609375,21540.80078125,43908.3515625,1097.800048828125
2024-07-31,24951.150390625,51553.3984375,23530.80078125,40851.1015625,26685.25,62082.19921875,9583.400390625,21777.150390625,44086.80078125,1093.75
2024-08-01,25010.900390625,51564.0,23506.599609375,40709.3984375,26487.44921875,62173.19921875,9573.2001953125,21790.349609375,44954.44921875,1075.1500244140625
2024-08-02,24717.69921875,51350.1484375,23259.44921875,39730.30078125,25714.44921875,61745.1484375,9314.5498046875,21902.849609375,44334.25,1037.1500244140625
2024-08-05,24055.599609375,50092.1015625,22542.44921875,38435.94921875,24706.5,61550.44921875,8862.5,21583.05078125,42640.8984375,992.2999877929688
2024-08-06,23992.55078125,49748.30078125,22443.30078125,38624.19921875,24520.05078125,61604.1484375,8888.9501953125,21562.55078125,42474.94921875,1000.5999755859375
2024-08-07,24297.5,50119.0,22848.900390625,39194.80078125,24937.599609375,62322.6484375,9128.4501953125,22036.94921875,43400.3984375,1018.9500122070312
2024-08-08,24117.0,50156.69921875,22705.69921875,38448.30078125,24917.349609375,62042.55078125,8969.25,22114.25,42687.1484375,1006.6500244140625
2024-08-09,24367.5,50484.5,22923.5,39043.30078125,25346.650390625,62157.3515625,9038.2998046875,22209.55078125,43216.05078125,1022.25
2024-08-12,24347.0,50577.94921875,22915.849609375,39109.55078125,25278.94921875,61668.44921875,9106.25,22205.599609375,42916.05078125,1035.699951171875
2024-08-13,24139.0,49831.8515625,22705.80078125,39114.8515625,25081.849609375,61495.75,8957.150390625,22191.599609375,42570.3515625,1028.0999755859375
2024-08-14,24143.75,49727.30078125,22672.650390625,39731.25,25093.5,61305.30078125,8844.2998046875,22012.69921875,42298.94921875,1023.1500244140625
2024-08-16,24541.150390625,50516.8984375,23056.5,40878.25,25597.349609375,62213.0,8994.099609375,22106.5,42762.69921875,1048.6500244140625
2024-08-19,24572.650390625,50368.3515625,23139.75,41236.8515625,25368.75,62326.05078125,9161.9501953125,22237.849609375,43332.3515625,1050.199951171875
2024-08-20,24698.849609375,50803.1484375,23280.349609375,41572.80078125,25500.0,62240.6015625,9204.650390625,22374.25,43527.6484375,1052.3499755859375
2024-08-21,24770.19921875,50685.55078125,23368.650390625,41570.8515625,25586.75,63091.8984375,9264.0498046875,22577.900390625,43591.44921875,1038.550048828125
2024-08-22,24811.5,50985.69921875,23440.69921875,41506.19921875,25563.650390625,63483.6015625,9326.25,22546.099609375,43321.1484375,1043.449951171875
2024-08-23,24823.150390625,50933.44921875,23418.650390625,41089.8515625,25850.69921875,63409.25,9290.5,22527.849609375,43338.1484375,1018.0999755859375
2024-08-26,25010.599609375,51148.1015625,23561.75,41662.1015625,25941.44921875,63657.94921875,9490.75,22554.94921875,43792.05078125,1036.0
2024-08-27,25017.75,51278.75,23604.849609375,41709.25,25911.900390625,62981.1484375,9432.75,22729.0,43523.69921875,1038.0999755859375
2024-08-28,25052.349609375,51143.8515625,23615.94921875,42394.3984375,25879.400390625,62713.6015625,9414.7998046875,22989.099609375,43398.1015625,1036.199951171875
2024-08-29,25151.94921875,51152.75,23631.400390625,42591.6484375,26020.400390625,63162.94921875,9369.9501953125,22878.05078125,43661.1015625,1034.5
2024-08-30,25235.900390625,51351.0,23734.55078125,42787.80078125,26172.80078125,63059.75,9405.25,23217.599609375,43757.3984375,1053.4000244140625
2024-09-02,25278.69921875,51439.55078125,23760.69921875,42975.6015625,26071.400390625,63578.6015625,9307.150390625,22987.44921875,43782.94921875,1050.9000244140625
2024-09-03,25279.849609375,51689.1015625,23788.44921875,42851.30078125,26034.650390625,63485.75,9254.75,23014.30078125,43477.6484375,1045.4000244140625
2024-09-04,25198.69921875,51400.25,23748.900390625,42450.5,25934.25,63742.8984375,9185.5,23184.400390625,43249.8515625,1052.199951171875
2024-09-05,25145.099609375,51473.05078125,23762.80078125,42644.6484375,25835.30078125,63700.3984375,9212.9501953125,23156.69921875,42911.6015625,1041.949951171875
2024-09-06,24852.150390625,50576.8515625,23477.69921875,42228.8984375,25527.150390625,63175.69921875,9161.150390625,23043.400390625,42212.44921875,1032.0999755859375
2024-09-09,24936.400390625,51117.80078125,23502.150390625,41919.05078125,25495.25,64465.8515625,9099.0,23009.400390625,41926.75,1029.6500244140625
2024-09-10,25041.099609375,51272.30078125,23643.650390625,42644.19921875,25556.44921875,64584.94921875,9156.2001953125,23256.849609375,42243.3984375,1038.75
2024-09-11,24918.44921875,51010.0,23531.25,42473.30078125,25240.599609375,64768.1484375,9028.2001953125,23220.400390625,41626.25,1026.6500244140625
2024-09-12,25388.900390625,51772.3984375,23907.349609375,43152.1015625,25779.80078125,65513.19921875,9290.849609375,23429.599609375,42497.8515625,1035.699951171875
2024-09-13,25356.5,51938.05078125,23928.19921875,43394.3515625,25820.849609375,65062.80078125,9370.650390625,23457.650390625,42229.3984375,1053.6500244140625
2024-09-16,25383.75,52153.1484375,23968.19921875,43352.6484375,25829.650390625,64597.0,9427.7001953125,23448.75,42569.30078125,1059.699951171875
2024-09-17,25418.55078125,52188.6484375,23969.900390625,43415.0,25896.400390625,64686.44921875,9388.150390625,23383.650390625,42648.80078125,1066.199951171875
2024-09-18,25377.55078125,52750.3984375,23898.650390625,42089.30078125,25804.44921875,64615.05078125,9310.5498046875,23025.19921875,42350.69921875,1063.75
2024-09-19,25415.80078125,53037.6015625,23853.94921875,41945.6015625,25907.650390625,64975.80078125,9251.2001953125,22930.150390625,42326.8984375,1069.0
2024-09-20,25790.94921875,53793.19921875,24193.80078125,42204.3984375,26394.55078125,65870.796875,9404.2998046875,23005.25,42850.0,1101.5999755859375
2024-09-23,25939.05078125,54105.80078125,24379.19921875,41987.44921875,26805.400390625,66305.203125,9454.849609375,23134.25,43370.5,1126.1500244140625
2024-09-24,25940.400390625,53968.6015625,24389.69921875,42243.94921875,26920.44921875,65796.6484375,9735.400390625,23188.400390625,43707.8515625,1122.75
2024-09-25,26004.150390625,54101.6484375,24371.25,41960.94921875,26888.349609375,65521.69921875,9777.150390625,23249.0,44064.69921875,1130.1500244140625
2024-09-26,26216.05078125,54375.3515625,24496.900390625,42160.8984375,27496.25,66156.8984375,9985.7001953125,23250.900390625,44145.05078125,1131.300048828125
2024-09-27,26178.94921875,53834.30078125,24489.55078125,42312.6015625,27610.75,65845.453125,10064.599609375,23519.099609375,44545.0,1117.800048828125
2024-09-30,25810.849609375,52978.1015625,24245.19921875,41946.1015625,27027.19921875,65540.3515625,10198.349609375,23281.19921875,44016.69921875,1099.0
2024-10-01,25796.900390625,52922.6015625,24271.30078125,42434.80078125,27083.44921875,65470.94921875,10222.9501953125,23296.55078125,43688.75,1096.8499755859375
2024-10-03,25250.099609375,51845.19921875,23755.44921875,41762.6015625,26302.099609375,64502.05078125,10155.0,23178.75,42550.5,1049.0
2024-10-04,25014.599609375,51462.05078125,23534.94921875,41912.5,25926.30078125,63380.05078125,10113.2001953125,23094.69921875,42080.6484375,1031.800048828125
2024-10-07,24795.75,50478.8984375,23181.94921875,42190.6015625,25807.150390625,63028.3515625,9886.2998046875,22977.80078125,41039.3515625,1020.1500244140625
2024-10-08,25013.150390625,51021.0,23512.55078125,42387.55078125,26236.099609375,63326.55078125,9794.4501953125,23307.94921875,41712.75,1029.949951171875
2024-10-09,24981.94921875,51007.0,23599.599609375,42622.75,26450.25,62334.3515625,9800.75,23783.80078125,41377.80078125,1052.050048828125
2024-10-10,24998.44921875,51530.8984375,23598.150390625,42088.80078125,26528.5,62056.30078125,9839.9501953125,23305.150390625,41509.19921875,1047.8499755859375
2024-10-11,24964.25,51172.30078125,23611.25,42335.69921875,26436.599609375,62080.19921875,9932.7001953125,23582.25,41515.80078125,1040.5999755859375
2024-10-14,25127.94921875,51816.8984375,23727.05078125,42872.75,26463.55078125,62372.30078125,9905.0,23680.0,41534.94921875,1057.3499755859375
2024-10-15,25057.349609375,51906.0,23735.69921875,42731.30078125,26242.599609375,62607.69921875,9762.0498046875,23555.69921875,41283.6015625,1079.050048828125
2024-10-16,24971.30078125,51801.05078125,23673.150390625,42230.69921875,25909.0,62373.25,9741.7001953125,23467.349609375,41304.6484375,1084.949951171875
2024-10-17,24749.849609375,51288.80078125,23377.0,42734.3515625,24991.19921875,61352.75,9603.2998046875,23254.0,40983.0,1044.1500244140625
2024-10-18,24854.05078125,52094.19921875,23440.69921875,42106.5,25146.900390625,61042.1015625,9753.900390625,23356.19921875,41205.55078125,1047.300048828125
2024-10-21,24781.099609375,51962.69921875,23263.25,41562.69921875,25251.849609375,60280.25,9606.7998046875,23122.69921875,40984.69921875,1032.6500244140625
2024-10-22,24472.099609375,51257.1484375,22814.44921875,41238.80078125,24627.25,60000.94921875,9318.7998046875,22828.19921875,40009.3515625,997.75
2024-10-23,24435.5,51239.0,22841.099609375,42222.1015625,24451.30078125,60097.6484375,9295.25,22471.599609375,39812.3984375,997.1500244140625
2024-10-24,24399.400390625,51531.1484375,22787.849609375,42139.8515625,24324.849609375,58396.8984375,9273.4501953125,22570.80078125,39942.5,985.8499755859375
2024-10-25,24180.80078125,50787.44921875,22499.05078125,42038.8515625,23799.30078125,58908.5,9048.9501953125,22574.55078125,39063.75,974.3499755859375
2024-10-28,24339.150390625,51259.30078125,22649.94921875,42205.3984375,23964.44921875,59252.6484375,9278.400390625,22857.25,39123.5,987.75
2024-10-29,24466.849609375,52320.69921875,22795.05078125,42031.44921875,23588.599609375,59203.8515625,9338.75,22601.400390625,39359.80078125,1001.8499755859375
2024-10-30,24340.849609375,51807.5,22749.80078125,41668.6015625,23594.0,59748.8984375,9342.4501953125,22374.94921875,39296.1484375,1001.0499877929688
2024-10-31,24205.349609375,51475.3515625,22689.349609375,40407.55078125,23514.69921875,59203.0,9326.849609375,22735.55078125,39301.94921875,999.5499877929688
2024-11-01,24304.349609375,51673.8984375,22823.55078125,40433.6484375,23805.599609375,59433.19921875,9390.2998046875,22807.150390625,39635.6484375,1009.0999755859375
2024-11-04,23995.349609375,51215.25,22518.30078125,40421.80078125,23573.19921875,58743.69921875,9242.900390625,22638.30078125,38604.75,979.5
2024-11-05,24213.30078125,52207.25,22679.849609375,40424.6015625,23839.599609375,58542.19921875,9505.400390625,22661.25,38924.8984375,985.5999755859375
2024-11-06,24484.05078125,52317.3984375,23031.19921875,42039.5,24137.900390625,58754.80078125,9656.4501953125,22920.349609375,39562.8515625,1011.0499877929688
2024-11-07,24199.349609375,51916.5,22806.25,41752.3984375,23812.5,58180.25,9392.849609375,22526.94921875,38990.55078125,996.5499877929688
2024-11-08,24148.19921875,51561.19921875,22645.650390625,42050.1484375,23805.19921875,58359.3984375,9308.900390625,22542.25,38403.6484375,967.6500244140625
2024-11-11,24141.30078125,51876.75,22591.400390625,42590.30078125,23729.44921875,57843.94921875,9216.25,22344.25,38247.44921875,966.2000122070312
2024-11-12,23883.44921875,51157.80078125,22331.05078125,42609.55078125,23269.099609375,56902.55078125,9078.5,22151.599609375,37705.6484375,967.9500122070312
2024-11-13,23559.05078125,50088.3515625,21914.94921875,42369.5,22765.19921875,56647.8515625,8836.75,21809.30078125,37114.6484375,937.25
2024-11-14,23532.69921875,50179.55078125,21963.099609375,42390.8515625,22914.5,55782.69921875,8828.7001953125,21752.0,37047.55078125,946.9500122070312
2024-11-18,23453.80078125,50363.80078125,21899.400390625,41406.55078125,23043.849609375,56314.3515625,8996.650390625,21544.150390625,36757.19921875,952.25
2024-11-19,23518.5,50626.5,22004.349609375,41748.3515625,23359.5,56378.55078125,8920.349609375,21768.849609375,36584.19921875,966.2999877929688
2024-11-21,23349.900390625,50372.8984375,21820.849609375,41952.80078125,23145.900390625,55693.69921875,8717.400390625,21740.099609375,35789.30078125,975.2999877929688
2024-11-22,23907.25,51135.3984375,22225.55078125,43332.1015625,23554.099609375,56956.44921875,8846.2001953125,21962.05078125,36523.5,1006.25
2024-11-25,24221.900390625,52207.5,22553.5,43618.1484375,23716.44921875,57358.19921875,8883.0,22177.05078125,37006.0,1028.5
2024-11-26,24194.5,52191.5,22562.44921875,44085.94921875,23413.0,57838.25,8916.7001953125,21961.75,36722.19921875,1029.1500244140625
2024-11-27,24274.900390625,52301.80078125,22691.69921875,44018.69921875,23517.349609375,58028.6015625,8987.349609375,21828.599609375,37256.0,1024.9000244140625
2024-11-28,23914.150390625,51906.8515625,22514.349609375,42968.75,23134.69921875,57706.05078125,8964.849609375,21728.599609375,36979.19921875,1025.3499755859375
2024-11-29,24131.099609375,52055.6015625,22687.0,43146.25,23368.55078125,57943.69921875,9034.0,22240.19921875,37481.94921875,1020.1500244140625
2024-12-02,24276.05078125,52109.0,22835.849609375,43547.0,23599.599609375,57917.0,9133.599609375,22450.19921875,37594.3984375,1051.199951171875
2024-12-03,24457.150390625,52695.75,23020.849609375,43754.94921875,23752.400390625,57689.19921875,9246.25,22445.69921875,38014.05078125,1054.5999755859375
2024-12-04,24467.44921875,53266.8984375,23099.5,43949.25,23584.0,57270.3515625,9230.099609375,22422.900390625,37736.05078125,1077.1500244140625
2024-12-05,24708.400390625,53603.55078125,23277.94921875,44806.3984375,23736.25,57605.19921875,9282.75,22463.400390625,37884.69921875,1074.449951171875
2024-12-06,24677.80078125,53509.5,23312.099609375,44716.05078125,23960.25,57744.30078125,9397.150390625,22434.75,37842.80078125,1073.9000244140625
2024-12-09,24619.0,53407.75,23292.0,44832.0,23775.05078125,56460.6015625,9455.25,22309.099609375,37689.3984375,1076.9000244140625
2024-12-10,24610.05078125,53577.69921875,23314.900390625,45199.75,23767.05078125,56530.25,9475.349609375,22291.44921875,37451.55078125,1092.3499755859375
2024-12-11,24641.80078125,53391.3515625,23358.150390625,45350.3515625,23851.849609375,56766.80078125,9483.650390625,22302.599609375,37308.8515625,1094.3499755859375
2024-12-12,24548.69921875,53216.44921875,23256.400390625,45701.6484375,23660.30078125,56146.69921875,9507.75,22229.30078125,37024.94921875,1089.8499755859375
2024-12-13,24768.30078125,53583.80078125,23358.94921875,45995.80078125,23773.099609375,56869.3984375,9439.2998046875,22157.349609375,37194.19921875,1085.050048828125
2024-12-16,24668.25,53581.3515625,23352.44921875,45653.6015625,23790.5,56697.19921875,9347.75,22255.55078125,36969.94921875,1118.6500244140625
2024-12-17,24336.0,52834.80078125,23095.75,45413.75,23417.80078125,56467.44921875,9194.9501953125,22074.55078125,36375.3984375,1117.5999755859375
2024-12-18,24198.849609375,52139.55078125,22934.400390625,45526.8515625,23241.25,56467.80078125,9069.900390625,22314.55078125,35981.80078125,1112.4000244140625
2024-12-19,23951.69921875,51575.69921875,22752.150390625,44954.19921875,23070.900390625,56157.8984375,8977.2001953125,22697.900390625,35628.19921875,1103.25
2024-12-20,23587.5,50759.19921875,22319.400390625,43771.05078125,22580.0,55600.80078125,8813.25,22501.849609375,34910.6015625,1060.0999755859375
2024-12-23,23753.44921875,51317.6015625,22412.30078125,43828.3515625,22557.75,56135.05078125,8891.400390625,22572.05078125,35147.75,1075.6500244140625
2024-12-24,23727.650390625,51233.0,22402.69921875,43668.8984375,22685.55078125,56439.30078125,8817.599609375,22558.900390625,35084.94921875,1074.75
2024-12-26,23750.19921875,51170.69921875,22430.349609375,43664.25,22876.099609375,56258.0,8805.25,22712.55078125,35159.55078125,1077.25
2024-12-27,23813.400390625,51311.30078125,22445.19921875,43721.3984375,23099.05078125,56444.25,8720.7001953125,23008.349609375,35039.3984375,1071.3499755859375
2024-12-30,23644.900390625,50952.75,22357.150390625,43971.44921875,22768.25,56618.3984375,8609.849609375,23241.150390625,34832.19921875,1054.8499755859375
2024-12-31,23644.80078125,50860.19921875,22375.400390625,43337.80078125,22834.0,56799.6484375,8649.900390625,23412.25,35188.25,1052.3499755859375
2025-01-02,24188.650390625,51605.55078125,22819.75,44351.75,24016.19921875,57671.3515625,8723.349609375,23553.400390625,35715.8984375,1051.6500244140625
2025-01-03,24004.75,50988.80078125,22708.150390625,43726.55078125,24005.0,57817.0,8729.9501953125,23263.5,35894.05078125,1045.0999755859375
2025-01-06,23616.05078125,49922.0,22225.400390625,43674.8515625,23482.19921875,56714.3984375,8455.5,23073.05078125,34731.1484375,1012.0499877929688
2025-01-07,23707.900390625,50202.1484375,22341.650390625,43375.8515625,23482.099609375,56719.55078125,8560.5498046875,23228.55078125,35164.75,1020.0999755859375
2025-01-08,23688.94921875,49835.05078125,22231.80078125,43634.25,23370.150390625,56967.6015625,8503.2001953125,23011.099609375,35157.3984375,1018.5
2025-01-09,23526.5,49503.5,22046.55078125,43126.44921875,23305.19921875,57495.6015625,8398.849609375,22868.099609375,34444.94921875,990.7000122070312
2025-01-10,23431.5,48734.1484375,21799.0,44609.5,23017.75,57117.69921875,8262.9501953125,22380.849609375,33743.0,963.2999877929688
2025-01-13,23085.94921875,48041.25,21243.44921875,43999.1015625,22382.25,56420.1484375,7951.35009765625,21903.349609375,32623.099609375,901.0
2025-01-14,23176.05078125,48729.1484375,21481.05078125,43061.19921875,22833.05078125,55627.19921875,8267.5,22203.900390625,33567.75,908.2000122070312
2025-01-15,23213.19921875,48751.69921875,21551.19921875,43401.25,22712.75,55549.8515625,8280.9501953125,21972.69921875,33821.19921875,920.8499755859375
2025-01-16,23311.80078125,49278.69921875,21714.55078125,43188.8515625,22861.25,55240.0,8422.0,21909.75,34275.1015625,927.0499877929688
2025-01-17,23203.19921875,48540.6015625,21680.25,42032.19921875,22791.099609375,55800.8515625,8521.7001953125,22061.69921875,34686.1015625,939.25
2025-01-20,23344.75,49350.80078125,21809.0,42192.80078125,22671.80078125,55738.05078125,8613.349609375,22182.400390625,34970.55078125,945.3499755859375
2025-01-21,23024.650390625,48570.8984375,21433.19921875,41697.94921875,22303.19921875,55622.6484375,8532.099609375,21882.900390625,34308.5,906.4000244140625
2025-01-22,23155.349609375,48724.3984375,21396.55078125,42590.69921875,22274.349609375,55596.05078125,8470.25,22034.94921875,33805.19921875,865.0499877929688
2025-01-23,23205.349609375,48589.0,21538.05078125,43351.75,22518.94921875,55781.80078125,8515.5498046875,22343.30078125,33866.6015625,873.7000122070312
2025-01-24,23092.19921875,48367.80078125,21318.900390625,43524.1015625,22171.05078125,56069.3515625,8438.7998046875,21872.400390625,33263.55078125,853.5499877929688
2025-01-27,22829.150390625,48064.6484375,20910.94921875,42060.69921875,21970.44921875,55654.5,8189.7998046875,21292.30078125,32417.55078125,844.5999755859375
2025-01-28,22957.25,48866.8515625,20924.75,41820.6484375,22264.150390625,55441.94921875,8157.4501953125,20796.599609375,31966.099609375,862.9000244140625
2025-01-29,23163.099609375,49165.94921875,21245.5,42914.5,22586.349609375,55163.05078125,8308.650390625,21163.900390625,32607.849609375,888.0
2025-01-30,23249.5,49311.94921875,21297.5,42426.6484375,22495.69921875,55558.94921875,8299.75,21419.650390625,33026.05078125,903.7999877929688
2025-01-31,23508.400390625,49587.19921875,21580.900390625,42662.75,22867.599609375,56691.94921875,8399.7001953125,21438.599609375,33895.6015625,921.3499755859375
2025-02-03,23361.05078125,49210.55078125,21402.55078125,42314.25,23327.0,57419.55078125,8155.14990234375,21361.599609375,32177.400390625,949.7000122070312
2025-02-04,23739.25,50157.94921875,21727.44921875,42860.19921875,23535.05078125,57274.69921875,8301.4501953125,21733.94921875,32896.69921875,954.9500122070312
2025-02-05,23696.30078125,50343.05078125,21784.25,42888.30078125,23517.099609375,56383.75,8427.099609375,21868.5,33345.44921875,937.2999877929688
2025-02-06,23603.349609375,50382.1015625,21672.44921875,43020.94921875,23298.849609375,55841.80078125,8363.650390625,22009.05078125,33059.75,916.7999877929688
2025-02-07,23559.94921875,50158.8515625,21646.150390625,42921.6484375,23459.94921875,55113.30078125,8585.7998046875,22077.0,32817.30078125,917.7000122070312
2025-02-10,23381.599609375,49981.0,21371.30078125,42596.55078125,23112.650390625,54856.6484375,8359.25,21665.650390625,32109.900390625,890.2999877929688
2025-02-11,23071.80078125,49403.3984375,20950.44921875,41968.30078125,22573.900390625,53794.25,8213.5498046875,21249.5,31436.75,863.0
2025-02-12,23045.25,49479.44921875,20907.849609375,41733.0,22407.44921875,53739.0,8268.400390625,21142.05078125,31317.30078125,839.3499755859375
2025-02-13,23031.400390625,49359.8515625,20904.349609375,41315.55078125,22344.30078125,53314.75,8336.349609375,21427.099609375,31286.80078125,846.1500244140625
2025-02-14,22929.25,49099.44921875,20633.099609375,41311.1484375,22069.30078125,53138.55078125,8187.5,20811.55078125,30572.30078125,831.4500122070312
2025-02-17,22959.5,49258.8984375,20652.349609375,41073.19921875,21951.849609375,52945.0,8250.2001953125,21076.0,30737.55078125,831.5499877929688
2025-02-18,22945.30078125,49087.30078125,20611.400390625,41464.3515625,21818.900390625,52480.5,8255.599609375,20969.19921875,30849.05078125,832.0499877929688
2025-02-19,22932.900390625,49570.1015625,20731.44921875,40924.25,21809.150390625,52360.44921875,8359.2001953125,20820.0,31198.5,845.9500122070312
2025-02-20,22913.150390625,49334.55078125,20831.099609375,40865.94921875,22074.900390625,52337.30078125,8523.0,20785.75,31769.650390625,855.4000244140625
2025-02-21,22795.900390625,48981.19921875,20690.25,40544.55078125,21505.900390625,52098.1484375,8609.7001953125,20385.650390625,31592.0,844.5
2025-02-24,22553.349609375,48651.94921875,20468.44921875,39446.6015625,21552.5,52285.80078125,8422.7998046875,20389.69921875,31240.80078125,837.6500244140625
2025-02-25,22547.55078125,48608.3515625,20418.75,39131.30078125,21662.650390625,52453.3515625,8293.4501953125,20249.150390625,31018.30078125,826.6500244140625
2025-02-27,22545.05078125,48743.80078125,20315.55078125,38946.6484375,21335.349609375,52055.1484375,8334.7998046875,20201.25,30659.25,809.3499755859375
2025-02-28,22124.69921875,48344.69921875,19880.900390625,37318.30078125,20498.599609375,50689.0,8219.25,19813.5,30018.150390625,797.9000244140625
2025-03-03,22119.30078125,48114.30078125,19896.94921875,37614.44921875,20538.150390625,50786.6484375,8316.2998046875,19879.80078125,30007.05078125,807.9500122070312
2025-03-04,22082.650390625,48245.19921875,19917.849609375,37276.94921875,20269.19921875,50524.25,8347.75,19820.650390625,30239.150390625,808.75
2025-03-05,22337.30078125,48489.94921875,20256.5,38072.30078125,20796.75,51279.1015625,8685.2001953125,20126.80078125,31099.44921875,827.5499877929688
2025-03-06,22544.69921875,48627.69921875,20447.099609375,38145.30078125,20959.69921875,51890.30078125,8888.650390625,20423.349609375,31729.849609375,826.1500244140625
2025-03-07,22552.5,48497.5,20443.400390625,37820.44921875,21009.69921875,51891.80078125,8926.900390625,20378.30078125,31788.44921875,816.3499755859375
2025-03-10,22460.30078125,48216.80078125,20266.5,37644.3984375,20752.80078125,52006.3984375,8850.2998046875,20256.55078125,31302.19921875,799.7000122070312
2025-03-11,22497.900390625,47853.94921875,20302.5,37400.1015625,20682.650390625,51951.44921875,8897.2998046875,20332.099609375,31462.650390625,828.7000122070312
2025-03-12,22470.5,48056.6484375,20264.349609375,36310.6484375,20783.69921875,51957.25,8854.2998046875,20424.0,31535.30078125,815.0499877929688
2025-03-13,22397.19921875,48060.3984375,20176.05078125,36122.5,20554.05078125,51879.25,8777.650390625,20386.849609375,31483.0,800.1500244140625
2025-03-17,22508.75,48354.1484375,20288.30078125,36137.19921875,20741.150390625,51773.1484375,8845.25,20703.94921875,31660.150390625,797.0999755859375
2025-03-18,22834.30078125,49314.5,20657.19921875,36619.3515625,21234.94921875,52475.0,9033.4501953125,21041.30078125,32165.5,822.2999877929688
2025-03-19,22907.599609375,49702.6015625,20864.5,36223.5,21319.5,52184.1015625,9148.5498046875,21145.650390625,32735.05078125,845.3499755859375
2025-03-20,23190.650390625,50062.8515625,21070.05078125,36676.6484375,21623.05078125,52857.8984375,9254.099609375,21340.599609375,33001.05078125,854.4000244140625
2025-03-21,23350.400390625,50593.55078125,21273.900390625,36702.80078125,21756.0,52986.05078125,9203.5498046875,21625.900390625,33475.05078125,862.75
2025-03-24,23658.349609375,51704.94921875,21538.099609375,37217.05078125,21938.69921875,53232.75,9262.849609375,21771.150390625,33955.0,875.9500122070312
2025-03-25,23668.650390625,51607.94921875,21437.75,37706.8984375,21737.599609375,53131.30078125,9132.900390625,21542.5,33502.3984375,863.2000122070312
2025-03-26,23486.849609375,51209.0,21275.44921875,37336.69921875,21742.80078125,52988.5,9097.7001953125,21360.599609375,33205.3984375,852.0499877929688
2025-03-27,23591.94921875,51575.8515625,21407.94921875,37548.30078125,21516.75,53276.6015625,9159.7998046875,21275.150390625,33682.94921875,863.5499877929688
2025-03-28,23519.349609375,51564.8515625,21339.55078125,36886.1484375,21295.5,53589.80078125,9092.5,21137.44921875,33571.6015625,851.2999877929688
2025-04-01,23165.69921875,50827.5,21070.75,35980.6484375,21235.25,53101.75,9016.849609375,20771.80078125,33289.1484375,824.8499755859375
2025-04-02,23332.349609375,51348.05078125,21265.650390625,36283.5,21408.849609375,53702.6015625,9080.0498046875,20952.849609375,33463.69921875,854.6500244140625
2025-04-03,23250.099609375,51597.3515625,21243.400390625,34757.25,21164.0,53806.75,9005.150390625,21423.55078125,33559.80078125,853.7999877929688
2025-04-04,22904.44921875,51502.69921875,20805.349609375,33511.44921875,20593.150390625,53830.69921875,8414.4501953125,20560.0,32308.900390625,823.0499877929688
2025-04-07,22161.599609375,49860.1015625,20105.69921875,32668.80078125,19815.55078125,53241.1484375,7846.35009765625,19995.5,31414.55078125,776.2000122070312
2025-04-08,22535.849609375,50511.0,20480.80078125,33244.3984375,20138.150390625,54300.25,7965.60009765625,20377.900390625,31866.75,795.4000244140625
2025-04-09,22399.150390625,50240.1484375,20356.75,32517.349609375,20140.400390625,55264.75,7847.5,19976.30078125,31558.94921875,780.2999877929688
2025-04-11,22828.55078125,51002.3515625,20752.849609375,32740.849609375,20548.650390625,55741.1015625,8168.2998046875,20461.900390625,32411.099609375,790.1500244140625
2025-04-15,23328.55078125,52379.5,21279.400390625,33275.30078125,21246.19921875,55896.94921875,8429.849609375,20912.19921875,33106.55078125,834.75
2025-04-16,23437.19921875,53117.75,21404.349609375,33295.5,21155.80078125,56345.6015625,8454.7998046875,20874.30078125,33456.8984375,840.7999877929688
2025-04-17,23851.650390625,54290.19921875,21681.55078125,33372.3515625,21373.099609375,56674.19921875,8476.5,21126.75,33797.5,845.0999755859375
2025-04-21,24125.55078125,55304.5,22005.75,34135.05078125,21826.0,56130.19921875,8653.5,21351.05078125,34640.75,864.0999755859375
2025-04-22,24167.25,55647.19921875,22085.150390625,33941.05078125,21903.69921875,57193.80078125,8669.5,21438.05078125,34516.3515625,885.0
2025-04-23,24328.94921875,55370.05078125,22237.599609375,35414.6484375,22424.44921875,57497.8984375,8737.2998046875,21738.94921875,34755.05078125,896.75
2025-04-24,24246.69921875,55201.3984375,22180.650390625,35307.1015625,22367.55078125,56887.55078125,8753.2998046875,21974.599609375,34726.75,884.1500244140625
2025-04-25,24039.349609375,54664.05078125,21848.150390625,35562.25,21994.5,56532.3515625,8569.75,21482.55078125,33956.5,859.3499755859375
2025-04-28,24328.5,55432.80078125,22101.849609375,35482.94921875,22352.94921875,56620.30078125,8689.900390625,21908.099609375,34538.8515625,871.5
2025-04-29,24335.94921875,55391.25,22112.400390625,35920.3984375,22299.05078125,56474.5,8607.150390625,21676.650390625,34438.75,869.25
2025-04-30,24334.19921875,55087.1484375,22030.05078125,35794.94921875,22308.400390625,56445.3515625,8581.7998046875,21772.44921875,34241.6015625,885.8499755859375
2025-05-02,24346.69921875,55115.3515625,22006.0,35891.8515625,22286.5,56252.25,8518.400390625,21627.44921875,34138.75,881.5499877929688
2025-05-05,24461.150390625,54919.5,22195.150390625,35991.25,22699.19921875,56936.19921875,8600.150390625,21775.75,34583.6015625,887.3499755859375
2025-05-06,24379.599609375,54271.3984375,21956.599609375,35869.19921875,22737.599609375,56883.3984375,8524.7001953125,21534.349609375,33771.1015625,855.5999755859375
2025-05-07,24414.400390625,54610.8984375,22072.44921875,35920.30078125,23114.099609375,56590.25,8608.0498046875,21462.44921875,34048.05078125,865.1500244140625
2025-05-08,24273.80078125,54365.6484375,21843.05078125,36002.44921875,22674.150390625,56020.69921875,8428.400390625,21115.05078125,33534.75,843.7999877929688
2025-05-09,24008.0,53595.25,21675.55078125,35880.1015625,22627.80078125,55633.0,8420.5498046875,21071.75,33337.55078125,823.75
2025-05-12,24924.69921875,55382.8515625,22511.400390625,38282.55078125,23400.44921875,57101.3984375,8914.25,21102.69921875,34734.30078125,872.5999755859375
2025-05-13,24578.349609375,54940.8515625,22349.400390625,37354.6015625,23167.25,56334.1484375,8834.650390625,21359.75,34549.25,866.2999877929688
2025-05-14,24666.900390625,54801.30078125,22499.5,37853.55078125,23356.849609375,56351.69921875,9052.099609375,21480.5,35040.75,881.0
2025-05-15,25062.099609375,55355.6015625,22788.80078125,38293.80078125,23804.849609375,56685.94921875,9210.0498046875,21650.650390625,35362.55078125,897.9500122070312
2025-05-16,25019.80078125,55354.8984375,22870.900390625,37972.3515625,23953.150390625,57061.80078125,9201.849609375,21633.19921875,35664.80078125,912.5499877929688
2025-05-19,24945.44921875,55420.69921875,22865.80078125,37477.80078125,24052.599609375,56955.69921875,9210.75,21740.44921875,35690.8515625,933.2000122070312
2025-05-20,24683.900390625,54877.3515625,22585.599609375,37283.5,23531.19921875,56206.25,9156.0498046875,21456.150390625,35435.1484375,922.7999877929688
2025-05-21,24813.44921875,55075.1015625,22730.650390625,37540.1015625,23700.099609375,56413.1484375,9208.150390625,21723.650390625,35647.1015625,938.7000122070312
2025-05-22,24609.69921875,54941.30078125,22595.0,37050.1484375,23459.900390625,55598.05078125,9179.650390625,21521.75,35357.1015625,934.4000244140625
2025-05-23,24853.150390625,55398.25,22781.05078125,37403.55078125,23515.25,56502.05078125,9249.599609375,21434.25,35637.8984375,936.8499755859375
2025-05-26,25001.150390625,55572.0,22908.30078125,37785.8984375,23763.150390625,57049.69921875,9336.4501953125,21501.80078125,35882.6015625,944.0
2025-05-27,24826.19921875,55352.80078125,22816.5,37501.44921875,23596.900390625,56547.6015625,9294.9501953125,21524.94921875,35880.8984375,946.2999877929688
2025-05-28,24752.44921875,55417.0,22779.400390625,37465.75,23437.05078125,55703.8515625,9239.5,21393.30078125,35888.55078125,944.9000244140625
2025-05-29,24833.599609375,55546.05078125,22861.349609375,37754.1484375,23555.75,55630.44921875,9351.650390625,21589.349609375,35988.69921875,955.7000122070312
2025-05-30,24750.69921875,55749.69921875,22801.94921875,37321.75,23325.599609375,55283.0,9193.25,21442.05078125,35879.05078125,949.3499755859375
2025-06-02,24716.599609375,55903.3984375,22834.5,37061.8515625,23327.05078125,55732.55078125,9128.5498046875,21394.099609375,35933.80078125,971.25
2025-06-03,24542.5,55599.94921875,22711.30078125,36814.8984375,23268.69921875,55460.80078125,9122.2998046875,21354.19921875,35549.6015625,982.9000244140625
2025-06-04,24620.19921875,55676.8515625,22807.849609375,36938.1015625,23332.599609375,55530.55078125,9177.400390625,21371.69921875,35734.19921875,976.0
2025-06-05,24750.900390625,55760.8515625,22934.5,37107.94921875,23306.19921875,55632.44921875,9231.5,21644.19921875,35824.8515625,993.0999755859375
2025-06-06,25003.05078125,56578.3984375,23165.099609375,37294.8515625,23661.30078125,55802.69921875,9406.4501953125,21684.400390625,35924.05078125,1039.5999755859375
2025-06-09,25103.19921875,56839.6015625,23330.55078125,37669.19921875,23777.150390625,56026.1015625,9477.0,21826.80078125,36352.80078125,1038.1500244140625
2025-06-10,25104.25,56629.1015625,23339.94921875,38300.0,23759.0,56198.80078125,9509.7001953125,21948.0,36515.25,1026.300048828125
2025-06-11,25141.400390625,56459.75,23337.849609375,38784.30078125,23805.19921875,55820.6015625,9495.7998046875,22057.150390625,36624.69921875,1027.25
2025-06-12,24888.19921875,56082.55078125,23046.44921875,38460.30078125,23411.80078125,55104.1015625,9348.5,22036.150390625,35918.3515625,1006.4500122070312
2025-06-13,24718.599609375,55527.3515625,22906.19921875,38469.25,23327.400390625,54527.1484375,9258.7998046875,21985.150390625,35740.55078125,1007.0499877929688
2025-06-16,24946.5,55944.8984375,23095.05078125,39073.05078125,23368.25,54873.30078125,9358.25,22039.44921875,36010.44921875,1020.2999877929688
2025-06-17,24853.400390625,55714.1484375,22981.5,39356.1015625,23227.30078125,54708.75,9224.400390625,21622.80078125,35836.0,1013.7000122070312
2025-06-18,24812.05078125,55828.75,22925.19921875,39030.8984375,23312.349609375,54452.3984375,9158.25,21588.400390625,35667.55078125,1008.9000244140625
2025-06-19,24793.25,55577.44921875,22763.5,38664.94921875,23434.650390625,54283.5,9040.4501953125,21441.849609375,35273.8515625,992.75
2025-06-20,25112.400390625,56252.8515625,23041.099609375,38991.44921875,23679.349609375,54630.94921875,9138.599609375,21613.0,35600.19921875,1013.6500244140625
2025-06-23,24971.900390625,56059.3515625,23001.5,38414.1015625,23461.150390625,54226.8515625,9198.5498046875,21626.19921875,35608.94921875,1012.6500244140625
2025-06-24,25044.349609375,56461.8984375,23113.19921875,38417.94921875,23598.25,54346.30078125,9291.099609375,21672.099609375,35727.05078125,1014.25
2025-06-25,25244.75,56621.1484375,23296.849609375,39046.30078125,23827.80078125,54747.25,9329.2001953125,21804.80078125,35820.55078125,1019.7000122070312
2025-06-26,25549.0,57206.69921875,23517.55078125,38996.25,23961.69921875,55118.80078125,9544.5498046875,21808.19921875,36179.1015625,1009.5499877929688
2025-06-27,25637.80078125,57443.8984375,23620.150390625,38822.94921875,24007.94921875,55109.0,9578.2001953125,21928.599609375,36542.6015625,993.9500122070312
2025-06-30,25517.05078125,57312.75,23617.19921875,38950.0,23872.55078125,54883.8984375,9534.7998046875,22038.69921875,36568.6484375,986.5499877929688
2025-07-01,25541.80078125,57459.44921875,23615.44921875,38833.1484375,23824.0,54502.94921875,9564.5498046875,22041.25,36480.1015625,984.2000122070312
2025-07-02,25453.400390625,56999.19921875,23547.25,38879.1015625,23899.849609375,54439.69921875,9699.2001953125,22110.80078125,36331.25,970.0499877929688
2025-07-03,25405.30078125,56791.94921875,23521.849609375,38854.30078125,24004.94921875,54515.75,9623.4501953125,22204.25,36362.80078125,963.1500244140625
2025-07-04,25461.0,57031.8984375,23562.44921875,39166.55078125,23980.400390625,54735.6015625,9580.400390625,22384.599609375,36509.6015625,971.9500122070312
2025-07-07,25461.30078125,56949.19921875,23551.19921875,38866.94921875,23943.900390625,55652.8515625,9522.150390625,22365.05078125,36532.3984375,972.75
2025-07-08,25522.5,57256.30078125,23572.55078125,38983.25,23852.900390625,55504.0,9517.400390625,22165.900390625,36605.8515625,982.3499755859375
2025-07-09,25476.099609375,57213.55078125,23557.44921875,38680.8515625,23944.400390625,55946.19921875,9384.5,22208.5,36517.5,967.75
2025-07-10,25355.25,56956.0,23471.400390625,38376.6484375,23916.849609375,55628.19921875,9423.5498046875,22076.80078125,36447.6484375,974.7000122070312
2025-07-11,25149.849609375,56754.69921875,23282.69921875,37693.25,23493.80078125,55910.25,9382.849609375,22225.900390625,36097.8515625,962.9000244140625
2025-07-14,25082.30078125,56765.3515625,23309.05078125,37273.69921875,23552.0,56025.6015625,9407.9501953125,22410.349609375,36201.05078125,976.25
2025-07-15,25195.80078125,57006.6484375,23449.150390625,37424.6015625,23905.25,56429.05078125,9411.9501953125,22665.69921875,36308.5,983.9500122070312
2025-07-16,25212.05078125,57168.94921875,23472.5,37660.75,24011.150390625,56685.55078125,9360.7001953125,22593.900390625,36350.8984375,988.8499755859375
2025-07-17,25111.44921875,56828.80078125,23419.69921875,37138.55078125,24002.5,56843.05078125,9423.349609375,22680.349609375,36438.25,1001.0999755859375
2025-07-18,24968.400390625,56283.0,23275.150390625,37141.8984375,23894.349609375,56506.8984375,9458.2001953125,22592.75,36231.6484375,999.9000244140625
2025-07-21,25090.69921875,56952.75,23378.44921875,37031.75,24055.0,56222.69921875,9555.5,22531.849609375,36248.55078125,1006.25
2025-07-22,25060.900390625,56756.0,23320.900390625,36858.8984375,23875.849609375,56003.94921875,9533.2998046875,22307.19921875,36198.5,996.0499877929688
2025-07-23,25219.900390625,57210.44921875,23428.400390625,36951.5,24079.400390625,55710.3515625,9579.0498046875,22417.44921875,36302.94921875,970.2000122070312
2025-07-24,25062.099609375,57066.05078125,23301.099609375,36135.80078125,24087.30078125,55085.8515625,9582.2998046875,22541.05078125,36048.3515625,960.0999755859375
2025-07-25,24837.0,56528.8984375,23014.80078125,35623.75,23781.55078125,54579.94921875,9425.099609375,22662.69921875,35250.5,950.5999755859375
2025-07-28,24680.900390625,56084.8984375,22846.94921875,35370.05078125,23693.0,54732.94921875,9316.4501953125,22761.150390625,35021.55078125,911.9000244140625
2025-07-29,24821.099609375,56222.0,23007.349609375,35373.25,23888.349609375,54891.1484375,9409.7001953125,23072.44921875,35410.69921875,926.5
2025-07-30,24855.05078125,56150.69921875,23033.55078125,35481.69921875,23745.80078125,55020.3984375,9399.75,23073.900390625,35422.05078125,917.6500244140625
2025-07-31,24768.349609375,55961.94921875,22914.94921875,35301.6484375,23655.849609375,55812.1484375,9285.4501953125,22771.05078125,35116.1484375,912.3499755859375
2025-08-01,24565.349609375,55617.6015625,22673.650390625,34649.6015625,23410.94921875,56197.05078125,9102.349609375,22011.69921875,34889.0,896.1500244140625
2025-08-04,24722.75,55619.3515625,22860.400390625,35203.3515625,23787.5,56139.6484375,9327.849609375,22153.80078125,34923.44921875,912.0499877929688
2025-08-05,24649.55078125,55360.25,22798.5,35034.5,23876.30078125,55733.69921875,9336.0498046875,21970.150390625,34914.3984375,907.8499755859375
2025-08-06,24574.19921875,55411.1484375,22666.849609375,34426.25,23748.849609375,55230.80078125,9298.75,21523.75,34683.3515625,894.1500244140625
2025-08-07,24596.150390625,55521.1484375,22694.099609375,34726.80078125,23808.099609375,55298.5,9310.650390625,21684.80078125,34613.80078125,893.0
2025-08-08,24363.30078125,55004.8984375,22443.150390625,34398.5,23474.650390625,54900.94921875,9147.099609375,21402.150390625,34391.94921875,874.1500244140625
2025-08-11,24585.05078125,55510.75,22633.44921875,34544.6484375,23723.75,55309.8984375,9194.7998046875,21604.650390625,34610.3515625,890.4000244140625
2025-08-12,24487.400390625,55043.69921875,22568.599609375,34674.30078125,23856.599609375,55034.44921875,9229.7001953125,21753.5,34741.44921875,883.9000244140625
2025-08-13,24619.349609375,55181.44921875,22698.099609375,34692.94921875,24122.650390625,55010.1484375,9345.9501953125,22130.30078125,34739.3515625,886.0499877929688
2025-08-14,24631.30078125,55341.8515625,22680.25,34833.19921875,24118.80078125,54656.30078125,9216.25,22151.849609375,34469.05078125,879.3499755859375
2025-08-18,24876.94921875,55734.8984375,22931.5,34634.94921875,25127.19921875,55304.25,9387.5,22141.150390625,34483.19921875,898.4500122070312
2025-08-19,24980.650390625,55865.1484375,23066.599609375,34756.69921875,25456.69921875,55886.6484375,9457.5,22066.75,34768.1015625,904.2999877929688
2025-08-20,25050.55078125,55698.5,23143.150390625,35690.05078125,25469.25,56664.05078125,9497.75,21969.5,34847.8515625,913.8499755859375
2025-08-21,25083.75,55755.44921875,23137.150390625,35723.8984375,25377.5,56303.05078125,9493.650390625,22177.69921875,34681.6015625,917.3499755859375
2025-08-22,24870.099609375,55149.3984375,22991.30078125,35440.8515625,25329.44921875,55737.44921875,9375.4501953125,22265.0,34507.6015625,909.6500244140625
2025-08-25,24967.75,55139.30078125,23052.0,36280.1015625,25423.400390625,55681.6484375,9436.75,22362.80078125,34494.3515625,916.4500122070312
2025-08-26,24712.05078125,54450.44921875,22768.650390625,36063.19921875,25320.30078125,56187.0,9280.0498046875,21990.0,33955.94921875,895.9500122070312
2025-08-28,24500.900390625,53820.3515625,22541.650390625,35488.80078125,25183.5,55612.94921875,9210.5,21808.349609375,33682.8515625,882.5
2025-08-29,24426.849609375,53655.6484375,22462.94921875,35181.25,24960.849609375,56141.8515625,9154.7998046875,21804.05078125,33638.6484375,870.75
2025-09-01,24625.05078125,54002.44921875,22713.55078125,35740.6484375,25660.0,56175.19921875,9305.2998046875,21778.849609375,34155.30078125,879.7999877929688
2025-09-02,24579.599609375,53661.0,22724.400390625,35737.8984375,25584.94921875,56806.6015625,9384.349609375,21719.94921875,34490.5,886.1500244140625
2025-09-03,24715.05078125,54067.55078125,22864.650390625,35474.94921875,25775.44921875,56969.19921875,9676.400390625,21959.599609375,34626.6015625,889.6500244140625
2025-09-04,24734.30078125,54075.44921875,22819.650390625,35143.1015625,25994.849609375,57104.05078125,9616.349609375,21915.400390625,34284.69921875,882.75
2025-09-05,24741.0,54114.55078125,22829.150390625,34635.8515625,26320.599609375,56292.1015625,9681.650390625,21924.80078125,34297.8984375,872.5
2025-09-08,24773.150390625,54186.8984375,22878.650390625,34310.44921875,27189.19921875,56171.30078125,9717.849609375,21865.19921875,34290.6484375,876.5499877929688
2025-09-09,24868.599609375,54216.1015625,22949.099609375,35255.94921875,27182.5,56497.25,9734.2001953125,22052.650390625,34249.6484375,873.9500122070312
2025-09-10,24973.099609375,54536.0,23074.150390625,36183.80078125,26833.94921875,56856.8515625,9759.4501953125,22122.05078125,34522.1015625,883.7999877929688
2025-09-11,25005.5,54669.6015625,23102.650390625,36003.5,26744.44921875,56960.6015625,9792.9501953125,22224.0,34826.69921875,883.7999877929688
2025-09-12,25114.0,54809.30078125,23190.25,36110.75,26866.650390625,56557.1484375,9883.599609375,22341.19921875,34940.30078125,884.3499755859375
2025-09-15,25069.19921875,54887.8515625,23215.849609375,35902.19921875,26760.650390625,56551.3515625,9891.0,22198.69921875,35129.0,905.6500244140625
2025-09-16,25239.099609375,55147.6015625,23369.30078125,36212.1484375,27146.400390625,56398.6484375,9973.4501953125,22264.55078125,35441.1015625,915.3499755859375
2025-09-17,25330.25,55493.30078125,23445.19921875,36447.1484375,27294.650390625,56321.0,9923.150390625,22241.349609375,35568.05078125,919.0999755859375
2025-09-18,25423.599609375,55727.44921875,23518.900390625,36750.25,27329.349609375,56522.3515625,9955.150390625,22574.349609375,35442.1015625,918.4500122070312
2025-09-19,25327.05078125,55458.8515625,23486.650390625,36578.25,27219.55078125,56273.05078125,9989.900390625,22686.599609375,35745.75,923.5
2025-09-22,25202.349609375,55284.75,23381.44921875,35500.1484375,27154.30078125,56006.75,10029.099609375,22365.75,35992.6484375,921.5499877929688
2025-09-23,25169.5,55509.75,23325.25,35249.1015625,27321.94921875,55281.55078125,10129.0498046875,22299.099609375,35826.19921875,913.3499755859375
2025-09-24,25056.900390625,55121.5,23178.25,34994.30078125,27007.599609375,55378.94921875,10060.099609375,22180.69921875,35506.69921875,890.5999755859375
2025-09-25,24890.849609375,54976.19921875,23022.400390625,34548.30078125,26758.5,55108.0,10082.5498046875,21977.69921875,35255.55078125,875.9000244140625
2025-09-26,24654.69921875,54389.3515625,22713.150390625,33702.0,26484.55078125,54847.55078125,9888.25,21507.19921875,34830.0,867.1500244140625
2025-09-29,24634.900390625,54461.0,22739.099609375,33693.1015625,26436.55078125,54945.80078125,9923.099609375,21475.30078125,35069.1484375,874.75
2025-09-30,24611.099609375,54635.8515625,22734.099609375,33655.1015625,26542.349609375,54710.69921875,10038.150390625,21454.25,34999.6484375,867.5999755859375
2025-10-01,24836.30078125,55347.94921875,22928.30078125,33905.19921875,26768.650390625,55105.3515625,10092.9501953125,21733.5,35180.3515625,877.1500244140625
2025-10-03,24894.25,55589.25,23027.69921875,33949.75,26753.099609375,55170.6015625,10277.099609375,21756.349609375,35375.8984375,876.0999755859375
2025-10-06,25077.650390625,56104.8515625,23169.650390625,34722.55078125,26857.19921875,55057.6484375,10185.5,21779.849609375,35369.44921875,882.0999755859375
2025-10-07,25108.30078125,56239.3515625,23209.5,34709.44921875,26933.55078125,54763.8515625,10156.650390625,21875.30078125,35470.0,891.7000122070312
2025-10-08,25046.150390625,56018.25,23109.349609375,35232.25,26522.400390625,54489.6484375,10136.5498046875,21707.349609375,35085.75,875.4000244140625
2025-10-09,25181.80078125,56192.05078125,23241.75,35628.5,26587.0,54707.44921875,10356.2001953125,21936.19921875,35244.1484375,881.9000244140625
2025-10-10,25285.349609375,56609.75,23337.55078125,35609.05078125,26721.19921875,54966.44921875,10261.5498046875,22218.25,35393.94921875,896.6500244140625
2025-10-13,25227.349609375,56625.0,23294.80078125,35330.80078125,26698.150390625,54473.8515625,10217.4501953125,22205.099609375,35288.0,896.7999877929688
2025-10-14,25145.5,56496.44921875,23184.05078125,35214.8515625,26640.55078125,54213.75,10116.7998046875,22039.25,35067.69921875,888.3499755859375
2025-10-15,25323.55078125,56799.8984375,23377.349609375,35401.80078125,26708.650390625,54748.69921875,10218.0,22057.30078125,35321.6484375,915.4000244140625
2025-10-16,25585.30078125,57422.55078125,23563.80078125,35531.05078125,27048.75,55853.8984375,10287.25,22103.19921875,35468.80078125,932.7999877929688
2025-10-17,25709.849609375,57713.3515625,23598.05078125,34950.69921875,27228.599609375,56616.3984375,10199.2998046875,22253.75,35395.69921875,933.75
2025-10-20,25843.150390625,58033.19921875,23716.099609375,35292.6015625,27185.44921875,56597.1484375,10191.849609375,22439.900390625,35563.94921875,938.2000122070312
2025-10-21,25868.599609375,58007.19921875,23759.19921875,35299.75,27229.849609375,56609.1484375,10232.75,22515.69921875,35644.1484375,937.4000244140625
2025-10-23,25891.400390625,58078.05078125,23755.900390625,36078.6484375,27218.75,56772.44921875,10241.849609375,22481.25,35619.1484375,939.2000122070312
2025-10-24,25795.150390625,57699.6015625,23686.599609375,35986.3515625,27108.69921875,56348.1015625,10347.4501953125,22357.349609375,35626.8984375,940.9000244140625
2025-10-27,25966.05078125,58114.25,23840.900390625,36129.1015625,27263.650390625,56428.94921875,10467.150390625,22310.400390625,35780.0,954.6500244140625
2025-10-28,25936.19921875,58214.1015625,23812.55078125,35860.3984375,27148.349609375,56110.05078125,10596.2001953125,22250.900390625,35658.1484375,944.5999755859375
2025-10-29,26053.900390625,58385.25,23952.400390625,36090.1015625,26948.900390625,56615.3515625,10777.5,22430.69921875,36347.94921875,950.5
2025-10-30,25877.849609375,58031.1015625,23841.30078125,35906.3984375,26829.55078125,56343.5,10729.2001953125,22298.19921875,36392.6015625,950.9000244140625
2025-10-31,25722.099609375,57776.3515625,23710.400390625,35712.3515625,26809.849609375,56208.5,10612.150390625,22175.400390625,36275.94921875,947.5499877929688
2025-11-03,25763.349609375,58101.44921875,23810.69921875,35653.1015625,26841.80078125,56153.69921875,10652.7998046875,22442.599609375,36445.1484375,968.6500244140625
2025-11-04,25597.650390625,57827.05078125,23675.44921875,35274.55078125,26610.05078125,55815.6015625,10499.0498046875,22334.44921875,36278.3984375,961.0999755859375
2025-11-06,25509.69921875,57554.25,23513.150390625,35337.6015625,26626.5,55711.75,10281.900390625,22250.55078125,35839.5,946.5999755859375
2025-11-07,25492.30078125,57876.80078125,23521.5,35117.6484375,26779.55078125,55437.19921875,10426.7998046875,22169.80078125,35790.30078125,946.4000244140625
2025-11-10,25574.349609375,57937.55078125,23596.900390625,35688.25,26859.849609375,55334.44921875,10484.5,22379.849609375,35921.6015625,944.1500244140625
2025-11-11,25694.94921875,58138.1484375,23682.650390625,36116.8984375,27148.25,55523.05078125,10559.099609375,22369.599609375,36069.8515625,942.5999755859375
2025-11-12,25875.80078125,58274.6484375,23836.900390625,36855.3984375,27485.150390625,55529.19921875,10542.5498046875,22593.400390625,36287.8984375,937.9500122070312
2025-11-13,25879.150390625,58381.94921875,23816.0,36679.5,27382.80078125,55243.5,10588.599609375,22686.80078125,36187.8515625,941.9000244140625
2025-11-14,25910.05078125,58517.55078125,23836.349609375,36301.25,27239.80078125,55560.80078125,10494.75,22821.05078125,36261.1015625,941.1500244140625
2025-11-17,26013.44921875,58962.69921875,23954.55078125,36375.19921875,27472.650390625,55677.1484375,10495.849609375,22867.599609375,36441.8515625,945.3499755859375
2025-11-18,25910.05078125,58899.25,23824.650390625,35975.19921875,27368.25,55363.44921875,10383.7001953125,22713.650390625,36223.75,927.2999877929688
2025-11-19,26052.650390625,59216.05078125,23906.30078125,37044.6484375,27434.44921875,55380.80078125,10384.150390625,22727.650390625,36132.30078125,924.0499877929688
2025-11-20,26192.150390625,59347.69921875,23975.44921875,37043.30078125,27554.0,55426.69921875,10386.0498046875,22687.55078125,36232.69921875,922.7999877929688
2025-11-21,26068.150390625,58867.69921875,23790.25,36885.3515625,27537.849609375,55504.69921875,10142.5498046875,22580.94921875,35852.3984375,905.5999755859375
2025-11-24,25959.5,58835.3515625,23674.55078125,37037.94921875,27442.19921875,55138.1484375,10017.900390625,22492.44921875,35427.8515625,887.0
2025-11-25,25884.80078125,58820.30078125,23655.05078125,36826.8984375,27378.69921875,55052.1015625,10073.400390625,22590.94921875,35350.3515625,901.3499755859375
2025-11-26,26205.30078125,59528.05078125,23955.19921875,37364.6015625,27696.400390625,55442.6015625,10280.7001953125,22862.349609375,35964.80078125,911.4500122070312
2025-11-27,26215.55078125,59737.30078125,23947.75,37446.30078125,27603.650390625,55470.55078125,10273.75,22863.0,35756.1484375,904.9000244140625
2025-11-28,26202.94921875,59752.69921875,23933.19921875,37405.5,27774.599609375,55595.80078125,10293.0498046875,22998.30078125,35548.30078125,903.1500244140625
2025-12-01,26175.75,59681.3515625,23922.44921875,37549.75,27993.0,55500.5,10353.2001953125,22887.75,35539.25,893.9000244140625
2025-12-02,26032.19921875,59273.80078125,23822.25,37541.25,27979.5,55390.94921875,10315.849609375,22905.0,35459.3984375,892.0499877929688
2025-12-03,25986.0,59348.25,23716.30078125,37825.25,27643.80078125,54949.1015625,10265.2001953125,22907.849609375,35105.0,885.3499755859375
2025-12-04,26033.75,59288.69921875,23741.099609375,38360.25,27732.69921875,55209.30078125,10271.4501953125,22958.94921875,34986.1015625,890.0999755859375
2025-12-05,26186.44921875,59777.19921875,23835.25,38703.6484375,27939.099609375,55202.8515625,10340.349609375,22947.150390625,34971.80078125,893.1500244140625
2025-12-08,25960.55078125,59238.55078125,23526.19921875,38590.69921875,27596.80078125,54540.5,10141.7998046875,22640.69921875,34447.8515625,861.6500244140625
2025-12-09,25839.650390625,59222.3515625,23516.25,38130.6015625,27399.25,54521.19921875,10112.650390625,22522.849609375,34666.80078125,869.8499755859375
2025-12-10,25758.0,58960.3984375,23408.80078125,37789.8984375,27358.25,54506.0,10159.0,22561.5,34635.25,866.7000122070312
2025-12-11,25898.55078125,59209.8515625,23550.849609375,38097.0,27661.0,54619.6484375,10266.849609375,22783.44921875,34751.94921875,873.2000122070312
2025-12-12,26046.94921875,59389.94921875,23726.19921875,38274.75,27820.849609375,54490.80078125,10536.4501953125,22808.69921875,35039.8515625,886.5499877929688
2025-12-15,26027.30078125,59461.80078125,23725.19921875,38386.30078125,27568.099609375,54868.3984375,10553.150390625,22719.400390625,35028.1484375,886.1500244140625
2025-12-16,25860.099609375,59034.6015625,23570.150390625,38062.5,27542.19921875,54863.44921875,10464.349609375,22591.5,34769.25,874.75
2025-12-17,25818.55078125,58926.75,23496.05078125,38172.05078125,27489.25,54603.3984375,10490.150390625,22612.150390625,34737.0,867.4000244140625
2025-12-18,25815.55078125,58912.8515625,23491.5,38633.3515625,27321.900390625,54546.44921875,10516.150390625,22557.599609375,34464.30078125,870.3499755859375
2025-12-19,25966.400390625,59069.19921875,23677.55078125,38691.6015625,27657.25,54781.3515625,10521.099609375,22751.25,34796.3984375,884.9000244140625
2025-12-22,26172.400390625,59304.0,23867.650390625,39488.0,27885.30078125,55062.6484375,10669.0,22927.900390625,35025.44921875,885.1500244140625
2025-12-23,26177.150390625,59299.55078125,23895.150390625,39173.69921875,27892.05078125,55348.6484375,10727.0498046875,22875.099609375,35214.25,883.6500244140625
2025-12-24,26142.099609375,59183.6015625,23850.25,38974.80078125,27885.650390625,55113.75,10742.75,22757.400390625,35095.1015625,885.1500244140625
2025-12-26,26042.30078125,59011.3515625,23780.25,38572.30078125,27739.849609375,55132.05078125,10806.150390625,22684.650390625,35058.80078125,883.1500244140625
2025-12-29,25942.099609375,58932.3515625,23682.099609375,38282.69921875,27592.5,55192.44921875,10789.099609375,22578.30078125,34868.75,877.2000122070312
2025-12-30,25938.849609375,59171.25,23668.80078125,37998.6015625,27889.650390625,55033.1484375,11007.650390625,22540.05078125,34813.8984375,869.7999877929688
2025-12-31,26129.599609375,59581.8515625,23871.55078125,37884.05078125,28189.599609375,55475.6484375,11167.650390625,22723.650390625,35325.6484375,877.9500122070312
2026-01-02,26328.55078125,60150.94921875,24099.0,38320.30078125,28803.650390625,53078.80078125,11421.849609375,22790.900390625,36275.6484375,898.7999877929688
2026-01-05,26250.30078125,60044.19921875,24058.44921875,37771.1484375,28894.150390625,53441.1015625,11490.7998046875,22743.400390625,36050.05078125,917.4000244140625
2026-01-06,26178.69921875,60118.3984375,24010.5,37977.3984375,28922.349609375,53561.94921875,11524.0498046875,23126.849609375,35849.1484375,914.3499755859375
2026-01-07,26140.75,59990.8515625,24016.599609375,38688.80078125,28692.400390625,53493.80078125,11524.0,23286.25,35763.5,909.7999877929688
2026-01-08,25876.849609375,59686.5,23680.099609375,37920.30078125,28414.94921875,53010.1484375,11132.0,22962.55078125,34729.6484375,894.25
2026-01-09,25683.30078125,59251.55078125,23467.349609375,38027.19921875,28087.650390625,52438.1484375,11094.7998046875,22761.0,34409.30078125,874.0
2026-01-12,25790.25,59450.5,23510.44921875,37988.25,28011.75,52745.5,11315.75,22668.44921875,34473.55078125,863.2999877929688
2026-01-13,25732.30078125,59578.80078125,23480.650390625,38236.6015625,27915.099609375,52577.1484375,11355.2001953125,22562.30078125,34416.69921875,857.9500122070312
2026-01-14,25665.599609375,59580.1484375,23475.849609375,37822.69921875,27721.849609375,52258.6484375,11661.400390625,22505.400390625,34622.25,850.0499877929688
2026-01-16,25694.349609375,60095.1484375,23485.30078125,39086.6484375,27596.25,52142.5,11600.0498046875,22217.05078125,34346.3515625,853.0
2026-01-19,25585.5,59891.3515625,23373.75,38902.5,27632.44921875,52489.94921875,11593.0498046875,22136.25,34116.80078125,836.0
2026-01-20,25232.5,59404.19921875,22946.650390625,38101.05078125,26948.099609375,51713.0,11374.4501953125,21714.30078125,33360.0,793.9000244140625
2026-01-21,25157.5,58800.30078125,22835.150390625,37992.30078125,26871.25,51402.5,11438.9501953125,21584.400390625,33370.05078125,788.2999877929688
2026-01-22,25289.900390625,59200.1015625,23008.75,38301.75,27110.19921875,51978.3984375,11573.7001953125,21928.0,33747.0,782.5
2026-01-23,25048.650390625,58473.1015625,22706.19921875,38238.5,26804.55078125,51662.05078125,11477.7998046875,21722.25,33098.30078125,756.3499755859375
2026-01-27,25175.400390625,59205.44921875,22819.25,38566.1015625,26554.0,51349.75,11829.650390625,21788.44921875,33293.1015625,759.4000244140625
2026-01-28,25342.75,59598.80078125,23082.099609375,38725.3515625,26737.599609375,50985.44921875,12106.4501953125,21739.849609375,34685.44921875,771.2999877929688
2026-01-29,25418.900390625,59957.8515625,23134.80078125,38431.30078125,26555.400390625,50523.8984375,12478.0498046875,21564.0,35335.19921875,776.5
2026-01-30,25320.650390625,59610.44921875,23079.5,38036.1484375,26750.349609375,51215.19921875,11827.5498046875,21715.099609375,35138.05078125,783.0
2026-02-02,25088.400390625,58619.0,22837.0,38074.1484375,26749.150390625,50623.19921875,11561.5498046875,21549.55078125,34613.30078125,778.0
2026-02-03,25727.55078125,60041.30078125,23446.30078125,38611.75,27500.30078125,50806.6484375,11893.2001953125,22200.25,35657.55078125,815.2999877929688
2026-02-04,25776.0,60238.1484375,23534.94921875,36345.6484375,27825.400390625,50922.75,12044.25,22125.80078125,36370.3515625,824.4500122070312
2026-02-05,25642.80078125,60063.6484375,23411.69921875,36143.30078125,27664.5,50731.6484375,11921.2001953125,22119.900390625,36230.3515625,819.7000122070312
2026-02-06,25693.69921875,60120.55078125,23434.0,35611.05078125,27519.55078125,51882.75,11943.150390625,21961.349609375,36451.69921875,824.8499755859375
2026-02-09,25867.30078125,60669.3515625,23683.400390625,35616.6484375,27791.44921875,52047.30078125,12129.4501953125,22290.69921875,36578.8515625,846.3499755859375
2026-02-10,25935.150390625,60626.3984375,23753.75,35722.19921875,28173.19921875,52130.44921875,12228.2998046875,22210.5,36671.0,849.4000244140625
2026-02-11,25953.849609375,60745.3515625,23783.05078125,35095.1484375,28538.69921875,52152.1015625,12276.5498046875,22434.19921875,36657.25,854.75
2026-02-12,25807.19921875,60739.75,23651.55078125,33160.19921875,28504.05078125,51885.75,12279.2001953125,22386.30078125,36452.6484375,842.3499755859375
2026-02-13,25471.099609375,60186.6484375,23313.150390625,32681.5,28234.30078125,50902.1484375,11872.7998046875,22194.900390625,35709.8984375,823.5999755859375
2026-02-16,25682.75,60949.1015625,23472.44921875,32738.05078125,28028.19921875,51318.8515625,11955.0,22403.150390625,36386.75,836.7000122070312
2026-02-17,25725.400390625,61174.0,23540.05078125,33075.05078125,28174.55078125,51778.30078125,11828.400390625,22494.900390625,36388.44921875,834.1500244140625
2026-02-18,25819.349609375,61550.80078125,23645.80078125,32668.30078125,28327.599609375,52406.5,11985.75,22541.94921875,36517.1015625,839.2999877929688
2026-02-19,25454.349609375,60739.55078125,23297.44921875,32319.400390625,27734.0,51483.6015625,11842.400390625,22429.099609375,36088.0,817.8499755859375
2026-02-20,25571.25,61172.0,23395.0,32004.05078125,27846.80078125,51772.69921875,11989.9501953125,22452.400390625,36581.1484375,820.7000122070312
2026-02-23,25713.0,61264.25,23484.94921875,31550.5,28077.0,52136.3515625,11962.75,22578.55078125,36741.55078125,819.1500244140625
2026-02-24,25424.650390625,61047.30078125,23304.599609375,30053.5,27950.0,52235.25,12073.849609375,22632.05078125,37028.1015625,798.3499755859375
2026-02-25,25482.5,61043.3515625,23403.80078125,30526.349609375,28466.5,52105.30078125,12399.400390625,23051.849609375,37118.6015625,796.8499755859375
2026-02-26,25496.55078125,61187.69921875,23448.5,30554.19921875,28693.400390625,52023.0,12448.0,23301.650390625,37181.80078125,798.6500244140625
2026-02-27,25178.650390625,60529.0,23166.849609375,30603.849609375,28158.849609375,51142.19921875,12240.650390625,22952.349609375,37045.19921875,780.5999755859375
2026-03-02,24865.69921875,59839.6484375,22835.94921875,30272.94921875,27540.099609375,50751.6484375,12269.7998046875,22956.69921875,36453.3984375,768.0499877929688
2026-03-04,24480.5,58755.25,22409.80078125,30305.30078125,26867.150390625,49797.5,11779.75,22672.19921875,35589.6015625,744.1500244140625
2026-03-05,24765.900390625,59055.8515625,22697.80078125,30126.80078125,27366.80078125,50000.80078125,12049.2001953125,23005.5,36273.8515625,757.7999877929688
2026-03-06,24450.44921875,57783.25,22481.30078125,30138.400390625,27076.400390625,49970.6015625,12000.4501953125,22970.19921875,36319.6015625,742.0
2026-03-09,24028.05078125,56019.80078125,22056.55078125,30162.05078125,25965.94921875,49192.3984375,11688.7998046875,22933.75,35657.75,732.7999877929688
2026-03-10,24261.599609375,56950.80078125,22342.94921875,30024.05078125,26770.55078125,49603.55078125,11868.5,23253.650390625,36038.94921875,744.1500244140625
2026-03-11,23866.849609375,55735.75,22042.30078125,29651.69921875,25926.0,49059.69921875,11822.099609375,23348.05078125,36138.5,731.4000244140625
2026-03-12,23639.150390625,55100.94921875,21897.5,29579.44921875,25098.0,48189.1484375,11863.900390625,23275.19921875,36834.3515625,719.5
2026-03-13,23151.099609375,53757.8515625,21391.19921875,29071.30078125,24195.099609375,47924.1484375,11292.5,22832.19921875,36071.8515625,709.7999877929688
2026-03-16,23408.80078125,54413.3984375,21498.80078125,29042.55078125,24599.099609375,48468.8515625,11318.0,22547.19921875,35682.05078125,698.6500244140625
2026-03-17,23581.150390625,54876.0,21669.30078125,28760.900390625,25117.099609375,48104.44921875,11637.349609375,22597.55078125,35980.80078125,711.25
2026-03-18,23777.80078125,55326.05078125,21917.400390625,29559.30078125,25598.849609375,48079.0,11625.4501953125,22632.599609375,36141.94921875,730.7999877929688
2026-03-19,23002.150390625,53451.0,21225.80078125,28579.599609375,24509.900390625,46861.94921875,11249.349609375,22101.650390625,35639.3515625,702.9500122070312
2026-03-20,23114.5,53427.05078125,21327.900390625,29199.599609375,24715.900390625,47007.55078125,11412.75,22540.69921875,35908.30078125,696.4000244140625
2026-03-23,22512.650390625,51437.75,20664.25,29147.05078125,23934.75,45837.05078125,10863.4501953125,22053.099609375,34839.44921875,663.4000244140625
2026-03-24,22912.400390625,52605.6484375,21067.0,29648.900390625,24515.25,46408.30078125,11059.150390625,22239.80078125,35082.44921875,673.9500122070312
2026-03-25,23306.44921875,53708.1015625,21478.19921875,29671.30078125,25058.599609375,47283.3515625,11342.2001953125,22679.75,35556.44921875,692.0999755859375
2026-03-27,22819.599609375,52274.6015625,21020.150390625,29541.650390625,24351.94921875,46427.19921875,11161.650390625,22565.599609375,35214.80078125,670.1500244140625
2026-03-30,22331.400390625,50275.3515625,20528.05078125,29062.599609375,23769.599609375,45538.6484375,11138.400390625,22232.25,34849.69921875,651.1500244140625
2026-04-01,22679.400390625,51448.6484375,20935.150390625,29669.05078125,24238.849609375,46135.94921875,11412.0498046875,22011.599609375,35402.8515625,665.0
2026-04-02,22713.099609375,51548.75,20938.349609375,30441.44921875,24089.650390625,46232.1484375,11456.599609375,21808.400390625,35299.3984375,672.0999755859375
2026-04-06,22968.25,52609.1015625,21194.05078125,30636.55078125,24350.400390625,46600.05078125,11583.5,21835.349609375,35388.75,687.0999755859375
2026-04-07,23123.650390625,52716.25,21296.44921875,31403.349609375,24373.30078125,46980.1015625,11762.650390625,21868.69921875,35578.25,698.5999755859375
2026-04-08,23997.349609375,55703.8984375,22137.099609375,31565.80078125,26002.94921875,47704.25,12078.9501953125,21991.19921875,36469.19921875,745.75
2026-04-09,23775.099609375,54821.69921875,22037.5,31636.19921875,25901.900390625,47640.69921875,12229.7001953125,22135.400390625,36768.25,743.75
2026-04-10,24050.599609375,55912.75,22346.75,31030.599609375,26640.900390625,48194.05078125,12356.400390625,22164.849609375,37174.6015625,759.25
2026-04-13,23842.650390625,55605.05078125,22179.05078125,30669.80078125,26084.55078125,47570.3984375,12329.2998046875,22100.099609375,37195.05078125,757.2000122070312
2026-04-15,24231.30078125,56301.94921875,22595.55078125,31539.75,26483.099609375,48290.3984375,12548.0,22435.650390625,37993.5,776.5499877929688
2026-04-16,24196.75,56086.3984375,22656.30078125,31817.5,26382.75,48377.8984375,12740.2001953125,22465.0,38184.75,779.5499877929688
2026-04-17,24353.55078125,56565.69921875,22869.400390625,31809.849609375,26435.0,49657.75,12880.0,22497.25,38881.75,786.9000244140625
2026-04-20,24364.849609375,56582.3515625,22865.80078125,31585.75,26522.30078125,49555.75,12829.650390625,22456.75,39184.69921875,782.0499877929688
2026-04-21,24576.599609375,57371.44921875,23042.349609375,31729.099609375,26625.19921875,50820.1015625,12835.0,22438.44921875,39337.19921875,798.75
2026-04-22,24378.099609375,57124.44921875,22991.5,30496.25,26450.25,51199.0,12892.2001953125,22455.44921875,39896.69921875,803.3499755859375
2026-04-23,24173.05078125,56305.0,22810.849609375,30124.30078125,25828.099609375,51140.5,12786.25,22986.349609375,39996.75,788.6500244140625
2026-04-24,23897.94921875,56089.75,22570.05078125,28530.599609375,25652.849609375,50766.25,12746.650390625,22580.099609375,39903.75,778.0
2026-04-27,24092.69921875,56264.30078125,22821.400390625,29159.150390625,26053.150390625,51046.5,12980.849609375,23171.849609375,40496.69921875,797.1500244140625
2026-04-28,23995.69921875,55400.3515625,22765.599609375,28959.900390625,25790.349609375,50882.75,13046.4501953125,23158.150390625,40990.69921875,793.8499755859375
2026-04-29,24177.650390625,55403.6015625,22871.0,29245.25,26085.75,51771.80078125,13111.349609375,23260.849609375,40961.3984375,805.5999755859375
2026-04-30,23997.55078125,54863.3515625,22683.55078125,29353.900390625,25917.599609375,51072.1015625,12833.0498046875,23267.69921875,40771.8984375,793.5499877929688
2026-05-04,24119.30078125,54878.5,22830.75,29076.150390625,26027.69921875,51266.0,12972.7001953125,23475.55078125,40970.05078125,812.7000122070312
2026-05-05,24032.80078125,54547.05078125,22808.25,29107.30078125,26192.099609375,51593.55078125,12989.599609375,23568.94921875,40990.0,801.25
2026-05-06,24330.94921875,55981.05078125,23133.400390625,29267.94921875,26823.0,51460.55078125,13129.5498046875,24110.30078125,40806.6484375,822.2999877929688
2026-05-07,24326.650390625,56047.3984375,23214.0,29043.5,27339.94921875,51068.44921875,13165.400390625,24135.5,41141.94921875,827.5
2026-05-08,24176.150390625,55310.55078125,23115.650390625,29394.19921875,27259.849609375,51165.8984375,13050.9501953125,24110.30078125,40795.80078125,823.5999755859375
2026-05-11,23815.849609375,54439.8984375,22795.75,29329.44921875,26753.400390625,51205.6484375,12926.400390625,24170.44921875,40043.30078125,798.5
2026-05-12,23379.55078125,53555.19921875,22299.900390625,28234.900390625,26142.599609375,50453.8984375,12881.400390625,23840.900390625,39542.3515625,765.7000122070312
2026-05-13,23412.599609375,53456.1484375,22377.349609375,27916.650390625,25888.94921875,50604.8515625,13290.7998046875,23896.05078125,39819.69921875,764.25
2026-05-14,23689.599609375,54128.94921875,22613.099609375,27360.349609375,26049.69921875,50779.1484375,13562.25,24551.05078125,40080.1484375,770.0999755859375
2026-05-15,23643.5,53710.3515625,22531.150390625,27716.900390625,26070.69921875,51051.3515625,13300.599609375,24634.80078125,39816.8515625,756.2999877929688
2026-05-18,23649.94921875,53537.0,22461.05078125,28389.80078125,25624.30078125,50900.1015625,13169.9501953125,24762.849609375,39519.5,751.9500122070312
2026-05-19,23618.0,53409.1484375,22521.75,29308.0,25698.80078125,50883.3515625,13163.75,24867.400390625,39569.1015625,762.7000122070312
2026-05-20,23659.0,53562.19921875,22578.150390625,29185.150390625,25914.349609375,50520.55078125,13186.5,24843.150390625,40154.94921875,767.0499877929688
2026-05-21,23654.69921875,53439.3984375,22602.849609375,29021.099609375,25986.25,50263.55078125,13213.5,24890.900390625,40277.80078125,775.0999755859375
2026-05-22,23719.30078125,54055.3515625,22651.30078125,28912.5,26017.099609375,50249.80078125,13271.599609375,24573.94921875,40237.6015625,774.4000244140625
2026-05-25,24031.69921875,55293.6484375,22929.44921875,28979.849609375,26463.05078125,50157.75,13345.650390625,24674.69921875,40578.80078125,786.0499877929688
2026-05-26,23913.69921875,55092.8984375,22897.19921875,28978.5,26480.5,50227.3515625,13492.5498046875,24659.19921875,40814.6015625,782.0
2026-05-27,23907.150390625,54853.8515625,22967.400390625,28906.69921875,26864.19921875,50141.8984375,13718.2998046875,24716.0,41535.75,784.5499877929688
2026-05-29,23547.75,54239.19921875,22657.0,29080.150390625,26338.44921875,49383.3515625,13440.9501953125,24345.80078125,40878.0,782.5499877929688
2026-06-01,23382.599609375,53643.1015625,22437.94921875,29854.25,25891.900390625,48247.69921875,13506.5498046875,24214.25,40253.6484375,768.2000122070312
2026-06-02,23483.55078125,53714.6484375,22521.099609375,31116.55078125,26079.44921875,48612.80078125,13557.650390625,24006.30078125,40189.6484375,773.3499755859375
2026-06-03,23405.599609375,54185.94921875,22451.849609375,29384.44921875,26092.80078125,48123.94921875,13535.2001953125,24086.599609375,40196.8515625,762.5999755859375
2026-06-04,23416.55078125,54307.8515625,22497.69921875,29300.599609375,26144.349609375,48216.0,13436.0,24177.94921875,40445.75,764.5999755859375
2026-06-05,23366.69921875,54496.25,22465.349609375,29010.30078125,26165.94921875,48302.44921875,13221.650390625,24248.05078125,40346.1015625,768.9000244140625
2026-06-08,23123.0,54063.75,22173.69921875,28653.55078125,25681.80078125,48098.6484375,12913.650390625,24147.650390625,39685.44921875,749.2000122070312
2026-06-09,23242.099609375,55194.5,22370.150390625,28516.25,26025.650390625,48447.3984375,12987.099609375,24290.30078125,39752.94921875,761.4000244140625
2026-06-10,23214.94921875,55100.30078125,22233.849609375,28279.94921875,25833.55078125,48957.0,12766.4501953125,24160.75,38949.30078125,748.1500244140625
2026-06-11,23161.599609375,55176.75,22114.44921875,27821.05078125,25790.349609375,48521.80078125,12733.599609375,24306.94921875,38655.8984375,743.3499755859375
2026-06-12,23622.900390625,56814.80078125,22599.80078125,27795.75,26293.849609375,48827.6015625,12854.5,24380.05078125,39244.44921875,769.5999755859375
2026-06-15,23853.900390625,57198.80078125,22891.30078125,28067.900390625,26977.5,49043.3984375,13083.849609375,24220.099609375,39493.94921875,800.0499877929688
2026-06-16,23989.150390625,57297.1484375,22997.25,28568.099609375,26891.55078125,49642.3984375,12881.5,24157.849609375,39915.3984375,818.0999755859375
2026-06-17,24085.69921875,57585.05078125,23109.69921875,28809.55078125,26724.400390625,49556.05078125,13011.400390625,24146.55078125,40238.44921875,814.5999755859375
2026-06-18,24168.0,57963.80078125,23206.44921875,28466.44921875,26746.400390625,49654.5,13010.400390625,24282.19921875,40457.30078125,820.2000122070312
2026-06-19,24013.099609375,57685.75,23144.19921875,27426.849609375,26583.349609375,49558.69921875,13020.7998046875,24460.30078125,40548.1015625,811.9000244140625
2026-06-22,24102.900390625,57935.6015625,23261.849609375,27628.55078125,26703.44921875,49355.1015625,13091.2001953125,24762.900390625,40773.80078125,815.1500244140625
2026-06-23,23824.099609375,57183.75,23010.94921875,27012.05078125,26496.5,49059.05078125,12669.099609375,24989.94921875,40268.69921875,806.0499877929688
2026-06-24,24021.650390625,58150.3515625,23126.30078125,27566.69921875,26384.349609375,49085.1015625,12618.75,25018.94921875,39908.3984375,823.5499877929688
2026-06-25,24056.0,58177.05078125,23113.69921875,27330.849609375,26977.75,49419.25,12445.650390625,24969.5,39637.0,826.25
2026-06-29,23946.25,57727.3515625,23000.0,27038.5,26417.599609375,49127.6484375,12545.0,25227.900390625,39718.0,818.8499755859375
2026-06-30,23865.75,57542.8984375,22995.650390625,26299.05078125,26479.80078125,48794.19921875,12519.150390625,25326.400390625,39740.5,829.5499877929688
2026-07-01,24005.849609375,58033.05078125,23111.650390625,25769.80078125,26783.19921875,49806.80078125,12394.75,25182.69921875,39764.8515625,859.25
2026-07-02,24175.69921875,58031.6484375,23264.80078125,26965.05078125,27108.19921875,50084.69921875,12503.900390625,25308.900390625,39707.0,871.7000122070312
2026-07-03,24270.849609375,57938.5,23301.150390625,27439.400390625,26988.099609375,50096.3984375,12598.4501953125,25745.150390625,39178.6015625,890.7999877929688
